t_sigma,phase,psi6_global,psi6_local,mean_neighbors
0.000000,hold,0.997190,0.997253,4.8800
0.250000,hold,0.985117,0.988286,4.8800
0.500000,hold,0.984767,0.987294,4.8800
0.750000,hold,0.981936,0.985143,4.8800
1.000000,hold,0.981749,0.985207,4.8800
1.250000,hold,0.979897,0.982955,4.8800
1.500000,hold,0.983932,0.987373,4.8800
1.750000,hold,0.980260,0.983745,4.8800
2.000000,hold,0.984668,0.987682,4.8800
2.250000,hold,0.979622,0.984011,4.8800
2.500000,hold,0.981085,0.984704,4.8800
2.750000,hold,0.979468,0.983171,4.8800
3.000000,hold,0.983112,0.986256,4.8800
3.250000,hold,0.983132,0.985600,4.8800
3.500000,hold,0.979178,0.983235,4.8800
3.750000,hold,0.980094,0.984136,4.8800
4.000000,hold,0.986535,0.988368,4.8800
4.250000,hold,0.986341,0.988691,4.8800
4.500000,hold,0.977343,0.981064,4.8800
4.750000,hold,0.979645,0.983905,4.8800
5.000000,hold,0.983344,0.986098,4.8800
5.250000,hold,0.982921,0.986096,4.8800
5.500000,hold,0.983288,0.986599,4.8800
5.750000,hold,0.979015,0.983684,4.8800
6.000000,hold,0.986224,0.988747,4.8800
6.250000,hold,0.983799,0.986175,4.8800
6.500000,hold,0.980170,0.984124,4.8800
6.750000,hold,0.983130,0.987246,4.8800
7.000000,hold,0.984047,0.987498,4.8800
7.250000,hold,0.982922,0.985971,4.8800
7.500000,hold,0.987377,0.989364,4.8800
7.750000,hold,0.982126,0.985037,4.8800
8.000000,hold,0.979715,0.983417,4.8800
8.250000,hold,0.979081,0.982845,4.8800
8.500000,hold,0.982478,0.985743,4.8800
8.750000,hold,0.985301,0.988135,4.8800
9.000000,hold,0.981919,0.986540,4.8800
9.250000,hold,0.981061,0.984856,4.8800
9.500000,hold,0.983615,0.986538,4.8800
9.750000,hold,0.976846,0.982295,4.8800
10.000000,hold,0.982602,0.986831,4.8800
10.250000,hold,0.986083,0.987751,4.8800
10.500000,hold,0.982964,0.985999,4.8800
10.750000,hold,0.982137,0.985642,4.8800
11.000000,hold,0.982958,0.986138,4.8800
11.250000,hold,0.985009,0.987997,4.8800
11.500000,hold,0.983540,0.986389,4.8800
11.750000,hold,0.983504,0.986617,4.8800
12.000000,hold,0.982648,0.985929,4.8800
12.250000,hold,0.976924,0.981513,4.8800
12.500000,hold,0.983536,0.986534,4.8800
12.750000,hold,0.984131,0.986930,4.8800
13.000000,hold,0.979774,0.984176,4.8800
13.250000,hold,0.981789,0.984840,4.8800
13.500000,hold,0.977202,0.980916,4.8800
13.750000,hold,0.974273,0.978566,4.8800
14.000000,hold,0.983824,0.987216,4.8800
14.250000,hold,0.980309,0.984255,4.8800
14.500000,hold,0.980513,0.984254,4.8800
14.750000,hold,0.981383,0.984844,4.8800
15.000000,hold,0.982473,0.985752,4.8800
15.250000,hold,0.986712,0.988840,4.8800
15.500000,hold,0.983667,0.986149,4.8800
15.750000,hold,0.980162,0.983702,4.8800
16.000000,hold,0.983209,0.985868,4.8800
16.250000,hold,0.985496,0.987829,4.8800
16.500000,hold,0.979686,0.983986,4.8800
16.750000,hold,0.982651,0.985858,4.8800
17.000000,hold,0.986753,0.988973,4.8800
17.250000,hold,0.983235,0.985900,4.8800
17.500000,hold,0.978478,0.982613,4.8800
17.750000,hold,0.980501,0.984625,4.8800
18.000000,hold,0.982341,0.985568,4.8800
18.250000,hold,0.982794,0.986759,4.8800
18.500000,hold,0.981003,0.985969,4.8800
18.750000,hold,0.984389,0.986882,4.8800
19.000000,hold,0.978722,0.983789,4.8800
19.250000,hold,0.982892,0.985869,4.8800
19.500000,hold,0.983255,0.985724,4.8800
19.750000,hold,0.986162,0.988986,4.8800
20.000000,hold,0.985529,0.988170,4.8800
20.250000,hold,0.984417,0.986989,4.8800
20.500000,hold,0.982214,0.984989,4.8800
20.750000,hold,0.976274,0.981707,4.8800
21.000000,hold,0.984508,0.987520,4.8800
21.250000,hold,0.983546,0.986977,4.8800
21.500000,hold,0.982945,0.986220,4.8800
21.750000,hold,0.983154,0.985997,4.8800
22.000000,hold,0.979813,0.984561,4.8800
22.250000,hold,0.979266,0.983018,4.8800
22.500000,hold,0.978891,0.982619,4.8800
22.750000,hold,0.977462,0.983772,4.8800
23.000000,hold,0.983754,0.986878,4.8800
23.250000,hold,0.980434,0.984648,4.8800
23.500000,hold,0.973866,0.979485,4.8800
23.750000,hold,0.984231,0.986274,4.8800
24.000000,hold,0.984844,0.987245,4.8800
24.250000,hold,0.980726,0.983725,4.8800
24.500000,hold,0.981449,0.985224,4.8800
24.750000,hold,0.977550,0.981538,4.8800
25.000000,hold,0.980764,0.985666,4.8800
25.250000,hold,0.978995,0.983834,4.8800
25.500000,hold,0.981139,0.985007,4.8800
25.750000,hold,0.979900,0.984120,4.8800
26.000000,hold,0.987004,0.989034,4.8800
26.250000,hold,0.979160,0.983127,4.8800
26.500000,hold,0.982617,0.985806,4.8800
26.750000,hold,0.977703,0.982011,4.8800
27.000000,hold,0.981014,0.984792,4.8800
27.250000,hold,0.980712,0.984515,4.8800
27.500000,hold,0.979401,0.983197,4.8800
27.750000,hold,0.979979,0.983926,4.8800
28.000000,hold,0.982660,0.985690,4.8800
28.250000,hold,0.980190,0.984220,4.8800
28.500000,hold,0.979035,0.983227,4.8800
28.750000,hold,0.985364,0.988263,4.8800
29.000000,hold,0.976974,0.981751,4.8800
29.250000,hold,0.980141,0.983871,4.8800
29.500000,hold,0.974679,0.979460,4.8800
29.750000,hold,0.984334,0.987539,4.8800
30.000000,hold,0.984510,0.987664,4.8800
30.250000,hold,0.978405,0.983031,4.8800
30.500000,hold,0.979167,0.983114,4.8800
30.750000,hold,0.984086,0.987818,4.8800
31.000000,hold,0.983831,0.986584,4.8800
31.250000,hold,0.982972,0.986930,4.8800
31.500000,hold,0.983994,0.986692,4.8800
31.750000,hold,0.984516,0.987896,4.8800
32.000000,hold,0.980108,0.984339,4.8800
32.250000,hold,0.982676,0.985899,4.8800
32.500000,hold,0.980687,0.984339,4.8800
32.750000,hold,0.978140,0.983211,4.8800
33.000000,hold,0.982019,0.985634,4.8800
33.250000,hold,0.983707,0.987292,4.8800
33.500000,hold,0.979342,0.985057,4.8800
33.750001,hold,0.981875,0.985414,4.8800
34.000001,hold,0.984662,0.987710,4.8800
34.250001,hold,0.985888,0.988884,4.8800
34.500001,hold,0.979732,0.983137,4.8800
34.750001,hold,0.979190,0.982578,4.8800
35.000001,hold,0.982250,0.986063,4.8800
35.250001,hold,0.984325,0.987158,4.8800
35.500001,hold,0.983141,0.985735,4.8800
35.750001,hold,0.978748,0.983498,4.8800
36.000001,hold,0.984209,0.987567,4.8800
36.250001,hold,0.984925,0.986830,4.8800
36.500001,hold,0.983190,0.986254,4.8800
36.750001,hold,0.985603,0.987812,4.8800
37.000001,hold,0.983323,0.987208,4.8800
37.250001,hold,0.984362,0.986748,4.8800
37.500001,hold,0.985301,0.988213,4.8800
37.750001,hold,0.981396,0.985551,4.8800
38.000001,hold,0.982288,0.985613,4.8800
38.250001,hold,0.987494,0.989392,4.8800
38.500001,hold,0.985637,0.987656,4.8800
38.750001,hold,0.984367,0.987449,4.8800
39.000001,hold,0.980724,0.984118,4.8800
39.250001,hold,0.988649,0.990634,4.8800
39.500001,hold,0.977690,0.981706,4.8800
39.750001,hold,0.977145,0.981817,4.8800
40.000001,hold,0.980283,0.983976,4.8800
40.250001,hold,0.975123,0.980728,4.8800
40.500001,hold,0.978252,0.981936,4.8800
40.750001,hold,0.986724,0.988970,4.8800
41.000001,hold,0.981398,0.984479,4.8800
41.250001,hold,0.981444,0.985300,4.8800
41.500001,hold,0.975231,0.980335,4.8800
41.750001,hold,0.982774,0.986025,4.8800
42.000001,hold,0.981462,0.985689,4.8800
42.250001,hold,0.983174,0.986960,4.8800
42.500001,hold,0.981785,0.984952,4.8800
42.750001,hold,0.977549,0.981714,4.8800
43.000001,hold,0.980485,0.984483,4.8800
43.250001,hold,0.982921,0.986057,4.8800
43.500001,hold,0.979092,0.983288,4.8800
43.750001,hold,0.981193,0.984752,4.8800
44.000001,hold,0.982991,0.985843,4.8800
44.250001,hold,0.974450,0.980341,4.8800
44.500001,hold,0.982248,0.986294,4.8800
44.750001,hold,0.984817,0.988243,4.8800
45.000001,hold,0.981317,0.984808,4.8800
45.250001,hold,0.985650,0.988736,4.8800
45.500001,hold,0.982007,0.985650,4.8800
45.750001,hold,0.982498,0.985631,4.8800
46.000001,hold,0.982884,0.985847,4.8800
46.250001,hold,0.984156,0.986948,4.8800
46.500001,hold,0.982886,0.984898,4.8800
46.750001,hold,0.974918,0.979649,4.8800
47.000001,hold,0.974045,0.978809,4.8800
47.250001,hold,0.983440,0.986309,4.8800
47.500001,hold,0.980983,0.984411,4.8800
47.750001,hold,0.980461,0.984601,4.8800
48.000001,hold,0.979048,0.982979,4.8800
48.250001,hold,0.986251,0.988580,4.8800
48.500001,hold,0.987796,0.990014,4.8800
48.750001,hold,0.982812,0.985592,4.8800
49.000001,hold,0.973654,0.980058,4.8800
49.250001,hold,0.959599,0.969567,4.8800
49.500001,hold,0.980236,0.984704,4.8800
49.750001,hold,0.977978,0.983430,4.8800
50.000001,hold,0.986205,0.988649,4.8800
50.250001,hold,0.981197,0.984994,4.8800
50.500001,hold,0.984846,0.988413,4.8800
50.750001,hold,0.987130,0.989334,4.8800
51.000001,hold,0.982876,0.986481,4.8800
51.250001,hold,0.980852,0.985765,4.8800
51.500001,hold,0.980434,0.984294,4.8800
51.750001,hold,0.978883,0.983269,4.8800
52.000001,hold,0.980910,0.984136,4.8800
52.250001,hold,0.985120,0.988114,4.8800
52.500001,hold,0.985454,0.988431,4.8800
52.750001,hold,0.987718,0.990246,4.8800
53.000001,hold,0.986870,0.989305,4.8800
53.250001,hold,0.981202,0.983850,4.8800
53.500001,hold,0.982121,0.986159,4.8800
53.750001,hold,0.984859,0.987185,4.8800
54.000001,hold,0.977992,0.982085,4.8800
54.250001,hold,0.973724,0.980171,4.8800
54.500001,hold,0.987172,0.989769,4.8800
54.750001,hold,0.984759,0.987254,4.8800
55.000001,hold,0.979387,0.983699,4.8800
55.250001,hold,0.973792,0.980327,4.8800
55.500001,hold,0.985279,0.988046,4.8800
55.750001,hold,0.982821,0.986472,4.8800
56.000001,hold,0.981018,0.985380,4.8800
56.250001,hold,0.984733,0.988190,4.8800
56.500001,hold,0.987862,0.989431,4.8800
56.750001,hold,0.983497,0.986879,4.8800
57.000001,hold,0.981803,0.985595,4.8800
57.250001,hold,0.979729,0.983443,4.8800
57.500001,hold,0.984166,0.987529,4.8800
57.750001,hold,0.979989,0.983421,4.8800
58.000001,hold,0.983589,0.986753,4.8800
58.250001,hold,0.978323,0.983700,4.8800
58.500001,hold,0.983743,0.987215,4.8800
58.750001,hold,0.984928,0.988032,4.8800
59.000001,hold,0.983249,0.985924,4.8800
59.250001,hold,0.982266,0.984874,4.8800
59.500001,hold,0.984229,0.986678,4.8800
59.750001,hold,0.981632,0.985421,4.8800
60.000001,hold,0.979961,0.983199,4.8800
60.250001,hold,0.977829,0.982140,4.8800
60.500001,hold,0.978317,0.982488,4.8800
60.750001,hold,0.977231,0.982103,4.8800
61.000001,hold,0.983747,0.986782,4.8800
61.250001,hold,0.977476,0.981848,4.8800
61.500001,hold,0.981103,0.984236,4.8800
61.750001,hold,0.978645,0.983236,4.8800
62.000001,hold,0.980669,0.984686,4.8800
62.250001,hold,0.984374,0.987427,4.8800
62.500001,hold,0.978079,0.983433,4.8800
62.750001,hold,0.983982,0.986035,4.8800
63.000001,hold,0.983272,0.986092,4.8800
63.250001,hold,0.979707,0.983622,4.8800
63.500001,hold,0.984499,0.987752,4.8800
63.750001,hold,0.976820,0.982139,4.8800
64.000001,hold,0.978213,0.982710,4.8800
64.250001,hold,0.984567,0.987389,4.8800
64.500001,hold,0.981238,0.985491,4.8800
64.750001,hold,0.964221,0.971472,4.8800
65.000001,hold,0.983230,0.986651,4.8800
65.250001,hold,0.986465,0.988764,4.8800
65.500001,hold,0.982612,0.986427,4.8800
65.750001,hold,0.984139,0.987257,4.8800
66.000001,hold,0.987401,0.989846,4.8800
66.250001,hold,0.983492,0.986641,4.8800
66.500001,hold,0.973732,0.979512,4.8800
66.750001,hold,0.982603,0.985882,4.8800
67.000001,hold,0.978968,0.983818,4.8800
67.250001,hold,0.980852,0.984538,4.8800
67.500001,hold,0.975719,0.980483,4.8800
67.750001,hold,0.981935,0.985117,4.8800
68.000001,hold,0.987098,0.988795,4.8800
68.250001,hold,0.981548,0.985304,4.8800
68.500001,hold,0.977557,0.982436,4.8800
68.750001,hold,0.985042,0.987832,4.8800
69.000001,hold,0.983018,0.986217,4.8800
69.250001,hold,0.978384,0.982734,4.8800
69.500001,hold,0.981610,0.984996,4.8800
69.750001,hold,0.983501,0.986334,4.8800
70.000001,hold,0.984234,0.987139,4.8800
70.250001,hold,0.981823,0.984605,4.8800
70.500001,hold,0.982196,0.985359,4.8800
70.750001,hold,0.978138,0.983410,4.8800
71.000001,hold,0.981406,0.984469,4.8800
71.250001,hold,0.984867,0.987632,4.8800
71.500001,hold,0.984153,0.987884,4.8800
71.750001,hold,0.980092,0.983275,4.8800
72.000001,hold,0.983366,0.985971,4.8800
72.250001,hold,0.984199,0.987724,4.8800
72.500001,hold,0.980273,0.983847,4.8800
72.750001,hold,0.987302,0.990088,4.8800
73.000001,hold,0.984287,0.987124,4.8800
73.250001,hold,0.982446,0.984813,4.8800
73.500001,hold,0.986983,0.989530,4.8800
73.750001,hold,0.979378,0.984358,4.8800
74.000001,hold,0.983284,0.986409,4.8800
74.250001,hold,0.981822,0.984714,4.8800
74.500001,hold,0.977690,0.982366,4.8800
74.750001,hold,0.970115,0.979901,4.8800
75.000001,hold,0.979834,0.983279,4.8800
75.250001,hold,0.984320,0.987687,4.8800
75.500001,hold,0.981339,0.984440,4.8800
75.750001,hold,0.981578,0.986081,4.8800
76.000001,hold,0.980501,0.984133,4.8800
76.250001,hold,0.983621,0.986653,4.8800
76.500001,hold,0.979472,0.983771,4.8800
76.750001,hold,0.976244,0.981250,4.8800
77.000001,hold,0.975324,0.980865,4.8800
77.250001,hold,0.982199,0.985491,4.8800
77.500001,hold,0.980103,0.984817,4.8800
77.750001,hold,0.982605,0.986844,4.8800
78.000001,hold,0.981829,0.985312,4.8800
78.250001,hold,0.983585,0.987013,4.8800
78.500001,hold,0.980241,0.983421,4.8800
78.750001,hold,0.981881,0.985257,4.8800
79.000001,hold,0.981320,0.984921,4.8800
79.250001,hold,0.982957,0.986589,4.8800
79.500001,hold,0.981259,0.984382,4.8800
79.750001,hold,0.982654,0.985629,4.8800
80.000001,hold,0.980929,0.984045,4.8800
80.250001,hold,0.983067,0.986306,4.8800
80.500001,hold,0.984546,0.987672,4.8800
80.750001,hold,0.984542,0.987351,4.8800
81.000001,hold,0.979060,0.982900,4.8800
81.250001,hold,0.978322,0.983406,4.8800
81.500001,hold,0.978993,0.983521,4.8800
81.750001,hold,0.985547,0.987969,4.8800
82.000001,hold,0.982988,0.986258,4.8800
82.250001,hold,0.985006,0.988337,4.8800
82.500001,hold,0.976443,0.981190,4.8800
82.750001,hold,0.978557,0.983624,4.8800
83.000001,hold,0.983066,0.986513,4.8800
83.250001,hold,0.984639,0.987124,4.8800
83.500001,hold,0.980909,0.984509,4.8800
83.750001,hold,0.985574,0.988069,4.8800
84.000001,hold,0.987218,0.989861,4.8800
84.250001,hold,0.983314,0.987277,4.8800
84.500001,hold,0.982239,0.986569,4.8800
84.750001,hold,0.978913,0.982444,4.8800
85.000001,hold,0.983050,0.986656,4.8800
85.250001,hold,0.980015,0.983231,4.8800
85.500001,hold,0.978970,0.983160,4.8800
85.750001,hold,0.982299,0.985977,4.8800
86.000001,hold,0.982847,0.985917,4.8800
86.250001,hold,0.979917,0.984145,4.8800
86.500001,hold,0.982522,0.985649,4.8800
86.750001,hold,0.979940,0.984494,4.8800
87.000001,hold,0.970605,0.975294,4.8800
87.250001,hold,0.983848,0.986842,4.8800
87.500001,hold,0.982617,0.985900,4.8800
87.750001,hold,0.982840,0.985103,4.8800
88.000001,hold,0.983238,0.987201,4.8800
88.250001,hold,0.983871,0.987036,4.8800
88.500001,hold,0.985761,0.988538,4.8800
88.750001,hold,0.978993,0.983108,4.8800
89.000001,hold,0.985800,0.988509,4.8800
89.250001,hold,0.987590,0.990539,4.8800
89.500001,hold,0.981990,0.984880,4.8800
89.750001,hold,0.975463,0.981486,4.8800
90.000001,hold,0.979667,0.982927,4.8800
90.250001,hold,0.987017,0.988850,4.8800
90.500001,hold,0.969003,0.977001,4.8800
90.750001,hold,0.979619,0.983742,4.8800
91.000001,hold,0.981164,0.985326,4.8800
91.250001,hold,0.985882,0.988486,4.8800
91.500001,hold,0.982523,0.985747,4.8800
91.750001,hold,0.987153,0.989819,4.8800
92.000001,hold,0.980264,0.983735,4.8800
92.250001,hold,0.982880,0.986496,4.8800
92.500001,hold,0.982377,0.985597,4.8800
92.750001,hold,0.981029,0.983755,4.8800
93.000001,hold,0.984637,0.987243,4.8800
93.250001,hold,0.982433,0.985831,4.8800
93.500001,hold,0.984571,0.988115,4.8800
93.750001,hold,0.982260,0.986111,4.8800
94.000001,hold,0.986470,0.988853,4.8800
94.250001,hold,0.983376,0.986519,4.8800
94.500001,hold,0.981714,0.985166,4.8800
94.750001,hold,0.979841,0.984708,4.8800
95.000001,hold,0.975751,0.979790,4.8800
95.250001,hold,0.977554,0.982095,4.8800
95.500001,hold,0.986416,0.989496,4.8800
95.750001,hold,0.978185,0.982984,4.8800
96.000001,hold,0.981195,0.985015,4.8800
96.250001,hold,0.980810,0.984426,4.8800
96.500001,hold,0.987023,0.989433,4.8800
96.750001,hold,0.985082,0.987726,4.8800
97.000001,hold,0.984663,0.987369,4.8800
97.250001,hold,0.984621,0.987573,4.8800
97.500001,hold,0.983573,0.986793,4.8800
97.750001,hold,0.980637,0.983948,4.8800
98.000001,hold,0.982745,0.985466,4.8800
98.250001,hold,0.983016,0.986882,4.8800
98.500001,hold,0.982191,0.985507,4.8800
98.750001,hold,0.984404,0.987632,4.8800
99.000001,hold,0.984939,0.987731,4.8800
99.250001,hold,0.979209,0.984212,4.8800
99.500001,hold,0.975517,0.980074,4.8800
99.750001,hold,0.978319,0.982007,4.8800
100.000001,hold,0.983452,0.985806,4.8800
100.250001,hold,0.981196,0.985765,4.8800
100.500001,hold,0.985213,0.987979,4.8800
100.750002,hold,0.983197,0.985989,4.8800
101.000002,hold,0.979794,0.982925,4.8800
101.250002,hold,0.978731,0.983690,4.8800
101.500002,hold,0.975409,0.979722,4.8800
101.750002,hold,0.979262,0.982837,4.8800
102.000002,hold,0.984015,0.986888,4.8800
102.250002,hold,0.971746,0.976996,4.8800
102.500002,hold,0.983163,0.986269,4.8800
102.750002,hold,0.985202,0.988146,4.8800
103.000002,hold,0.982137,0.986189,4.8800
103.250002,hold,0.978120,0.982661,4.8800
103.500002,hold,0.981196,0.984560,4.8800
103.750002,hold,0.980404,0.982922,4.8800
104.000002,hold,0.981285,0.984894,4.8800
104.250002,hold,0.983852,0.986521,4.8800
104.500002,hold,0.984788,0.987728,4.8800
104.750002,hold,0.982003,0.985439,4.8800
105.000002,hold,0.983279,0.987025,4.8800
105.250002,hold,0.982170,0.985085,4.8800
105.500002,hold,0.984909,0.987434,4.8800
105.750002,hold,0.980504,0.983368,4.8800
106.000002,hold,0.981777,0.985841,4.8800
106.250002,hold,0.982319,0.985908,4.8800
106.500002,hold,0.983200,0.985497,4.8800
106.750002,hold,0.980608,0.984335,4.8800
107.000002,hold,0.982157,0.985064,4.8800
107.250002,hold,0.982879,0.985772,4.8800
107.500002,hold,0.980173,0.984302,4.8800
107.750002,hold,0.983666,0.987227,4.8800
108.000002,hold,0.979945,0.984317,4.8800
108.250002,hold,0.980496,0.985187,4.8800
108.500002,hold,0.984153,0.987005,4.8800
108.750002,hold,0.985217,0.988125,4.8800
109.000002,hold,0.980776,0.983971,4.8800
109.250002,hold,0.978559,0.982727,4.8800
109.500002,hold,0.975398,0.981255,4.8800
109.750002,hold,0.983841,0.986959,4.8800
110.000002,hold,0.982444,0.985612,4.8800
110.250002,hold,0.983206,0.986774,4.8800
110.500002,hold,0.982057,0.985759,4.8800
110.750002,hold,0.978629,0.981996,4.8800
111.000002,hold,0.978674,0.981929,4.8800
111.250002,hold,0.981645,0.985099,4.8800
111.500002,hold,0.985704,0.988057,4.8800
111.750002,hold,0.979328,0.982974,4.8800
112.000002,hold,0.986647,0.988529,4.8800
112.250002,hold,0.977773,0.982042,4.8800
112.500002,hold,0.983989,0.986952,4.8800
112.750002,hold,0.978083,0.981684,4.8800
113.000002,hold,0.984642,0.987739,4.8800
113.250002,hold,0.985366,0.987611,4.8800
113.500002,hold,0.978975,0.983721,4.8800
113.750002,hold,0.987368,0.989863,4.8800
114.000002,hold,0.981181,0.984832,4.8800
114.250002,hold,0.982285,0.985476,4.8800
114.500002,hold,0.980552,0.985175,4.8800
114.750002,hold,0.980517,0.984881,4.8800
115.000002,hold,0.980735,0.983455,4.8800
115.250002,hold,0.986250,0.988509,4.8800
115.500002,hold,0.982181,0.985553,4.8800
115.750002,hold,0.987142,0.989494,4.8800
116.000002,hold,0.983606,0.986046,4.8800
116.250002,hold,0.976748,0.980819,4.8800
116.500002,hold,0.984030,0.986436,4.8800
116.750002,hold,0.984677,0.987210,4.8800
117.000002,hold,0.980466,0.984343,4.8800
117.250002,hold,0.983903,0.986974,4.8800
117.500002,hold,0.983659,0.986488,4.8800
117.750002,hold,0.981308,0.984878,4.8800
118.000002,hold,0.977438,0.982386,4.8800
118.250002,hold,0.980318,0.984063,4.8800
118.500002,hold,0.984048,0.987276,4.8800
118.750002,hold,0.978741,0.982899,4.8800
119.000002,hold,0.982528,0.985242,4.8800
119.250002,hold,0.981131,0.984765,4.8800
119.500002,hold,0.980559,0.984575,4.8800
119.750002,hold,0.982964,0.985624,4.8800
120.000002,hold,0.984137,0.986942,4.8800
120.250002,hold,0.977429,0.981738,4.8800
120.500002,hold,0.980473,0.983584,4.8800
120.750002,hold,0.982245,0.984656,4.8800
121.000002,hold,0.983400,0.986836,4.8800
121.250002,hold,0.985261,0.987923,4.8800
121.500002,hold,0.986326,0.989155,4.8800
121.750002,hold,0.978888,0.983381,4.8800
122.000002,hold,0.986021,0.988280,4.8800
122.250002,hold,0.987444,0.989630,4.8800
122.500002,hold,0.981827,0.985256,4.8800
122.750002,hold,0.982768,0.986916,4.8800
123.000002,hold,0.985115,0.987647,4.8800
123.250002,hold,0.984725,0.987834,4.8800
123.500002,hold,0.985648,0.988805,4.8800
123.750002,hold,0.984049,0.986818,4.8800
124.000002,hold,0.984511,0.986963,4.8800
124.250002,hold,0.983001,0.986442,4.8800
124.500002,hold,0.986603,0.988632,4.8800
124.750002,hold,0.986718,0.988781,4.8800
125.000002,hold,0.983349,0.986886,4.8800
125.250002,hold,0.975503,0.980418,4.8800
125.500002,hold,0.983919,0.986665,4.8800
125.750002,hold,0.985990,0.988867,4.8800
126.000002,hold,0.977960,0.982869,4.8800
126.250002,hold,0.987081,0.989655,4.8800
126.500002,hold,0.979292,0.983932,4.8800
126.750002,hold,0.982064,0.985742,4.8800
127.000002,hold,0.982710,0.985930,4.8800
127.250002,hold,0.985738,0.988021,4.8800
127.500002,hold,0.984032,0.986618,4.8800
127.750002,hold,0.982675,0.986323,4.8800
128.000002,hold,0.985471,0.988445,4.8800
128.250002,hold,0.983218,0.986108,4.8800
128.500002,hold,0.985424,0.987769,4.8800
128.750002,hold,0.977132,0.981171,4.8800
129.000002,hold,0.983016,0.985927,4.8800
129.250002,hold,0.983213,0.987248,4.8800
129.500002,hold,0.979391,0.983695,4.8800
129.750002,hold,0.967074,0.973384,4.8800
130.000002,hold,0.978081,0.982564,4.8800
130.250002,hold,0.982183,0.986084,4.8800
130.500002,hold,0.984316,0.987424,4.8800
130.750002,hold,0.986892,0.989025,4.8800
131.000002,hold,0.983712,0.987324,4.8800
131.250002,hold,0.982393,0.985453,4.8800
131.500002,hold,0.978878,0.982449,4.8800
131.750002,hold,0.981283,0.984967,4.8800
132.000002,hold,0.981826,0.985947,4.8800
132.250002,hold,0.986286,0.988273,4.8800
132.500002,hold,0.980146,0.984144,4.8800
132.750002,hold,0.978516,0.982687,4.8800
133.000002,hold,0.983195,0.986890,4.8800
133.250002,hold,0.978822,0.983152,4.8800
133.500002,hold,0.986217,0.989121,4.8800
133.750002,hold,0.985538,0.988404,4.8800
134.000002,hold,0.981643,0.985147,4.8800
134.250002,hold,0.979786,0.983486,4.8800
134.500002,hold,0.978127,0.982218,4.8800
134.750002,hold,0.982003,0.985609,4.8800
135.000002,hold,0.971817,0.977216,4.8800
135.250002,hold,0.982002,0.985271,4.8800
135.500002,hold,0.979161,0.982865,4.8800
135.750002,hold,0.985484,0.987609,4.8800
136.000002,hold,0.981950,0.985846,4.8800
136.250002,hold,0.980897,0.985696,4.8800
136.500002,hold,0.984925,0.988283,4.8800
136.750002,hold,0.982137,0.985012,4.8800
137.000002,hold,0.975911,0.980536,4.8800
137.250002,hold,0.971329,0.978914,4.8800
137.500002,hold,0.985189,0.987824,4.8800
137.750002,hold,0.981108,0.985085,4.8800
138.000002,hold,0.977797,0.982201,4.8800
138.250002,hold,0.985926,0.989267,4.8800
138.500002,hold,0.985803,0.988262,4.8800
138.750002,hold,0.988418,0.990190,4.8800
139.000002,hold,0.977018,0.981868,4.8800
139.250002,hold,0.983489,0.986659,4.8800
139.500002,hold,0.981496,0.985010,4.8800
139.750002,hold,0.983199,0.986516,4.8800
140.000002,hold,0.984251,0.986957,4.8800
140.250002,hold,0.984884,0.988155,4.8800
140.500002,hold,0.984787,0.987917,4.8800
140.750002,hold,0.986260,0.989228,4.8800
141.000002,hold,0.983567,0.986656,4.8800
141.250002,hold,0.985266,0.988233,4.8800
141.500002,hold,0.986647,0.989063,4.8800
141.750002,hold,0.980387,0.984842,4.8800
142.000002,hold,0.980043,0.984834,4.8800
142.250002,hold,0.983630,0.987225,4.8800
142.500002,hold,0.980810,0.985152,4.8800
142.750002,hold,0.986956,0.989265,4.8800
143.000002,hold,0.975946,0.980630,4.8800
143.250002,hold,0.983093,0.985633,4.8800
143.500002,hold,0.985857,0.988481,4.8800
143.750002,hold,0.979595,0.983079,4.8800
144.000002,hold,0.973620,0.979821,4.8800
144.250002,hold,0.985365,0.988043,4.8800
144.500002,hold,0.985111,0.987137,4.8800
144.750002,hold,0.982617,0.986266,4.8800
145.000002,hold,0.983018,0.985798,4.8800
145.250002,hold,0.979883,0.982976,4.8800
145.500002,hold,0.982785,0.986211,4.8800
145.750002,hold,0.979764,0.983914,4.8800
146.000002,hold,0.981874,0.985835,4.8800
146.250002,hold,0.988638,0.990572,4.8800
146.500002,hold,0.976964,0.982508,4.8800
146.750002,hold,0.981567,0.984157,4.8800
147.000002,hold,0.981053,0.985277,4.8800
147.250002,hold,0.980471,0.983848,4.8800
147.500002,hold,0.983333,0.986009,4.8800
147.750002,hold,0.983250,0.986310,4.8800
148.000002,hold,0.983642,0.986433,4.8800
148.250002,hold,0.977742,0.982078,4.8800
148.500002,hold,0.981964,0.985456,4.8800
148.750002,hold,0.981077,0.984766,4.8800
149.000002,hold,0.981527,0.985494,4.8800
149.250002,hold,0.980506,0.984415,4.8800
149.500002,hold,0.981333,0.985244,4.8800
149.750002,hold,0.980804,0.984679,4.8800
150.000002,hold,0.984944,0.987414,4.8800
150.250002,hold,0.981141,0.985568,4.8800
150.500002,hold,0.977087,0.981999,4.8800
150.750002,hold,0.985470,0.987880,4.8800
151.000002,hold,0.981278,0.984909,4.8800
151.250002,hold,0.982104,0.986979,4.8800
151.500002,hold,0.982467,0.985461,4.8800
151.750002,hold,0.981191,0.984285,4.8800
152.000002,hold,0.980308,0.984063,4.8800
152.250002,hold,0.983324,0.986284,4.8800
152.500002,hold,0.984387,0.987189,4.8800
152.750002,hold,0.982852,0.985666,4.8800
153.000002,hold,0.978327,0.982312,4.8800
153.250002,hold,0.982154,0.985648,4.8800
153.500002,hold,0.983558,0.985943,4.8800
153.750002,hold,0.978624,0.982876,4.8800
154.000002,hold,0.979658,0.983978,4.8800
154.250002,hold,0.984680,0.987583,4.8800
154.500002,hold,0.983782,0.987167,4.8800
154.750002,hold,0.983667,0.986239,4.8800
155.000002,hold,0.983881,0.987373,4.8800
155.250002,hold,0.985089,0.988034,4.8800
155.500002,hold,0.977536,0.982937,4.8800
155.750002,hold,0.982371,0.987032,4.8800
156.000002,hold,0.982363,0.986337,4.8800
156.250002,hold,0.985119,0.987380,4.8800
156.500002,hold,0.983173,0.986477,4.8800
156.750002,hold,0.985975,0.988579,4.8800
157.000002,hold,0.981008,0.985209,4.8800
157.250002,hold,0.975806,0.980951,4.8800
157.500002,hold,0.982601,0.986011,4.8800
157.750002,hold,0.985778,0.988754,4.8800
158.000002,hold,0.986060,0.989022,4.8800
158.250002,hold,0.984864,0.987976,4.8800
158.500002,hold,0.985499,0.988697,4.8800
158.750002,hold,0.981768,0.984909,4.8800
159.000002,hold,0.983393,0.987704,4.8800
159.250002,hold,0.984193,0.987720,4.8800
159.500002,hold,0.977527,0.982473,4.8800
159.750002,hold,0.982710,0.986239,4.8800
160.000002,hold,0.985099,0.987757,4.8800
160.250002,hold,0.971753,0.978092,4.8800
160.500002,hold,0.979329,0.983611,4.8800
160.750002,hold,0.976859,0.981142,4.8800
161.000002,hold,0.981395,0.986131,4.8800
161.250002,hold,0.977313,0.981840,4.8800
161.500002,hold,0.984735,0.987786,4.8800
161.750002,hold,0.976593,0.981067,4.8800
162.000002,hold,0.981320,0.984441,4.8800
162.250002,hold,0.984742,0.988054,4.8800
162.500002,hold,0.981759,0.985415,4.8800
162.750002,hold,0.982992,0.985977,4.8800
163.000002,hold,0.988077,0.989939,4.8800
163.250002,hold,0.979059,0.983210,4.8800
163.500002,hold,0.985092,0.987448,4.8800
163.750002,hold,0.972035,0.977903,4.8800
164.000002,hold,0.983158,0.985652,4.8800
164.250002,hold,0.979090,0.984181,4.8800
164.500002,hold,0.982927,0.986181,4.8800
164.750002,hold,0.981929,0.985116,4.8800
165.000002,hold,0.983414,0.987051,4.8800
165.250002,hold,0.983419,0.986517,4.8800
165.500002,hold,0.978416,0.983424,4.8800
165.750002,hold,0.980814,0.984709,4.8800
166.000002,hold,0.981227,0.984737,4.8800
166.250002,hold,0.986219,0.987797,4.8800
166.500002,hold,0.984176,0.987523,4.8800
166.750002,hold,0.986746,0.988380,4.8800
167.000002,hold,0.982289,0.986191,4.8800
167.250002,hold,0.987518,0.989275,4.8800
167.500002,hold,0.980328,0.984195,4.8800
167.750002,hold,0.984953,0.987761,4.8800
168.000003,hold,0.980990,0.986129,4.8800
168.250003,hold,0.982713,0.986397,4.8800
168.500003,hold,0.983446,0.985836,4.8800
168.750003,hold,0.979384,0.983177,4.8800
169.000003,hold,0.985320,0.987539,4.8800
169.250003,hold,0.974368,0.979759,4.8800
169.500003,hold,0.985052,0.987939,4.8800
169.750003,hold,0.973190,0.978451,4.8800
170.000003,hold,0.976366,0.980608,4.8800
170.250003,hold,0.984731,0.987212,4.8800
170.500003,hold,0.983175,0.986567,4.8800
170.750003,hold,0.981046,0.985375,4.8800
171.000003,hold,0.980556,0.984192,4.8800
171.250003,hold,0.978060,0.982652,4.8800
171.500003,hold,0.982465,0.986594,4.8800
171.750003,hold,0.983615,0.986544,4.8800
172.000003,hold,0.984461,0.987585,4.8800
172.250003,hold,0.978798,0.983196,4.8800
172.500003,hold,0.976655,0.982924,4.8800
172.750003,hold,0.983053,0.986018,4.8800
173.000003,hold,0.982063,0.986577,4.8800
173.250003,hold,0.983439,0.986219,4.8800
173.500003,hold,0.984323,0.986848,4.8800
173.750003,hold,0.980065,0.982985,4.8800
174.000003,hold,0.983989,0.986340,4.8800
174.250003,hold,0.983078,0.986419,4.8800
174.500003,hold,0.982757,0.985656,4.8800
174.750003,hold,0.984104,0.987345,4.8800
175.000003,hold,0.977169,0.981484,4.8800
175.250003,hold,0.980696,0.984493,4.8800
175.500003,hold,0.976812,0.982154,4.8800
175.750003,hold,0.980895,0.985054,4.8800
176.000003,hold,0.982181,0.986015,4.8800
176.250003,hold,0.985772,0.988433,4.8800
176.500003,hold,0.983043,0.985946,4.8800
176.750003,hold,0.984556,0.987239,4.8800
177.000003,hold,0.984588,0.988306,4.8800
177.250003,hold,0.978305,0.982939,4.8800
177.500003,hold,0.967626,0.976233,4.8800
177.750003,hold,0.984120,0.987504,4.8800
178.000003,hold,0.982369,0.985822,4.8800
178.250003,hold,0.980847,0.985010,4.8800
178.500003,hold,0.981527,0.985426,4.8800
178.750003,hold,0.982561,0.985708,4.8800
179.000003,hold,0.984513,0.987565,4.8800
179.250003,hold,0.984796,0.987377,4.8800
179.500003,hold,0.985137,0.987954,4.8800
179.750003,hold,0.978184,0.983057,4.8800
180.000003,hold,0.978809,0.982410,4.8800
180.250003,hold,0.982848,0.985490,4.8800
180.500003,hold,0.985391,0.987965,4.8800
180.750003,hold,0.985360,0.988868,4.8800
181.000003,hold,0.979227,0.984217,4.8800
181.250003,hold,0.982200,0.985966,4.8800
181.500003,hold,0.978833,0.983985,4.8800
181.750003,hold,0.975543,0.980741,4.8800
182.000003,hold,0.985560,0.988315,4.8800
182.250003,hold,0.980676,0.983988,4.8800
182.500003,hold,0.984644,0.987929,4.8800
182.750003,hold,0.979114,0.984900,4.8800
183.000003,hold,0.980244,0.984165,4.8800
183.250003,hold,0.983832,0.987067,4.8800
183.500003,hold,0.982821,0.985607,4.8800
183.750003,hold,0.979507,0.982511,4.8800
184.000003,hold,0.982591,0.985750,4.8800
184.250003,hold,0.979844,0.983421,4.8800
184.500003,hold,0.977972,0.982399,4.8800
184.750003,hold,0.984776,0.987982,4.8800
185.000003,hold,0.983343,0.986238,4.8800
185.250003,hold,0.985330,0.988522,4.8800
185.500003,hold,0.983148,0.986189,4.8800
185.750003,hold,0.981687,0.984972,4.8800
186.000003,hold,0.985745,0.988196,4.8800
186.250003,hold,0.982841,0.986259,4.8800
186.500003,hold,0.980916,0.984175,4.8800
186.750003,hold,0.982213,0.985871,4.8800
187.000003,hold,0.980308,0.984423,4.8800
187.250003,hold,0.984396,0.987598,4.8800
187.500003,hold,0.977700,0.981015,4.8800
187.750003,hold,0.985743,0.988215,4.8800
188.000003,hold,0.983304,0.986199,4.8800
188.250003,hold,0.978042,0.981930,4.8800
188.500003,hold,0.983072,0.987119,4.8800
188.750003,hold,0.977677,0.981605,4.8800
189.000003,hold,0.983040,0.985945,4.8800
189.250003,hold,0.984727,0.986962,4.8800
189.500003,hold,0.984753,0.986731,4.8800
189.750003,hold,0.978167,0.982548,4.8800
190.000003,hold,0.979314,0.982711,4.8800
190.250003,hold,0.979654,0.983869,4.8800
190.500003,hold,0.980581,0.984265,4.8800
190.750003,hold,0.984384,0.986676,4.8800
191.000003,hold,0.981981,0.985334,4.8800
191.250003,hold,0.980260,0.984291,4.8800
191.500003,hold,0.984388,0.987673,4.8800
191.750003,hold,0.983386,0.986547,4.8800
192.000003,hold,0.974844,0.980376,4.8800
192.250003,hold,0.980120,0.983932,4.8800
192.500003,hold,0.979624,0.983365,4.8800
192.750003,hold,0.984454,0.987055,4.8800
193.000003,hold,0.981390,0.985007,4.8800
193.250003,hold,0.979592,0.983625,4.8800
193.500003,hold,0.984954,0.987766,4.8800
193.750003,hold,0.975730,0.981274,4.8800
194.000003,hold,0.983120,0.986036,4.8800
194.250003,hold,0.984543,0.987839,4.8800
194.500003,hold,0.983571,0.986596,4.8800
194.750003,hold,0.985561,0.988094,4.8800
195.000003,hold,0.981586,0.985190,4.8800
195.250003,hold,0.982166,0.985698,4.8800
195.500003,hold,0.977661,0.981678,4.8800
195.750003,hold,0.984364,0.987049,4.8800
196.000003,hold,0.984831,0.987434,4.8800
196.250003,hold,0.978269,0.981889,4.8800
196.500003,hold,0.984518,0.988699,4.8800
196.750003,hold,0.984299,0.987054,4.8800
197.000003,hold,0.984539,0.987778,4.8800
197.250003,hold,0.981355,0.985048,4.8800
197.500003,hold,0.985150,0.988297,4.8800
197.750003,hold,0.988037,0.990162,4.8800
198.000003,hold,0.982216,0.986235,4.8800
198.250003,hold,0.982023,0.986134,4.8800
198.500003,hold,0.982381,0.986429,4.8800
198.750003,hold,0.978303,0.982970,4.8800
199.000003,hold,0.977532,0.981837,4.8800
199.250003,hold,0.980159,0.984516,4.8800
199.500003,hold,0.976572,0.981803,4.8800
199.750003,hold,0.976483,0.981960,4.8800
200.000003,hold,0.980810,0.984768,4.8800
200.250003,hold,0.983059,0.985527,4.8800
200.500003,hold,0.984836,0.987796,4.8800
200.750003,hold,0.980879,0.985544,4.8800
201.000003,hold,0.978537,0.982772,4.8800
201.250003,hold,0.975129,0.980357,4.8800
201.500003,hold,0.986213,0.989251,4.8800
201.750003,hold,0.980891,0.984730,4.8800
202.000003,hold,0.982864,0.986679,4.8800
202.250003,hold,0.985021,0.987183,4.8800
202.500003,hold,0.979091,0.983567,4.8800
202.750003,hold,0.983074,0.986012,4.8800
203.000003,hold,0.983353,0.986366,4.8800
203.250003,hold,0.985634,0.988052,4.8800
203.500003,hold,0.982026,0.986057,4.8800
203.750003,hold,0.981066,0.984376,4.8800
204.000003,hold,0.983483,0.986589,4.8800
204.250003,hold,0.981480,0.985781,4.8800
204.500003,hold,0.984049,0.986566,4.8800
204.750003,hold,0.984798,0.987474,4.8800
205.000003,hold,0.983141,0.986864,4.8800
205.250003,hold,0.986268,0.988528,4.8800
205.500003,hold,0.983164,0.986438,4.8800
205.750003,hold,0.984512,0.987705,4.8800
206.000003,hold,0.984421,0.987542,4.8800
206.250003,hold,0.981624,0.985003,4.8800
206.500003,hold,0.983344,0.986697,4.8800
206.750003,hold,0.985760,0.988206,4.8800
207.000003,hold,0.981233,0.984664,4.8800
207.250003,hold,0.978419,0.982339,4.8800
207.500003,hold,0.983947,0.986625,4.8800
207.750003,hold,0.979303,0.983939,4.8800
208.000003,hold,0.981140,0.984269,4.8800
208.250003,hold,0.983123,0.985936,4.8800
208.500003,hold,0.979223,0.983086,4.8800
208.750003,hold,0.986114,0.988319,4.8800
209.000003,hold,0.984184,0.987059,4.8800
209.250003,hold,0.986991,0.990075,4.8800
209.500003,hold,0.980333,0.983871,4.8800
209.750003,hold,0.983821,0.986610,4.8800
210.000003,hold,0.984327,0.987611,4.8800
210.250003,hold,0.984119,0.987339,4.8800
210.500003,hold,0.982837,0.984891,4.8800
210.750003,hold,0.986972,0.989038,4.8800
211.000003,hold,0.982911,0.986220,4.8800
211.250003,hold,0.981417,0.984096,4.8800
211.500003,hold,0.985417,0.988632,4.8800
211.750003,hold,0.984833,0.987308,4.8800
212.000003,hold,0.987353,0.989289,4.8800
212.250003,hold,0.981582,0.984924,4.8800
212.500003,hold,0.978377,0.983923,4.8800
212.750003,hold,0.981019,0.984179,4.8800
213.000003,hold,0.985529,0.988011,4.8800
213.250003,hold,0.981838,0.985330,4.8800
213.500003,hold,0.982278,0.985256,4.8800
213.750003,hold,0.978813,0.983216,4.8800
214.000003,hold,0.975023,0.979583,4.8800
214.250003,hold,0.984676,0.987239,4.8800
214.500003,hold,0.983898,0.986934,4.8800
214.750003,hold,0.980671,0.984333,4.8800
215.000003,hold,0.983257,0.986218,4.8800
215.250003,hold,0.986400,0.989378,4.8800
215.500003,hold,0.981694,0.985076,4.8800
215.750003,hold,0.982257,0.985260,4.8800
216.000003,hold,0.986475,0.988522,4.8800
216.250003,hold,0.984425,0.986773,4.8800
216.500003,hold,0.978933,0.982453,4.8800
216.750003,hold,0.982207,0.985351,4.8800
217.000003,hold,0.980513,0.984369,4.8800
217.250003,hold,0.983157,0.985789,4.8800
217.500003,hold,0.979777,0.984253,4.8800
217.750003,hold,0.982693,0.985794,4.8800
218.000003,hold,0.981608,0.984706,4.8800
218.250003,hold,0.981437,0.984765,4.8800
218.500003,hold,0.986864,0.988669,4.8800
218.750003,hold,0.980858,0.984774,4.8800
219.000003,hold,0.986386,0.988941,4.8800
219.250003,hold,0.982857,0.985789,4.8800
219.500003,hold,0.984632,0.987254,4.8800
219.750003,hold,0.979267,0.982911,4.8800
220.000003,hold,0.985985,0.988536,4.8800
220.250003,hold,0.980907,0.985055,4.8800
220.500003,hold,0.980038,0.984369,4.8800
220.750003,hold,0.982115,0.985687,4.8800
221.000003,hold,0.982502,0.985384,4.8800
221.250003,hold,0.979950,0.984170,4.8800
221.500003,hold,0.980243,0.984399,4.8800
221.750003,hold,0.981338,0.985851,4.8800
222.000003,hold,0.986878,0.989207,4.8800
222.250003,hold,0.982061,0.986721,4.8800
222.500003,hold,0.983576,0.986416,4.8800
222.750003,hold,0.975589,0.980208,4.8800
223.000003,hold,0.979608,0.983586,4.8800
223.250003,hold,0.978051,0.982386,4.8800
223.500003,hold,0.979156,0.983340,4.8800
223.750003,hold,0.982963,0.986363,4.8800
224.000003,hold,0.979749,0.983443,4.8800
224.250003,hold,0.984701,0.987572,4.8800
224.500003,hold,0.982095,0.984686,4.8800
224.750003,hold,0.980666,0.983655,4.8800
225.000003,hold,0.981665,0.984803,4.8800
225.250003,hold,0.977332,0.980871,4.8800
225.500003,hold,0.981043,0.984229,4.8800
225.750003,hold,0.982565,0.985915,4.8800
226.000003,hold,0.979922,0.983977,4.8800
226.250003,hold,0.985876,0.987929,4.8800
226.500003,hold,0.986661,0.989383,4.8800
226.750003,hold,0.984008,0.986938,4.8800
227.000003,hold,0.982648,0.986481,4.8800
227.250003,hold,0.974686,0.979670,4.8800
227.500003,hold,0.980908,0.984530,4.8800
227.750003,hold,0.982700,0.985059,4.8800
228.000003,hold,0.982088,0.985308,4.8800
228.250003,hold,0.972072,0.977622,4.8800
228.500003,hold,0.977310,0.981141,4.8800
228.750003,hold,0.978977,0.983105,4.8800
229.000003,hold,0.978701,0.983856,4.8800
229.250003,hold,0.987307,0.989219,4.8800
229.500003,hold,0.978389,0.982901,4.8800
229.750003,hold,0.980504,0.984161,4.8800
230.000003,hold,0.984360,0.987485,4.8800
230.250003,hold,0.981164,0.984885,4.8800
230.500003,hold,0.983325,0.986922,4.8800
230.750003,hold,0.980878,0.984235,4.8800
231.000003,hold,0.980805,0.983990,4.8800
231.250003,hold,0.982640,0.986133,4.8800
231.500003,hold,0.980420,0.984770,4.8800
231.750003,hold,0.977185,0.981743,4.8800
232.000003,hold,0.981802,0.985525,4.8800
232.250003,hold,0.984390,0.986663,4.8800
232.500003,hold,0.978767,0.983064,4.8800
232.750003,hold,0.977805,0.982684,4.8800
233.000003,hold,0.978905,0.983474,4.8800
233.250003,hold,0.985115,0.987210,4.8800
233.500003,hold,0.986560,0.989333,4.8800
233.750003,hold,0.982178,0.985101,4.8800
234.000003,hold,0.984683,0.987100,4.8800
234.250003,hold,0.982042,0.985407,4.8800
234.500003,hold,0.983282,0.986155,4.8800
234.750003,hold,0.981470,0.984965,4.8800
235.000004,hold,0.984201,0.986541,4.8800
235.250004,hold,0.983097,0.986457,4.8800
235.500004,hold,0.986114,0.988689,4.8800
235.750004,hold,0.987910,0.990052,4.8800
236.000004,hold,0.983836,0.986583,4.8800
236.250004,hold,0.982496,0.985788,4.8800
236.500004,hold,0.982137,0.985662,4.8800
236.750004,hold,0.986185,0.988532,4.8800
237.000004,hold,0.977761,0.981541,4.8800
237.250004,hold,0.982085,0.985338,4.8800
237.500004,hold,0.985023,0.987749,4.8800
237.750004,hold,0.982208,0.985297,4.8800
238.000004,hold,0.979027,0.982830,4.8800
238.250004,hold,0.979322,0.983618,4.8800
238.500004,hold,0.983210,0.986385,4.8800
238.750004,hold,0.973460,0.978455,4.8800
239.000004,hold,0.976159,0.981651,4.8800
239.250004,hold,0.977658,0.982119,4.8800
239.500004,hold,0.983619,0.987072,4.8800
239.750004,hold,0.981335,0.984724,4.8800
240.000004,hold,0.978542,0.982309,4.8800
240.250004,hold,0.979196,0.983185,4.8800
240.500004,hold,0.974383,0.979180,4.8800
240.750004,hold,0.983652,0.986177,4.8800
241.000004,hold,0.985064,0.987805,4.8800
241.250004,hold,0.981481,0.985252,4.8800
241.500004,hold,0.982745,0.986619,4.8800
241.750004,hold,0.979337,0.984342,4.8800
242.000004,hold,0.988594,0.990369,4.8800
242.250004,hold,0.981505,0.984868,4.8800
242.500004,hold,0.984324,0.987785,4.8800
242.750004,hold,0.978173,0.982646,4.8800
243.000004,hold,0.975367,0.980118,4.8800
243.250004,hold,0.980178,0.982909,4.8800
243.500004,hold,0.982459,0.984726,4.8800
243.750004,hold,0.981125,0.984180,4.8800
244.000004,hold,0.984668,0.987522,4.8800
244.250004,hold,0.981515,0.985484,4.8800
244.500004,hold,0.973553,0.978478,4.8800
244.750004,hold,0.986897,0.988746,4.8800
245.000004,hold,0.981273,0.985818,4.8800
245.250004,hold,0.981762,0.985652,4.8800
245.500004,hold,0.983167,0.985786,4.8800
245.750004,hold,0.983418,0.987018,4.8800
246.000004,hold,0.978518,0.983596,4.8800
246.250004,hold,0.976658,0.982773,4.8800
246.500004,hold,0.980610,0.983813,4.8800
246.750004,hold,0.985489,0.988942,4.8800
247.000004,hold,0.980055,0.984006,4.8800
247.250004,hold,0.979579,0.984465,4.8800
247.500004,hold,0.981914,0.985576,4.8800
247.750004,hold,0.985388,0.987957,4.8800
248.000004,hold,0.983055,0.986257,4.8800
248.250004,hold,0.984442,0.987524,4.8800
248.500004,hold,0.974760,0.980453,4.8800
248.750004,hold,0.976502,0.981123,4.8800
249.000004,hold,0.982851,0.986586,4.8800
249.250004,hold,0.989016,0.991040,4.8800
249.500004,hold,0.985569,0.987691,4.8800
249.750004,hold,0.981076,0.984323,4.8800
250.000004,hold,0.986327,0.988929,4.8800
250.250004,hold,0.982353,0.985638,4.8800
250.500004,hold,0.983614,0.986730,4.8800
250.750004,hold,0.983940,0.987123,4.8800
251.000004,hold,0.985866,0.988660,4.8800
251.250004,hold,0.986648,0.988722,4.8800
251.500004,hold,0.983838,0.987057,4.8800
251.750004,hold,0.984458,0.987980,4.8800
252.000004,hold,0.980025,0.982868,4.8800
252.250004,hold,0.976417,0.982339,4.8800
252.500004,hold,0.980751,0.984420,4.8800
252.750004,hold,0.980006,0.984158,4.8800
253.000004,hold,0.981581,0.985513,4.8800
253.250004,hold,0.984404,0.987032,4.8800
253.500004,hold,0.984697,0.986897,4.8800
253.750004,hold,0.984002,0.986259,4.8800
254.000004,hold,0.982951,0.986396,4.8800
254.250004,hold,0.982202,0.985221,4.8800
254.500004,hold,0.981522,0.984974,4.8800
254.750004,hold,0.984204,0.988084,4.8800
255.000004,hold,0.981995,0.985919,4.8800
255.250004,hold,0.982044,0.984679,4.8800
255.500004,hold,0.980730,0.985267,4.8800
255.750004,hold,0.980592,0.984270,4.8800
256.000004,hold,0.980494,0.984430,4.8800
256.250004,hold,0.984563,0.987655,4.8800
256.500004,hold,0.975179,0.979706,4.8800
256.750004,hold,0.980474,0.984309,4.8800
257.000004,hold,0.984592,0.987364,4.8800
257.250004,hold,0.983212,0.987331,4.8800
257.500004,hold,0.979253,0.982641,4.8800
257.750004,hold,0.985254,0.988113,4.8800
258.000004,hold,0.983491,0.985621,4.8800
258.250004,hold,0.978968,0.984121,4.8800
258.500004,hold,0.983388,0.985840,4.8800
258.750004,hold,0.980244,0.985198,4.8800
259.000004,hold,0.983894,0.986730,4.8800
259.250004,hold,0.981819,0.985363,4.8800
259.500004,hold,0.976537,0.980993,4.8800
259.750004,hold,0.986354,0.988906,4.8800
260.000004,hold,0.983641,0.986311,4.8800
260.250004,hold,0.984815,0.986915,4.8800
260.500004,hold,0.983876,0.986798,4.8800
260.750004,hold,0.984642,0.988033,4.8800
261.000004,hold,0.983165,0.985934,4.8800
261.250004,hold,0.984126,0.987306,4.8800
261.500004,hold,0.984109,0.987349,4.8800
261.750004,hold,0.983127,0.986195,4.8800
262.000004,hold,0.979597,0.982964,4.8800
262.250004,hold,0.983451,0.986523,4.8800
262.500004,hold,0.983852,0.986804,4.8800
262.750004,hold,0.988215,0.989913,4.8800
263.000004,hold,0.981128,0.984552,4.8800
263.250004,hold,0.982320,0.985883,4.8800
263.500004,hold,0.983745,0.986377,4.8800
263.750004,hold,0.982782,0.985377,4.8800
264.000004,hold,0.984058,0.986947,4.8800
264.250004,hold,0.980996,0.984429,4.8800
264.500004,hold,0.984213,0.987041,4.8800
264.750004,hold,0.982110,0.985692,4.8800
265.000004,hold,0.983409,0.986487,4.8800
265.250004,hold,0.981700,0.985378,4.8800
265.500004,hold,0.982338,0.987123,4.8800
265.750004,hold,0.983742,0.986582,4.8800
266.000004,hold,0.980297,0.984036,4.8800
266.250004,hold,0.978151,0.982899,4.8800
266.500004,hold,0.983801,0.987001,4.8800
266.750004,hold,0.977248,0.982356,4.8800
267.000004,hold,0.974996,0.980546,4.8800
267.250004,hold,0.983210,0.986950,4.8800
267.500004,hold,0.980253,0.982862,4.8800
267.750004,hold,0.982408,0.985875,4.8800
268.000004,hold,0.982305,0.985775,4.8800
268.250004,hold,0.977409,0.982216,4.8800
268.500004,hold,0.983585,0.986341,4.8800
268.750004,hold,0.983141,0.986198,4.8800
269.000004,hold,0.984465,0.987080,4.8800
269.250004,hold,0.981775,0.984343,4.8800
269.500004,hold,0.984475,0.987073,4.8800
269.750004,hold,0.984102,0.987303,4.8800
270.000004,hold,0.978825,0.983190,4.8800
270.250004,hold,0.982396,0.985486,4.8800
270.500004,hold,0.983220,0.986491,4.8800
270.750004,hold,0.983934,0.987259,4.8800
271.000004,hold,0.981181,0.984890,4.8800
271.250004,hold,0.983169,0.986565,4.8800
271.500004,hold,0.979751,0.983429,4.8800
271.750004,hold,0.984131,0.987489,4.8800
272.000004,hold,0.984723,0.987800,4.8800
272.250004,hold,0.980999,0.985022,4.8800
272.500004,hold,0.980605,0.984776,4.8800
272.750004,hold,0.984093,0.986680,4.8800
273.000004,hold,0.985850,0.988908,4.8800
273.250004,hold,0.980972,0.984598,4.8800
273.500004,hold,0.979851,0.984639,4.8800
273.750004,hold,0.986947,0.989306,4.8800
274.000004,hold,0.976852,0.980980,4.8800
274.250004,hold,0.981827,0.985953,4.8800
274.500004,hold,0.977877,0.982034,4.8800
274.750004,hold,0.983184,0.985562,4.8800
275.000004,hold,0.985718,0.988028,4.8800
275.250004,hold,0.984275,0.987295,4.8800
275.500004,hold,0.979929,0.983654,4.8800
275.750004,hold,0.982232,0.985894,4.8800
276.000004,hold,0.980956,0.983684,4.8800
276.250004,hold,0.980396,0.983889,4.8800
276.500004,hold,0.984704,0.987893,4.8800
276.750004,hold,0.984154,0.986633,4.8800
277.000004,hold,0.986136,0.988879,4.8800
277.250004,hold,0.986110,0.988933,4.8800
277.500004,hold,0.982494,0.986259,4.8800
277.750004,hold,0.983016,0.985831,4.8800
278.000004,hold,0.983464,0.986244,4.8800
278.250004,hold,0.982825,0.986457,4.8800
278.500004,hold,0.978361,0.983225,4.8800
278.750004,hold,0.980532,0.984021,4.8800
279.000004,hold,0.979512,0.984759,4.8800
279.250004,hold,0.985383,0.988698,4.8800
279.500004,hold,0.980056,0.983807,4.8800
279.750004,hold,0.979991,0.983479,4.8800
280.000004,hold,0.985531,0.987745,4.8800
280.250004,hold,0.980009,0.983900,4.8800
280.500004,hold,0.979578,0.983051,4.8800
280.750004,hold,0.988087,0.990552,4.8800
281.000004,hold,0.981090,0.984570,4.8800
281.250004,hold,0.976361,0.981207,4.8800
281.500004,hold,0.986752,0.988825,4.8800
281.750004,hold,0.986286,0.988298,4.8800
282.000004,hold,0.975697,0.979090,4.8800
282.250004,hold,0.978950,0.982170,4.8800
282.500004,hold,0.985762,0.987773,4.8800
282.750004,hold,0.981112,0.985079,4.8800
283.000004,hold,0.983799,0.986663,4.8800
283.250004,hold,0.982502,0.985766,4.8800
283.500004,hold,0.981431,0.984315,4.8800
283.750004,hold,0.986169,0.989003,4.8800
284.000004,hold,0.980771,0.985531,4.8800
284.250004,hold,0.985987,0.988043,4.8800
284.500004,hold,0.980346,0.982767,4.8800
284.750004,hold,0.989035,0.990989,4.8800
285.000004,hold,0.980353,0.984283,4.8800
285.250004,hold,0.979238,0.984051,4.8800
285.500004,hold,0.978533,0.983170,4.8800
285.750004,hold,0.982669,0.985441,4.8800
286.000004,hold,0.985512,0.988047,4.8800
286.250004,hold,0.983708,0.987015,4.8800
286.500004,hold,0.978402,0.982460,4.8800
286.750004,hold,0.981518,0.984652,4.8800
287.000004,hold,0.979500,0.982831,4.8800
287.250004,hold,0.984179,0.986470,4.8800
287.500004,hold,0.979089,0.983511,4.8800
287.750004,hold,0.982062,0.985958,4.8800
288.000004,hold,0.984550,0.987676,4.8800
288.250004,hold,0.982148,0.985606,4.8800
288.500004,hold,0.978388,0.983315,4.8800
288.750004,hold,0.978874,0.983433,4.8800
289.000004,hold,0.981922,0.985558,4.8800
289.250004,hold,0.983533,0.986991,4.8800
289.500004,hold,0.983071,0.986156,4.8800
289.750004,hold,0.985340,0.988258,4.8800
290.000004,hold,0.985216,0.987955,4.8800
290.250004,hold,0.984035,0.986786,4.8800
290.500004,hold,0.981180,0.985172,4.8800
290.750004,hold,0.981557,0.985619,4.8800
291.000004,hold,0.986525,0.989256,4.8800
291.250004,hold,0.978602,0.982647,4.8800
291.500004,hold,0.984289,0.987046,4.8800
291.750004,hold,0.983016,0.986371,4.8800
292.000004,hold,0.987699,0.989476,4.8800
292.250004,hold,0.976493,0.980982,4.8800
292.500004,hold,0.981074,0.984640,4.8800
292.750004,hold,0.984655,0.987181,4.8800
293.000004,hold,0.979712,0.984295,4.8800
293.250004,hold,0.978227,0.983142,4.8800
293.500004,hold,0.985985,0.989239,4.8800
293.750004,hold,0.987002,0.989245,4.8800
294.000004,hold,0.982335,0.985885,4.8800
294.250004,hold,0.984561,0.986955,4.8800
294.500004,hold,0.980885,0.985114,4.8800
294.750004,hold,0.979160,0.984308,4.8800
295.000004,hold,0.982190,0.985493,4.8800
295.250004,hold,0.975408,0.979684,4.8800
295.500004,hold,0.984437,0.987668,4.8800
295.750004,hold,0.981525,0.984175,4.8800
296.000004,hold,0.987958,0.990025,4.8800
296.250004,hold,0.983767,0.987175,4.8800
296.500004,hold,0.980478,0.984830,4.8800
296.750004,hold,0.975690,0.979976,4.8800
297.000004,hold,0.979949,0.984189,4.8800
297.250004,hold,0.981509,0.984898,4.8800
297.500004,hold,0.985881,0.988297,4.8800
297.750004,hold,0.982180,0.985928,4.8800
298.000004,hold,0.973309,0.979258,4.8800
298.250004,hold,0.982319,0.986366,4.8800
298.500004,hold,0.982021,0.986493,4.8800
298.750004,hold,0.982632,0.986787,4.8800
299.000004,hold,0.978828,0.982539,4.8800
299.250004,hold,0.981731,0.984892,4.8800
299.500004,hold,0.987958,0.989902,4.8800
299.750004,hold,0.980810,0.985297,4.8800
300.000004,hold,0.981330,0.984716,4.8800
300.250004,hold,0.981227,0.984306,4.8800
300.500004,hold,0.982778,0.985516,4.8800
300.750004,hold,0.982983,0.985469,4.8800
301.000004,hold,0.988361,0.990448,4.8800
301.250004,hold,0.980873,0.984692,4.8800
301.500004,hold,0.982360,0.986480,4.8800
301.750004,hold,0.982913,0.986414,4.8800
302.000005,hold,0.982553,0.985732,4.8800
302.250005,hold,0.966594,0.974384,4.8800
302.500005,hold,0.982544,0.985126,4.8800
302.750005,hold,0.979736,0.983706,4.8800
303.000005,hold,0.981235,0.985855,4.8800
303.250005,hold,0.987084,0.988943,4.8800
303.500005,hold,0.980073,0.984256,4.8800
303.750005,hold,0.987715,0.989689,4.8800
304.000005,hold,0.979479,0.983839,4.8800
304.250005,hold,0.977808,0.982722,4.8800
304.500005,hold,0.978926,0.983492,4.8800
304.750005,hold,0.983909,0.987097,4.8800
305.000005,hold,0.981544,0.985185,4.8800
305.250005,hold,0.982112,0.985450,4.8800
305.500005,hold,0.980361,0.983820,4.8800
305.750005,hold,0.986882,0.988799,4.8800
306.000005,hold,0.978267,0.981921,4.8800
306.250005,hold,0.980968,0.985578,4.8800
306.500005,hold,0.987092,0.989943,4.8800
306.750005,hold,0.978731,0.983051,4.8800
307.000005,hold,0.980766,0.984513,4.8800
307.250005,hold,0.979038,0.982729,4.8800
307.500005,hold,0.984012,0.987046,4.8800
307.750005,hold,0.982808,0.986337,4.8800
308.000005,hold,0.985117,0.987844,4.8800
308.250005,hold,0.985734,0.988131,4.8800
308.500005,hold,0.983853,0.986797,4.8800
308.750005,hold,0.975952,0.980345,4.8800
309.000005,hold,0.978466,0.983249,4.8800
309.250005,hold,0.978936,0.983023,4.8800
309.500005,hold,0.979755,0.983186,4.8800
309.750005,hold,0.983740,0.986884,4.8800
310.000005,hold,0.981595,0.986312,4.8800
310.250005,hold,0.979839,0.983668,4.8800
310.500005,hold,0.982709,0.985312,4.8800
310.750005,hold,0.979223,0.983737,4.8800
311.000005,hold,0.978327,0.983712,4.8800
311.250005,hold,0.984352,0.987146,4.8800
311.500005,hold,0.981369,0.985215,4.8800
311.750005,hold,0.980014,0.982993,4.8800
312.000005,hold,0.977791,0.982367,4.8800
312.250005,hold,0.984446,0.986787,4.8800
312.500005,hold,0.979126,0.982396,4.8800
312.750005,hold,0.983769,0.985970,4.8800
313.000005,hold,0.980408,0.985142,4.8800
313.250005,hold,0.979578,0.984938,4.8800
313.500005,hold,0.984607,0.987392,4.8800
313.750005,hold,0.983310,0.986453,4.8800
314.000005,hold,0.985819,0.987931,4.8800
314.250005,hold,0.984667,0.987185,4.8800
314.500005,hold,0.984943,0.987660,4.8800
314.750005,hold,0.981270,0.984537,4.8800
315.000005,hold,0.985222,0.988037,4.8800
315.250005,hold,0.979920,0.984140,4.8800
315.500005,hold,0.982876,0.986381,4.8800
315.750005,hold,0.987230,0.989470,4.8800
316.000005,hold,0.983158,0.987783,4.8800
316.250005,hold,0.980089,0.983569,4.8800
316.500005,hold,0.979908,0.983814,4.8800
316.750005,hold,0.977641,0.982212,4.8800
317.000005,hold,0.984182,0.987042,4.8800
317.250005,hold,0.981585,0.984432,4.8800
317.500005,hold,0.977391,0.981064,4.8800
317.750005,hold,0.980380,0.984360,4.8800
318.000005,hold,0.972695,0.979595,4.8800
318.250005,hold,0.984418,0.987080,4.8800
318.500005,hold,0.981682,0.985243,4.8800
318.750005,hold,0.975861,0.980756,4.8800
319.000005,hold,0.982504,0.985903,4.8800
319.250005,hold,0.980259,0.983844,4.8800
319.500005,hold,0.984555,0.987086,4.8800
319.750005,hold,0.983457,0.986993,4.8800
320.000005,hold,0.984558,0.987503,4.8800
320.250005,hold,0.984571,0.987855,4.8800
320.500005,hold,0.983724,0.986671,4.8800
320.750005,hold,0.975212,0.980509,4.8800
321.000005,hold,0.982771,0.985518,4.8800
321.250005,hold,0.980499,0.983882,4.8800
321.500005,hold,0.986232,0.988802,4.8800
321.750005,hold,0.974280,0.979561,4.8800
322.000005,hold,0.983872,0.987204,4.8800
322.250005,hold,0.974652,0.979738,4.8800
322.500005,hold,0.986556,0.989138,4.8800
322.750005,hold,0.985125,0.987905,4.8800
323.000005,hold,0.970558,0.975899,4.8800
323.250005,hold,0.982269,0.985099,4.8800
323.500005,hold,0.983197,0.986478,4.8800
323.750005,hold,0.985065,0.987950,4.8800
324.000005,hold,0.978457,0.982333,4.8800
324.250005,hold,0.982395,0.985878,4.8800
324.500005,hold,0.974321,0.979431,4.8800
324.750005,hold,0.984317,0.987198,4.8800
325.000005,hold,0.983037,0.986708,4.8800
325.250005,hold,0.979993,0.984500,4.8800
325.500005,hold,0.984035,0.987463,4.8800
325.750005,hold,0.982373,0.985377,4.8800
326.000005,hold,0.983666,0.986559,4.8800
326.250005,hold,0.981322,0.985980,4.8800
326.500005,hold,0.982651,0.986263,4.8800
326.750005,hold,0.976276,0.982090,4.8800
327.000005,hold,0.981516,0.985462,4.8800
327.250005,hold,0.982115,0.986028,4.8800
327.500005,hold,0.981450,0.986050,4.8800
327.750005,hold,0.986612,0.989436,4.8800
328.000005,hold,0.980477,0.983354,4.8800
328.250005,hold,0.972872,0.977880,4.8800
328.500005,hold,0.982683,0.986291,4.8800
328.750005,hold,0.985304,0.987493,4.8800
329.000005,hold,0.982880,0.986146,4.8800
329.250005,hold,0.983666,0.986834,4.8800
329.500005,hold,0.979520,0.983476,4.8800
329.750005,hold,0.981614,0.985731,4.8800
330.000005,hold,0.986379,0.988788,4.8800
330.250005,hold,0.985009,0.987595,4.8800
330.500005,hold,0.986068,0.988365,4.8800
330.750005,hold,0.985495,0.987949,4.8800
331.000005,hold,0.983640,0.986643,4.8800
331.250005,hold,0.977778,0.982855,4.8800
331.500005,hold,0.982908,0.986641,4.8800
331.750005,hold,0.979234,0.983320,4.8800
332.000005,hold,0.982008,0.985590,4.8800
332.250005,hold,0.980539,0.985018,4.8800
332.500005,hold,0.981923,0.985217,4.8800
332.750005,hold,0.985227,0.987497,4.8800
333.000005,hold,0.983053,0.986740,4.8800
333.250005,hold,0.986788,0.989174,4.8800
333.500005,hold,0.974105,0.980544,4.8800
333.750005,hold,0.984020,0.986461,4.8800
334.000005,hold,0.983364,0.986314,4.8800
334.250005,hold,0.982501,0.986253,4.8800
334.500005,hold,0.983957,0.987335,4.8800
334.750005,hold,0.981136,0.985428,4.8800
335.000005,hold,0.980612,0.984025,4.8800
335.250005,hold,0.982780,0.986694,4.8800
335.500005,hold,0.982184,0.985913,4.8800
335.750005,hold,0.985941,0.988342,4.8800
336.000005,hold,0.980679,0.984262,4.8800
336.250005,hold,0.984228,0.986876,4.8800
336.500005,hold,0.984715,0.987619,4.8800
336.750005,hold,0.985358,0.987929,4.8800
337.000005,hold,0.982905,0.986652,4.8800
337.250005,hold,0.985448,0.988045,4.8800
337.500005,hold,0.980479,0.983694,4.8800
337.750005,hold,0.981158,0.985126,4.8800
338.000005,hold,0.986951,0.989416,4.8800
338.250005,hold,0.980809,0.984776,4.8800
338.500005,hold,0.983001,0.987464,4.8800
338.750005,hold,0.982452,0.986101,4.8800
339.000005,hold,0.984742,0.987292,4.8800
339.250005,hold,0.983910,0.987015,4.8800
339.500005,hold,0.983875,0.986850,4.8800
339.750005,hold,0.972512,0.978895,4.8800
340.000005,hold,0.983749,0.986695,4.8800
340.250005,hold,0.979438,0.983966,4.8800
340.500005,hold,0.980647,0.983402,4.8800
340.750005,hold,0.982264,0.985106,4.8800
341.000005,hold,0.983162,0.985733,4.8800
341.250005,hold,0.977536,0.982006,4.8800
341.500005,hold,0.980199,0.984092,4.8800
341.750005,hold,0.984806,0.989095,4.8800
342.000005,hold,0.979751,0.983449,4.8800
342.250005,hold,0.982230,0.986406,4.8800
342.500005,hold,0.975001,0.979942,4.8800
342.750005,hold,0.980040,0.984031,4.8800
343.000005,hold,0.986304,0.988970,4.8800
343.250005,hold,0.983201,0.986553,4.8800
343.500005,hold,0.982903,0.986180,4.8800
343.750005,hold,0.977826,0.983211,4.8800
344.000005,hold,0.979115,0.984465,4.8800
344.250005,hold,0.978219,0.982044,4.8800
344.500005,hold,0.985991,0.988655,4.8800
344.750005,hold,0.974537,0.981224,4.8800
345.000005,hold,0.982538,0.986097,4.8800
345.250005,hold,0.986765,0.990034,4.8800
345.500005,hold,0.985360,0.987562,4.8800
345.750005,hold,0.982251,0.985494,4.8800
346.000005,hold,0.979213,0.983298,4.8800
346.250005,hold,0.984795,0.987167,4.8800
346.500005,hold,0.975359,0.980297,4.8800
346.750005,hold,0.983613,0.986664,4.8800
347.000005,hold,0.985122,0.987333,4.8800
347.250005,hold,0.987111,0.988922,4.8800
347.500005,hold,0.981116,0.984692,4.8800
347.750005,hold,0.982206,0.986755,4.8800
348.000005,hold,0.983701,0.986243,4.8800
348.250005,hold,0.985072,0.987612,4.8800
348.500005,hold,0.986131,0.988742,4.8800
348.750005,hold,0.976489,0.980616,4.8800
349.000005,hold,0.984241,0.986805,4.8800
349.250005,hold,0.983703,0.986661,4.8800
349.500005,hold,0.973191,0.978926,4.8800
349.750005,hold,0.978638,0.982766,4.8800
350.000005,hold,0.982713,0.986167,4.8800
350.250005,hold,0.982618,0.985443,4.8800
350.500005,hold,0.983519,0.986299,4.8800
350.750005,hold,0.980240,0.984189,4.8800
351.000005,hold,0.979276,0.983249,4.8800
351.250005,hold,0.983778,0.987548,4.8800
351.500005,hold,0.984524,0.987225,4.8800
351.750005,hold,0.984054,0.987215,4.8800
352.000005,hold,0.983655,0.985826,4.8800
352.250005,hold,0.984353,0.987360,4.8800
352.500005,hold,0.982282,0.986229,4.8800
352.750005,hold,0.977603,0.981460,4.8800
353.000005,hold,0.983348,0.987031,4.8800
353.250005,hold,0.982245,0.985663,4.8800
353.500005,hold,0.977704,0.983114,4.8800
353.750005,hold,0.976046,0.981547,4.8800
354.000005,hold,0.978746,0.981914,4.8800
354.250005,hold,0.982219,0.985444,4.8800
354.500005,hold,0.984453,0.987352,4.8800
354.750005,hold,0.983774,0.986097,4.8800
355.000005,hold,0.978718,0.983188,4.8800
355.250005,hold,0.981411,0.984016,4.8800
355.500005,hold,0.986159,0.989050,4.8800
355.750005,hold,0.984090,0.987048,4.8800
356.000005,hold,0.983616,0.986675,4.8800
356.250005,hold,0.984578,0.987367,4.8800
356.500005,hold,0.978780,0.983413,4.8800
356.750005,hold,0.980776,0.984240,4.8800
357.000005,hold,0.980447,0.984400,4.8800
357.250005,hold,0.985250,0.987617,4.8800
357.500005,hold,0.982388,0.985710,4.8800
357.750005,hold,0.983956,0.986316,4.8800
358.000005,hold,0.982602,0.985382,4.8800
358.250005,hold,0.984741,0.987121,4.8800
358.500005,hold,0.984016,0.987646,4.8800
358.750005,hold,0.983368,0.986227,4.8800
359.000005,hold,0.980321,0.983345,4.8800
359.250005,hold,0.981492,0.985367,4.8800
359.500005,hold,0.985520,0.987317,4.8800
359.750005,hold,0.971162,0.977504,4.8800
360.000005,hold,0.982818,0.985585,4.8800
360.250005,hold,0.981100,0.985094,4.8800
360.500005,hold,0.983057,0.986585,4.8800
360.750005,hold,0.981502,0.985399,4.8800
361.000005,hold,0.981448,0.985263,4.8800
361.250005,hold,0.982367,0.985394,4.8800
361.500005,hold,0.985272,0.988497,4.8800
361.750005,hold,0.981000,0.984315,4.8800
362.000005,hold,0.980243,0.985758,4.8800
362.250005,hold,0.981650,0.985627,4.8800
362.500005,hold,0.982171,0.986197,4.8800
362.750005,hold,0.979585,0.983392,4.8800
363.000005,hold,0.978599,0.982106,4.8800
363.250005,hold,0.982422,0.986165,4.8800
363.500005,hold,0.987715,0.990129,4.8800
363.750005,hold,0.985070,0.988094,4.8800
364.000005,hold,0.976955,0.981156,4.8800
364.250005,hold,0.986240,0.988836,4.8800
364.500005,hold,0.984579,0.987238,4.8800
364.750005,hold,0.985486,0.987961,4.8800
365.000005,hold,0.970430,0.977976,4.8800
365.250005,hold,0.981309,0.985424,4.8800
365.500005,hold,0.980829,0.985050,4.8800
365.750005,hold,0.981993,0.985475,4.8800
366.000005,hold,0.984941,0.987531,4.8800
366.250005,hold,0.983050,0.986165,4.8800
366.500005,hold,0.985428,0.988576,4.8800
366.750005,hold,0.976961,0.981537,4.8800
367.000005,hold,0.983854,0.986033,4.8800
367.250005,hold,0.982729,0.985647,4.8800
367.500005,hold,0.974293,0.979879,4.8800
367.750005,hold,0.983439,0.986414,4.8800
368.000005,hold,0.981158,0.984564,4.8800
368.250005,hold,0.984717,0.986623,4.8800
368.500005,hold,0.986710,0.989584,4.8800
368.750005,hold,0.981339,0.984846,4.8800
369.000005,hold,0.987317,0.989441,4.8800
369.250006,hold,0.981719,0.985476,4.8800
369.500006,hold,0.977224,0.982242,4.8800
369.750006,hold,0.982889,0.985961,4.8800
370.000006,hold,0.987519,0.989440,4.8800
370.250006,hold,0.980608,0.984275,4.8800
370.500006,hold,0.977103,0.981786,4.8800
370.750006,hold,0.984081,0.986395,4.8800
371.000006,hold,0.987267,0.989431,4.8800
371.250006,hold,0.982990,0.985360,4.8800
371.500006,hold,0.983451,0.986551,4.8800
371.750006,hold,0.976857,0.981396,4.8800
372.000006,hold,0.977953,0.982845,4.8800
372.250006,hold,0.977618,0.983165,4.8800
372.500006,hold,0.984627,0.987427,4.8800
372.750006,hold,0.975938,0.981613,4.8800
373.000006,hold,0.982491,0.985959,4.8800
373.250006,hold,0.979539,0.983186,4.8800
373.500006,hold,0.977538,0.981261,4.8800
373.750006,hold,0.983255,0.986436,4.8800
374.000006,hold,0.979685,0.982935,4.8800
374.250006,hold,0.981262,0.985175,4.8800
374.500006,hold,0.982075,0.985885,4.8800
374.750006,hold,0.987856,0.990052,4.8800
375.000006,hold,0.984967,0.988135,4.8800
375.250006,hold,0.986545,0.989314,4.8800
375.500006,hold,0.984847,0.988372,4.8800
375.750006,hold,0.982776,0.986353,4.8800
376.000006,hold,0.984002,0.986618,4.8800
376.250006,hold,0.984195,0.987192,4.8800
376.500006,hold,0.984506,0.987444,4.8800
376.750006,hold,0.984357,0.987321,4.8800
377.000006,hold,0.979178,0.984140,4.8800
377.250006,hold,0.986739,0.989123,4.8800
377.500006,hold,0.985594,0.988764,4.8800
377.750006,hold,0.978126,0.981710,4.8800
378.000006,hold,0.982035,0.986490,4.8800
378.250006,hold,0.982463,0.986333,4.8800
378.500006,hold,0.981539,0.985720,4.8800
378.750006,hold,0.981894,0.985457,4.8800
379.000006,hold,0.982106,0.985220,4.8800
379.250006,hold,0.982126,0.985931,4.8800
379.500006,hold,0.980777,0.984267,4.8800
379.750006,hold,0.980925,0.984451,4.8800
380.000006,hold,0.981432,0.984749,4.8800
380.250006,hold,0.983581,0.986047,4.8800
380.500006,hold,0.981550,0.985323,4.8800
380.750006,hold,0.978107,0.982698,4.8800
381.000006,hold,0.985643,0.988010,4.8800
381.250006,hold,0.983155,0.986542,4.8800
381.500006,hold,0.982319,0.985702,4.8800
381.750006,hold,0.985743,0.987715,4.8800
382.000006,hold,0.982365,0.985144,4.8800
382.250006,hold,0.978759,0.982737,4.8800
382.500006,hold,0.984149,0.987025,4.8800
382.750006,hold,0.984651,0.987496,4.8800
383.000006,hold,0.978726,0.983971,4.8800
383.250006,hold,0.983348,0.986326,4.8800
383.500006,hold,0.980762,0.984816,4.8800
383.750006,hold,0.980849,0.985205,4.8800
384.000006,hold,0.984844,0.987308,4.8800
384.250006,hold,0.982999,0.986088,4.8800
384.500006,hold,0.981888,0.985746,4.8800
384.750006,hold,0.978440,0.984140,4.8800
385.000006,hold,0.978667,0.984021,4.8800
385.250006,hold,0.985134,0.989204,4.8800
385.500006,hold,0.984042,0.986503,4.8800
385.750006,hold,0.982502,0.985972,4.8800
386.000006,hold,0.983375,0.986337,4.8800
386.250006,hold,0.982906,0.986169,4.8800
386.500006,hold,0.980670,0.984383,4.8800
386.750006,hold,0.977442,0.981786,4.8800
387.000006,hold,0.976800,0.982433,4.8800
387.250006,hold,0.982338,0.985634,4.8800
387.500006,hold,0.979695,0.984813,4.8800
387.750006,hold,0.973719,0.979624,4.8800
388.000006,hold,0.979298,0.983342,4.8800
388.250006,hold,0.982551,0.985657,4.8800
388.500006,hold,0.980359,0.984078,4.8800
388.750006,hold,0.984847,0.988246,4.8800
389.000006,hold,0.983288,0.987233,4.8800
389.250006,hold,0.980285,0.984483,4.8800
389.500006,hold,0.984268,0.987016,4.8800
389.750006,hold,0.979886,0.983551,4.8800
390.000006,hold,0.984355,0.987211,4.8800
390.250006,hold,0.983558,0.986649,4.8800
390.500006,hold,0.984360,0.987642,4.8800
390.750006,hold,0.983517,0.986691,4.8800
391.000006,hold,0.984328,0.987663,4.8800
391.250006,hold,0.977371,0.982814,4.8800
391.500006,hold,0.977392,0.982697,4.8800
391.750006,hold,0.985620,0.988610,4.8800
392.000006,hold,0.983636,0.986466,4.8800
392.250006,hold,0.976681,0.982300,4.8800
392.500006,hold,0.983577,0.986853,4.8800
392.750006,hold,0.978266,0.982823,4.8800
393.000006,hold,0.984144,0.986482,4.8800
393.250006,hold,0.986963,0.988664,4.8800
393.500006,hold,0.984122,0.986620,4.8800
393.750006,hold,0.985374,0.988305,4.8800
394.000006,hold,0.978647,0.982079,4.8800
394.250006,hold,0.978229,0.982524,4.8800
394.500006,hold,0.976829,0.982063,4.8800
394.750006,hold,0.986150,0.988052,4.8800
395.000006,hold,0.981909,0.985209,4.8800
395.250006,hold,0.984838,0.987459,4.8800
395.500006,hold,0.980054,0.984692,4.8800
395.750006,hold,0.982060,0.985198,4.8800
396.000006,hold,0.981139,0.985224,4.8800
396.250006,hold,0.980636,0.984244,4.8800
396.500006,hold,0.985775,0.988278,4.8800
396.750006,hold,0.982417,0.985517,4.8800
397.000006,hold,0.976892,0.980684,4.8800
397.250006,hold,0.977140,0.982264,4.8800
397.500006,hold,0.984173,0.987316,4.8800
397.750006,hold,0.981091,0.984857,4.8800
398.000006,hold,0.983094,0.985986,4.8800
398.250006,hold,0.981503,0.984679,4.8800
398.500006,hold,0.982162,0.986142,4.8800
398.750006,hold,0.978969,0.984388,4.8800
399.000006,hold,0.978219,0.981821,4.8800
399.250006,hold,0.981645,0.985242,4.8800
399.500006,hold,0.981344,0.984816,4.8800
399.750006,hold,0.979970,0.983371,4.8800
400.000006,hold,0.981297,0.985383,4.8800
400.250006,record,0.983485,0.986327,4.8800
400.500006,record,0.981929,0.984543,4.8800
400.750006,record,0.981467,0.985943,4.8800
401.000006,record,0.981830,0.985499,4.8800
