eta,L0,M,rms_full,rms_2nd_half,sd_traj,ZetaZp,Z2,r_iso_L0,r_iso_Leff,r_adi_L0,r_adi_Leff,used,disc
0.006545,600,50,56.994594817434674,58.19163076170625,51.49935816124098,1.026586809422735,1.0266253031030543,0.9826686873279887,0.984309202665765,1.389716412221497,1.392036473009847,25,0
0.006545,600,200,49.470329906759986,50.69609682022907,44.14533837522636,1.026586809422735,1.0266253031030543,0.8560933292794082,0.8575225335019114,1.2107101461917618,1.212731365133651,25,0
0.006545,600,1000,44.06594329573112,45.82373545273656,41.68161456502323,1.026586809422735,1.0266253031030543,0.7738148832810839,0.775106727827463,1.0943497612008979,1.0961767224049062,25,0
0.009817,400,50,38.44693590835682,39.796197906646974,35.24235718274151,1.040188738721374,1.040276658093864,1.0147000095791272,1.0172431173725585,1.4350328374734118,1.438629411000914,25,0
0.009817,400,200,32.53275924347497,32.327734697881446,29.91715474910013,1.040188738721374,1.040276658093864,0.8242735344858876,0.8263393829432457,1.1657234432649142,1.1686450559046757,25,0
0.009817,400,1000,28.91499591628756,30.342127456284423,27.04098624741052,1.040188738721374,1.040276658093864,0.7736456907960169,0.7755846524270846,1.0941233471778251,1.0968655109552132,25,0
0.013090,300,50,27.937429821935464,28.135453590065275,26.042243186686537,1.054006938653025,1.054165640891412,0.9628406143705275,0.9660608170941747,1.361713510786801,1.3662677365753857,25,0
0.013090,300,200,26.922320295457492,28.946200843382403,23.44613128295345,1.054006938653025,1.054165640891412,0.9905856934034357,0.9938986890335475,1.4009524548166585,1.4056379145317643,25,0
0.013090,300,1000,21.01520100587485,21.363885190213008,20.05597640597162,1.054006938653025,1.054165640891412,0.7311066187733134,0.7335517914113513,1.0339798152990647,1.0374379417716368,25,0
0.019635,199.9995,50,18.119589616972544,18.427385412274575,16.466556218014304,1.082290871925822,1.0826589764795336,0.9585324216857067,0.9633491796257302,1.3556848085805764,1.3624973121726989,25,0
0.019635,199.9995,200,15.972713110319201,16.918763102837566,14.589817315596184,1.082290871925822,1.0826589764795336,0.8800588149682552,0.8844812321852243,1.2446969336850326,1.2509517078612746,25,0
0.019635,199.9995,1000,14.199976730027185,15.036671348344441,13.317770824905738,1.082290871925822,1.0826589764795336,0.7821585471382183,0.7860890019742265,1.106233275231267,1.111792250380608,25,0
0.026180,149.9996,50,13.203937732150825,13.783822492244083,12.232154060756411,1.1114703853240329,1.112145110868283,0.9687874819587516,0.9752894288227617,1.370280308174609,1.3794768449986987,25,0
0.026180,149.9996,200,12.465571797316024,13.550213988176202,10.833971220753883,1.1114703853240329,1.112145110868283,0.9523684520019006,0.9587602037381596,1.347056769629589,1.3560974433604553,25,0
0.026180,149.9996,1000,10.350276863140852,10.991192727050237,9.920337002810236,1.1114703853240329,1.112145110868283,0.7725092173636059,0.7776938569019912,1.092658800975092,1.099992101205261,25,0
0.039270,99.9998,50,8.246157307695656,8.227782321898028,7.7712862893076275,1.1726500970613023,1.174264785928578,0.8909798529669664,0.899979667643026,1.2604694710400755,1.27320151162036,25,0
0.039270,99.9998,200,7.172918559719777,7.210450000778611,6.429583458499417,1.1726500970613023,1.174264785928578,0.7808137636822389,0.7887007873295819,1.104617470767716,1.1157752455386523,25,0
0.039270,99.9998,1000,6.807303608358467,7.264102189393246,6.44295448479258,1.1726500970613023,1.174264785928578,0.7866237155323258,0.7945694256805516,1.1128368114305391,1.124077610012259,25,0
0.052360,74.9998,50,6.368883217261177,6.659473525246351,5.903933001978511,1.237828599328316,1.2408838578071613,0.9878933176058858,1.0012432633841972,1.3979539519054787,1.4168452725834464,25,0
0.052360,74.9998,200,5.814127732212477,5.959958827469448,4.966745272665255,1.237828599328316,1.2408838578071613,0.8841244696810283,0.8960721299406645,1.251112113362842,1.2680190795081945,25,0
0.052360,74.9998,1000,4.882263896194674,5.264969948294675,4.575839619123545,1.237828599328316,1.2408838578071613,0.7810270000470808,0.7915814474921696,1.1052203328054904,1.1201557830743492,25,0
0.078540,49.9999,50,4.090432523908545,4.399591020800383,3.719104119495956,1.3814400515230072,1.389244320982992,1.0342110956962833,1.0553174876623135,1.4646595877222806,1.4945506607188026,25,0
0.078540,49.9999,200,3.552687802859421,3.804868560648452,3.0942291615467963,1.3814400515230072,1.389244320982992,0.8944097904747306,0.9126630887564562,1.2666716499396362,1.2925221445312502,25,0
0.078540,49.9999,1000,3.086894723767736,3.2887950421482897,2.8755411604472214,1.3814400515230072,1.389244320982992,0.7730964782817277,0.7888739896293371,1.094866583680699,1.1172108452747165,25,0
0.112200,34.9999,50,2.5672388580384817,2.536646229730039,2.3547260939236137,1.5960184614588395,1.6148511108632495,0.915613220684387,0.9425431004982803,1.298686816586775,1.3368836000063373,25,0
0.112200,34.9999,200,2.25855249105571,2.4946612366044056,1.9902581350923065,1.5960184614588395,1.6148511108632495,0.9004585592555979,0.9269427124223896,1.277191758889057,1.3147563328698348,25,0
0.112200,34.9999,1000,2.01496912351419,2.123543772384423,1.929715433038171,1.5960184614588395,1.6148511108632495,0.7665021357369568,0.7890463825064167,1.0871907439509594,1.119167036350377,25,0
0.130900,29.9999,50,2.15296536716461,2.1497751087785972,1.966222573704583,1.7322077160864082,1.7604061948451866,0.9431335786418988,0.9756555383259632,1.339209473216263,1.385389269464397,25,0
0.130900,29.9999,200,1.7755786286105975,1.9377219877858698,1.652197187956288,1.7322077160864082,1.7604061948451866,0.8501031876733839,0.8794171917793768,1.2071102841899832,1.2487349202814864,25,0
0.130900,29.9999,1000,1.5100143303681577,1.6285181702624068,1.4371414877092903,1.7322077160864082,1.7604061948451866,0.7144515552027085,0.7390879006798553,1.014490749294856,1.0494733095552313,25,0
0.157080,24.9999,50,1.6526049522874606,1.6762590092006977,1.5155241269275672,1.9467391870406887,1.9932799145429994,0.9355278896960628,0.9745083808521118,1.33092020181394,1.386375441286352,25,0
0.157080,24.9999,200,1.5194389894065155,1.5836808938011036,1.3148397571011297,1.9467391870406887,1.9932799145429994,0.8838596162034601,0.9206872536604269,1.2574148047631974,1.309807306597088,25,0
0.157080,24.9999,1000,1.292072251658778,1.3758270420343564,1.2074575661950475,1.9467391870406887,1.9932799145429994,0.7678554221969112,0.7998495314305708,1.0923824984055333,1.1378986254896266,25,0
0.196350,20.0000,50,1.1504081159423247,1.200553779881483,1.0823741989657758,2.3308584412709235,2.4206934944320246,0.9164516828871532,0.964685981986477,1.308486854907576,1.377354584113238,25,0
0.196350,20.0000,200,1.0348751252546606,1.0984920827572664,0.9190480569705852,2.3308584412709235,2.4206934944320246,0.8385421251020444,0.8826759211600467,1.1972495315035556,1.2602626647405848,25,0
0.196350,20.0000,1000,0.859426746988655,0.9218407405431749,0.8296983493975312,2.3308584412709235,2.4206934944320246,0.7036940053681993,0.7407305319665255,1.0047167494971243,1.0575965784180257,25,0
0.261799,15.0000,50,0.7547714855041193,0.793077389345438,0.6818533003566545,3.193151801686683,3.424867728307906,0.9447873981482761,1.0122722123017245,1.3601547780347258,1.4573086907514918,25,0
0.261799,15.0000,200,0.6898017305921971,0.7367025735571889,0.6022154382373462,3.193151801686683,3.424867728307906,0.8776284849763498,0.940316233903232,1.2634700457685586,1.3537179061805984,25,0
0.261799,15.0000,1000,0.5847057098281114,0.6182088037690906,0.547248195501168,3.193151801686683,3.424867728307906,0.7364677080346737,0.7890725443228647,1.060249188245878,1.1359812731205836,25,0
0.392699,10.0000,50,0.34988654580766687,0.3663663794392565,0.32606590666682655,6.414831226720313,7.618282386282747,0.9279150741712984,1.0310167490792206,1.3724376809487542,1.5249307566097268,25,0
0.392699,10.0000,200,0.30308635948139284,0.3142653927150603,0.2667661679469908,6.414831226720313,7.618282386282747,0.7959562109301479,0.8843957899223865,1.1772632287942186,1.3080702542157985,25,0
0.392699,10.0000,1000,0.24799775744943142,0.2591287953265431,0.23027207355225657,6.414831226720313,7.618282386282747,0.6563088995867181,0.729232110651909,0.9707171369527098,1.078574596614122,25,0
0.523599,7.5000,50,0.1652692517789558,0.17483017588918534,0.14857363210213395,14.659445328786381,20.530697009381978,0.8925116633481677,1.0298211500171166,1.3828199702070636,1.5955615040850732,25,0
0.523599,7.5000,200,0.14473950657241005,0.15709462306513475,0.12381614258986129,14.659445328786381,20.530697009381978,0.8019712994156513,0.9253514993257516,1.2425405447416082,1.4337006285480094,25,0
0.523599,7.5000,1000,0.12429323013272903,0.12963219986356508,0.11345811695775948,14.659445328786381,20.530697009381978,0.6617750610572339,0.7635866089121931,1.0253263994130646,1.18306892239969,25,0
0.549999,7.1400,50,0.14899037553743213,0.1575570272484509,0.12860576534288198,17.702560606410728,25.881818601466517,0.9284480559836478,1.0796610944174665,1.4568169926275674,1.6940836038046956,25,0
0.549999,7.1400,200,0.15291004180250842,0.16776207186599412,0.10916434710662616,17.702560606410728,25.881818601466517,0.9885840842005521,1.1495912640377755,1.5511757316123793,1.8038102155883367,25,0
0.549999,7.1400,1000,0.1024775745037765,0.10980516911490165,0.09253600283807467,17.702560606410728,25.881818601466517,0.6470571169188424,0.7524410121824975,1.0152897591338965,1.1806463974293193,25,0
0.569996,6.8895,50,0.1356555680130053,0.13933997077627677,0.12524138701664517,20.544886355505973,31.117596557131762,0.9167267037326058,1.0723811232474385,1.45370287037169,1.7005324603830136,25,0
0.569996,6.8895,200,0.11745073777730125,0.13172969960400216,0.0959588170274083,20.544886355505973,31.117596557131762,0.8666582361751376,1.0138113452973276,1.3743066067883905,1.6076552113878286,25,0
0.569996,6.8895,1000,0.09493137632731637,0.10395606035924532,0.08502052712198964,20.544886355505973,31.117596557131762,0.6839336625035656,0.8000612900616887,1.0845504164731505,1.2687002452316445,25,0
0.590001,6.6559,50,0.11438126840781404,0.11336455535984757,0.10666652182686777,23.971574076171734,37.724896110217166,0.8339092225233786,0.9813498106744031,1.3378291648964202,1.5743660847317105,25,0
0.590001,6.6559,200,0.11344832174431595,0.12240204433823076,0.08668794020342398,23.971574076171734,37.724896110217166,0.900388955836887,1.0595835943271164,1.444481692172978,1.699875474271844,25,0
0.590001,6.6559,1000,0.09424279104040795,0.10397761988452209,0.08037571472080518,23.971574076171734,37.724896110217166,0.7648589621553277,0.9000910140224626,1.227052776209245,1.4440037081934107,25,0
0.609999,6.4377,50,0.10824418973688059,0.11288206587544489,0.09869679482594726,28.09576339946704,46.13307310749522,0.9294256052353618,1.1003481653683889,1.510708041921977,1.7885291872448112,25,0
0.609999,6.4377,200,0.09716173039673204,0.10554416487720539,0.07992474468018516,28.09576339946704,46.13307310749522,0.869008274780308,1.0288200104002039,1.4125044347954074,1.6722658108910744,25,0
0.609999,6.4377,1000,0.08130661268977522,0.08417914531777453,0.07008295833426657,28.09576339946704,46.13307310749522,0.6930972823574727,0.820558760989518,1.1265749860921344,1.333753570069208,25,0
0.630002,6.2333,50,0.10377289480708672,0.11097761748065411,0.09147558375504287,32.971952629918384,56.912795990384396,1.0223266948449128,1.2176769890846681,1.6879530849220576,2.0104939453585047,25,0
0.630002,6.2333,200,0.08410946699219897,0.09168054789587302,0.06792382698565498,32.971952629918384,56.912795990384396,0.8445619363589002,1.0059442259962037,1.3944475215929026,1.6609041592007032,25,0
0.630002,6.2333,1000,0.07565662566186139,0.08268845268317211,0.06249302135945043,32.971952629918384,56.912795990384396,0.7617266837447071,0.907280480344311,1.2576790884731588,1.4980014641201043,25,0
0.650003,6.0415,50,0.07444090509302866,0.07752978829013081,0.06738420516880311,38.27301326211033,70.69751384383169,0.7939079413841612,0.9513824909000119,1.3396098865578663,1.605326416669513,25,0
0.650003,6.0415,200,0.06420475998101621,0.0699949388425204,0.05558610699237774,38.27301326211033,70.69751384383169,0.7167508002965794,0.8589209481288872,1.2094178786038232,1.4493103468382422,25,0
0.650003,6.0415,1000,0.05600622460703698,0.059345142166965834,0.04896029506278051,38.27301326211033,70.69751384383169,0.6076964827069404,0.728235307006641,1.0254037953586086,1.2287963958462826,25,0
0.669998,5.8612,50,0.057189095111110894,0.05980286602687592,0.05340106310987234,41.6976867478992,87.65388154524939,0.6588574151990392,0.7943913194200215,1.1604363015130938,1.3991502613405218,25,0
0.669998,5.8612,200,0.05282745509427387,0.05795264592049813,0.04403982601403562,41.6976867478992,87.65388154524939,0.6384732544083253,0.7698139222286835,1.1245339657242825,1.3558624372383699,25,0
0.669998,5.8612,1000,0.047901442833545346,0.05246357347365669,0.04110598392843134,41.6976867478992,87.65388154524939,0.5779992951412071,0.6968998331032755,1.0180220315623394,1.2274398772716988,25,0
0.679998,5.7750,50,0.049491741436806805,0.0502803872762158,0.04634870730083019,39.61465018732608,96.60171108859514,0.5479924035431089,0.6627552105678438,1.0161580523141382,1.228966021385162,25,0
0.679998,5.7750,200,0.04719237456652472,0.0505722318726791,0.03833434159579557,39.61465018732608,96.60171108859514,0.5511731392243681,0.6666020689048641,1.0220561818391038,1.236099361281848,25,0
0.679998,5.7750,1000,0.03766208596300262,0.03865996550897028,0.03513440793090674,39.61465018732608,96.60171108859514,0.42134455535857923,0.5095842528158734,0.7813113100803396,0.9449367153327667,25,0
0.689999,5.6913,50,0.044450002675530634,0.04348447437140028,0.0409898232696475,29.37224439659188,104.05391468777758,0.4140867295196118,0.5023536767452448,0.8825579637956233,1.0706844881695972,25,0
0.689999,5.6913,200,0.039561960990810593,0.042765323902116986,0.0329136697953216,29.37224439659188,104.05391468777758,0.40723852288580065,0.49404570274763016,0.8679621342953646,1.0529774038998165,25,0
0.689999,5.6913,1000,0.03343088258245335,0.03552159894739161,0.030017140838498733,29.37224439659188,104.05391468777758,0.33825918211182965,0.4103626890527266,0.7209439803736825,0.8746207821927268,25,0
