variant,eta,N,L0,M,n_runs,nu_mean,nu_sem,c_s,c_s_err,c_s_point,c_s_point_err,slope_dcs_dlog10M,slope_err,t_stat
cut0p03,0.10,100,39.269909,200,4,0.00477777343,2.747e-05,1.75861,0.01011,1.76608,0.00151,0.00200,0.00625,0.32
cut0p03,0.10,100,39.269909,500,8,0.00318167015,1.009e-05,1.76752,0.00561,1.76608,0.00151,0.00200,0.00625,0.32
cut0p03,0.10,100,39.269909,1000,10,0.00228672382,5.794e-06,1.76773,0.00448,1.76608,0.00151,0.00200,0.00625,0.32
cut0p03,0.10,100,39.269909,2000,9,0.00162718717,5.107e-06,1.76437,0.00554,1.76608,0.00151,0.00200,0.00625,0.32
cut0p03,0.10,400,78.539818,200,7,0.00386672211,1.856e-05,1.74937,0.00840,1.75418,0.00226,-0.00536,0.00971,-0.55
cut0p03,0.10,400,78.539818,500,9,0.00285204569,5.99e-06,1.75657,0.00369,1.75418,0.00226,-0.00536,0.00971,-0.55
cut0p03,0.10,400,78.539818,1000,10,0.00213775712,5.181e-06,1.75562,0.00425,1.75418,0.00226,-0.00536,0.00971,-0.55
cut0p03,0.10,400,78.539818,2000,8,0.00155067435,6.07e-06,1.74541,0.00683,1.75418,0.00226,-0.00536,0.00971,-0.55
cut0p03,0.10,900,117.809723,200,3,0.00311055461,1.627e-05,1.76789,0.00925,1.75713,0.00495,-0.02664,0.00329,-8.11
cut0p03,0.10,900,117.809723,500,7,0.00250490394,9.201e-06,1.75952,0.00646,1.75713,0.00495,-0.02664,0.00329,-8.11
cut0p03,0.10,900,117.809723,1000,6,0.00197005504,1.252e-05,1.74752,0.01110,1.75713,0.00495,-0.02664,0.00329,-8.11
cut0p03,0.10,900,117.809723,2000,6,0.00148272363,9.979e-06,1.74271,0.01173,1.75713,0.00495,-0.02664,0.00329,-8.11
cut0p03,0.10,1600,157.079636,200,3,0.00252799256,7.68e-06,1.77359,0.00539,1.76134,0.00597,-0.02042,0.01275,-1.60
cut0p03,0.10,1600,157.079636,500,5,0.00215695679,9.21e-06,1.74897,0.00747,1.76134,0.00597,-0.02042,0.01275,-1.60
cut0p03,0.10,1600,157.079636,1000,8,0.00180440915,7.522e-06,1.75477,0.00731,1.76134,0.00597,-0.02042,0.01275,-1.60
cut0p03,0.10,1600,157.079636,2000,8,0.00141635732,6.758e-06,1.75592,0.00838,1.76134,0.00597,-0.02042,0.01275,-1.60
cut0p03,0.30,100,13.089969,200,8,0.0249739597,0.0001233,2.90402,0.01434,2.91794,0.00478,-0.00284,0.01771,-0.16
cut0p03,0.30,100,13.089969,500,6,0.01667547,4.775e-05,2.92654,0.00838,2.91794,0.00478,-0.00284,0.01771,-0.16
cut0p03,0.30,100,13.089969,1000,7,0.011957589,4.62e-05,2.92021,0.01128,2.91794,0.00478,-0.00284,0.01771,-0.16
cut0p03,0.30,100,13.089969,2000,9,0.00849760132,2.888e-05,2.91083,0.00989,2.91794,0.00478,-0.00284,0.01771,-0.16
cut0p03,0.30,400,26.179939,200,6,0.0192791535,9.14e-05,2.83242,0.01343,2.88046,0.01428,0.06219,0.02841,2.19
cut0p03,0.30,400,26.179939,500,7,0.0144467982,4.571e-05,2.88942,0.00914,2.88046,0.01428,0.06219,0.02841,2.19
cut0p03,0.30,400,26.179939,1000,8,0.010808899,5.2e-05,2.88260,0.01387,2.88046,0.01428,0.06219,0.02841,2.19
cut0p03,0.30,400,26.179939,2000,10,0.0079491814,3.562e-05,2.90555,0.01302,2.88046,0.01428,0.06219,0.02841,2.19
cut0p03,0.30,900,39.269909,200,4,0.0155406631,0.0001764,2.89378,0.03284,2.87680,0.01067,0.00563,0.04088,0.14
cut0p03,0.30,900,39.269909,500,7,0.0124256017,6.256e-05,2.85955,0.01440,2.87680,0.01067,0.00563,0.04088,0.14
cut0p03,0.30,900,39.269909,1000,10,0.01002589,7.1e-05,2.91369,0.02063,2.87680,0.01067,0.00563,0.04088,0.14
cut0p03,0.30,900,39.269909,2000,8,0.00746301597,3.243e-05,2.87381,0.01249,2.87680,0.01067,0.00563,0.04088,0.14
cut0p03,0.30,1600,52.359879,500,5,0.0106923814,5.332e-05,2.85295,0.01423,2.86605,0.00791,0.01550,0.04012,0.39
cut0p03,0.30,1600,52.359879,1000,7,0.00902916208,5.965e-05,2.88941,0.01909,2.86605,0.00791,0.01550,0.04012,0.39
cut0p03,0.30,1600,52.359879,2000,8,0.00702558354,2.332e-05,2.86610,0.00951,2.86605,0.00791,0.01550,0.04012,0.39
cut0p03,0.50,100,7.853982,200,5,0.0855452538,0.0007096,5.63930,0.04678,5.56056,0.01591,-0.03359,0.05539,-0.61
cut0p03,0.50,100,7.853982,500,4,0.0557125658,0.0002928,5.54304,0.02913,5.56056,0.01591,-0.03359,0.05539,-0.61
cut0p03,0.50,100,7.853982,1000,8,0.0400330564,0.0002044,5.54252,0.02830,5.56056,0.01591,-0.03359,0.05539,-0.61
cut0p03,0.50,100,7.853982,2000,8,0.028653344,0.0001183,5.56435,0.02298,5.56056,0.01591,-0.03359,0.05539,-0.61
cut0p03,0.50,400,15.707963,200,5,0.0643859412,0.0002941,5.52533,0.02524,5.50766,0.01627,-0.05917,0.02552,-2.32
cut0p03,0.50,400,15.707963,500,6,0.0473945091,0.0002522,5.53688,0.02947,5.50766,0.01627,-0.05917,0.02552,-2.32
cut0p03,0.50,400,15.707963,1000,5,0.0353334981,0.0002541,5.50411,0.03959,5.50766,0.01627,-0.05917,0.02552,-2.32
cut0p03,0.50,400,15.707963,2000,7,0.0256096895,0.0001217,5.46775,0.02597,5.50766,0.01627,-0.05917,0.02552,-2.32
cut0p03,0.50,900,23.561945,200,3,0.0498678982,0.0005372,5.47440,0.05897,5.48725,0.02059,0.07027,0.08444,0.83
cut0p03,0.50,900,23.561945,500,8,0.0406256821,0.000433,5.51189,0.05875,5.48725,0.02059,0.07027,0.08444,0.83
cut0p03,0.50,900,23.561945,1000,7,0.0317124692,0.0001418,5.43338,0.02429,5.48725,0.02059,0.07027,0.08444,0.83
cut0p03,0.50,900,23.561945,2000,8,0.0242813201,7.442e-05,5.51232,0.01690,5.48725,0.02059,0.07027,0.08444,0.83
cut0p03,0.50,1600,31.415928,500,3,0.0347928899,7.553e-05,5.49777,0.01194,5.50025,0.00256,0.00041,0.01783,0.02
cut0p03,0.50,1600,31.415928,1000,9,0.0290412935,5.331e-05,5.50370,0.01010,5.50025,0.00256,0.00041,0.01783,0.02
cut0p03,0.50,1600,31.415928,2000,8,0.0227421674,7.853e-05,5.49437,0.01897,5.50025,0.00256,0.00041,0.01783,0.02
cut0p03,0.60,100,6.544985,500,4,0.101490092,0.0008166,8.16913,0.06573,8.15333,0.01492,-0.07664,0.02313,-3.31
cut0p03,0.60,100,6.544985,1000,4,0.072861156,0.0009731,8.16098,0.10899,8.15333,0.01492,-0.07664,0.02313,-3.31
cut0p03,0.60,100,6.544985,2000,4,0.0516929164,0.000549,8.12133,0.08626,8.15333,0.01492,-0.07664,0.02313,-3.31
cut0p03,0.60,400,13.089969,500,5,0.0856928131,0.0008343,8.22914,0.08012,8.29183,0.01760,0.11961,0.01155,10.36
cut0p03,0.60,400,13.089969,1000,8,0.0646331141,0.0008794,8.27615,0.11260,8.29183,0.01760,0.11961,0.01155,10.36
cut0p03,0.60,400,13.089969,2000,8,0.0473107064,0.0001817,8.30303,0.03189,8.29183,0.01760,0.11961,0.01155,10.36
cut0p03,0.60,900,19.634954,500,5,0.0745299349,0.0008199,8.35184,0.09187,8.30653,0.02226,-0.11782,0.06759,-1.74
cut0p03,0.60,900,19.634954,1000,6,0.0585506236,0.0005826,8.28559,0.08244,8.30653,0.02226,-0.11782,0.06759,-1.74
cut0p03,0.60,900,19.634954,2000,5,0.0441762761,0.0005374,8.28330,0.10077,8.30653,0.02226,-0.11782,0.06759,-1.74
cut0p03,0.60,1600,26.179939,500,3,0.0639085982,0.0001441,8.36005,0.01885,8.35423,0.01142,-0.01134,0.06403,-0.18
cut0p03,0.60,1600,26.179939,1000,6,0.0529766718,0.0002759,8.31146,0.04329,8.35423,0.01142,-0.01134,0.06403,-0.18
cut0p03,0.60,1600,26.179939,2000,8,0.0418048976,0.000164,8.36116,0.03280,8.35423,0.01142,-0.01134,0.06403,-0.18
cut0p03,0.65,100,6.041524,200,5,0.226955915,0.003632,11.00499,0.17610,11.00438,0.05894,-0.29511,0.11705,-2.52
cut0p03,0.65,100,6.041524,500,3,0.152296704,0.0007557,11.14562,0.05530,11.00438,0.05894,-0.29511,0.11705,-2.52
cut0p03,0.65,100,6.041524,1000,4,0.109457391,0.00135,11.14686,0.13743,11.00438,0.05894,-0.29511,0.11705,-2.52
cut0p03,0.65,100,6.041524,2000,8,0.076507306,0.0002631,10.92850,0.03757,11.00438,0.05894,-0.29511,0.11705,-2.52
cut0p03,0.65,1600,24.166098,500,5,0.086676863,0.0007932,10.43160,0.09547,10.39728,0.07926,-0.13706,0.58435,-0.23
cut0p03,0.65,1600,24.166098,1000,5,0.0701316979,0.001578,10.12290,0.22772,10.39728,0.07926,-0.13706,0.58435,-0.23
cut0p03,0.65,1600,24.166098,2000,3,0.0571887787,0.001562,10.52322,0.28736,10.39728,0.07926,-0.13706,0.58435,-0.23
cut0p10,0.10,100,39.269909,50,8,0.00793914501,0.0001073,1.77274,0.02395,1.76563,0.00258,0.00418,0.00935,0.45
cut0p10,0.10,100,39.269909,200,6,0.00474123785,3.327e-05,1.74516,0.01224,1.76563,0.00258,0.00418,0.00935,0.45
cut0p10,0.10,100,39.269909,500,8,0.00318167015,1.009e-05,1.76752,0.00561,1.76563,0.00258,0.00418,0.00935,0.45
cut0p10,0.10,100,39.269909,1000,10,0.00228672382,5.794e-06,1.76773,0.00448,1.76563,0.00258,0.00418,0.00935,0.45
cut0p10,0.10,100,39.269909,2000,9,0.00162718717,5.107e-06,1.76437,0.00554,1.76563,0.00258,0.00418,0.00935,0.45
cut0p10,0.10,400,78.539818,200,7,0.00386672211,1.856e-05,1.74937,0.00840,1.75371,0.00274,-0.00803,0.01109,-0.72
cut0p10,0.10,400,78.539818,500,9,0.00285204569,5.99e-06,1.75657,0.00369,1.75371,0.00274,-0.00803,0.01109,-0.72
cut0p10,0.10,400,78.539818,1000,10,0.00213775712,5.181e-06,1.75562,0.00425,1.75371,0.00274,-0.00803,0.01109,-0.72
cut0p10,0.10,400,78.539818,2000,9,0.0015486828,5.711e-06,1.74317,0.00643,1.75371,0.00274,-0.00803,0.01109,-0.72
cut0p10,0.10,900,117.809723,200,4,0.00310852395,1.168e-05,1.76674,0.00664,1.75711,0.00481,-0.02219,0.00422,-5.26
cut0p10,0.10,900,117.809723,500,8,0.00249761988,1.08e-05,1.75440,0.00758,1.75711,0.00481,-0.02219,0.00422,-5.26
cut0p10,0.10,900,117.809723,1000,6,0.00197005504,1.252e-05,1.74752,0.01110,1.75711,0.00481,-0.02219,0.00422,-5.26
cut0p10,0.10,900,117.809723,2000,7,0.00148599991,9.048e-06,1.74656,0.01063,1.75711,0.00481,-0.02219,0.00422,-5.26
cut0p10,0.10,1600,157.079636,200,3,0.00252799256,7.68e-06,1.77359,0.00539,1.75968,0.00615,-0.01955,0.01463,-1.34
cut0p10,0.10,1600,157.079636,500,6,0.00215572654,7.62e-06,1.74797,0.00618,1.75968,0.00615,-0.01955,0.01463,-1.34
cut0p10,0.10,1600,157.079636,1000,8,0.00180440915,7.522e-06,1.75477,0.00731,1.75968,0.00615,-0.01955,0.01463,-1.34
cut0p10,0.10,1600,157.079636,2000,9,0.00141580707,5.985e-06,1.75523,0.00742,1.75968,0.00615,-0.01955,0.01463,-1.34
cut0p10,0.30,100,13.089969,50,4,0.0418828891,0.0006829,2.95445,0.04817,2.90916,0.00575,0.01237,0.01320,0.94
cut0p10,0.30,100,13.089969,200,9,0.024921242,0.0001209,2.89789,0.01406,2.90916,0.00575,0.01237,0.01320,0.94
cut0p10,0.30,100,13.089969,500,9,0.0165221664,8.343e-05,2.89964,0.01464,2.90916,0.00575,0.01237,0.01320,0.94
cut0p10,0.30,100,13.089969,1000,9,0.0119487317,0.0001032,2.91805,0.02519,2.90916,0.00575,0.01237,0.01320,0.94
cut0p10,0.30,100,13.089969,2000,10,0.00851689791,3.225e-05,2.91744,0.01105,2.90916,0.00575,0.01237,0.01320,0.94
cut0p10,0.30,400,26.179939,200,8,0.0193402817,0.0002294,2.84140,0.03370,2.88803,0.00968,0.05625,0.01111,5.06
cut0p10,0.30,400,26.179939,500,9,0.0143854583,8.923e-05,2.87716,0.01785,2.88803,0.00968,0.05625,0.01111,5.06
cut0p10,0.30,400,26.179939,1000,8,0.010808899,5.2e-05,2.88260,0.01387,2.88803,0.00968,0.05625,0.01111,5.06
cut0p10,0.30,400,26.179939,2000,10,0.0079491814,3.562e-05,2.90555,0.01302,2.88803,0.00968,0.05625,0.01111,5.06
cut0p10,0.30,900,39.269909,200,6,0.0154431116,0.0001319,2.87562,0.02456,2.88119,0.00924,0.01409,0.03146,0.45
cut0p10,0.30,900,39.269909,500,8,0.0124621127,6.533e-05,2.86795,0.01504,2.88119,0.00924,0.01409,0.03146,0.45
cut0p10,0.30,900,39.269909,1000,10,0.01002589,7.1e-05,2.91369,0.02063,2.88119,0.00924,0.01409,0.03146,0.45
cut0p10,0.30,900,39.269909,2000,10,0.00747730066,3.849e-05,2.87931,0.01482,2.88119,0.00924,0.01409,0.03146,0.45
cut0p10,0.30,1600,52.359879,500,5,0.0106923814,5.332e-05,2.85295,0.01423,2.86237,0.00422,0.02109,0.00677,3.12
cut0p10,0.30,1600,52.359879,1000,8,0.00895780955,8.809e-05,2.86658,0.02819,2.86237,0.00422,0.02109,0.00677,3.12
cut0p10,0.30,1600,52.359879,2000,8,0.00702558354,2.332e-05,2.86610,0.00951,2.86237,0.00422,0.02109,0.00677,3.12
cut0p10,0.50,100,7.853982,50,8,0.133361569,0.004604,5.33321,0.18411,5.54466,0.01312,0.08316,0.02509,3.31
cut0p10,0.50,100,7.853982,200,7,0.0837733555,0.001247,5.52249,0.08224,5.54466,0.01312,0.08316,0.02509,3.31
cut0p10,0.50,100,7.853982,500,8,0.055415089,0.0005103,5.51344,0.05077,5.54466,0.01312,0.08316,0.02509,3.31
cut0p10,0.50,100,7.853982,1000,9,0.0399691814,0.0001913,5.53368,0.02648,5.54466,0.01312,0.08316,0.02509,3.31
cut0p10,0.50,100,7.853982,2000,8,0.028653344,0.0001183,5.56435,0.02298,5.54466,0.01312,0.08316,0.02509,3.31
cut0p10,0.50,400,15.707963,200,8,0.064225258,0.0005725,5.51155,0.04913,5.50590,0.01678,-0.05090,0.05061,-1.01
cut0p10,0.50,400,15.707963,500,9,0.0475668599,0.000319,5.55702,0.03727,5.50590,0.01678,-0.05090,0.05061,-1.01
cut0p10,0.50,400,15.707963,1000,7,0.0352010064,0.0002011,5.48347,0.03133,5.50590,0.01678,-0.05090,0.05061,-1.01
cut0p10,0.50,400,15.707963,2000,8,0.0257127638,0.0001474,5.48976,0.03147,5.50590,0.01678,-0.05090,0.05061,-1.01
cut0p10,0.50,900,23.561945,200,7,0.0492162373,0.0006403,5.40286,0.07029,5.47504,0.01855,0.02892,0.06815,0.42
cut0p10,0.50,900,23.561945,500,9,0.0407237337,0.0003943,5.52519,0.05349,5.47504,0.01855,0.02892,0.06815,0.42
cut0p10,0.50,900,23.561945,1000,8,0.0319068558,0.0002299,5.46669,0.03939,5.47504,0.01855,0.02892,0.06815,0.42
cut0p10,0.50,900,23.561945,2000,9,0.0241319576,0.0001631,5.47842,0.03704,5.47504,0.01855,0.02892,0.06815,0.42
cut0p10,0.50,1600,31.415928,500,6,0.0343485526,0.0004847,5.42756,0.07659,5.49630,0.01703,-0.03983,0.14065,-0.28
cut0p10,0.50,1600,31.415928,1000,10,0.0291969461,0.0001628,5.53320,0.03085,5.49630,0.01703,-0.03983,0.14065,-0.28
cut0p10,0.50,1600,31.415928,2000,9,0.0227134098,7.499e-05,5.48742,0.01812,5.49630,0.01703,-0.03983,0.14065,-0.28
cut0p10,0.60,100,6.544985,200,6,0.161835055,0.003964,8.63096,0.21139,8.15528,0.09332,-0.60701,0.11709,-5.18
cut0p10,0.60,100,6.544985,500,9,0.101855765,0.002784,8.19856,0.22406,8.15528,0.09332,-0.60701,0.11709,-5.18
cut0p10,0.60,100,6.544985,1000,6,0.0725793982,0.0007014,8.12942,0.07856,8.15528,0.09332,-0.60701,0.11709,-5.18
cut0p10,0.60,100,6.544985,2000,8,0.0508224979,0.0009721,7.98458,0.15273,8.15528,0.09332,-0.60701,0.11709,-5.18
cut0p10,0.60,400,13.089969,200,6,0.12521666,0.001876,8.83288,0.13235,8.30302,0.07626,-0.30615,0.27937,-1.10
cut0p10,0.60,400,13.089969,500,6,0.0845844501,0.001301,8.12270,0.12493,8.30302,0.07626,-0.30615,0.27937,-1.10
cut0p10,0.60,400,13.089969,1000,8,0.0646331141,0.0008794,8.27615,0.11260,8.30302,0.07626,-0.30615,0.27937,-1.10
cut0p10,0.60,400,13.089969,2000,9,0.0472007826,0.0001943,8.28373,0.03411,8.30302,0.07626,-0.30615,0.27937,-1.10
cut0p10,0.60,900,19.634954,500,7,0.0745568367,0.001231,8.35486,0.13791,8.33126,0.05268,0.09120,0.28458,0.32
cut0p10,0.60,900,19.634954,1000,8,0.0581091329,0.0009735,8.22312,0.13776,8.33126,0.05268,0.09120,0.28458,0.32
cut0p10,0.60,900,19.634954,2000,7,0.044794416,0.0006584,8.39920,0.12345,8.33126,0.05268,0.09120,0.28458,0.32
cut0p10,0.60,1600,26.179939,500,5,0.0647928879,0.001147,8.47573,0.15008,8.30821,0.03906,-0.04456,0.29088,-0.15
cut0p10,0.60,1600,26.179939,1000,7,0.0526004209,0.0004427,8.25243,0.06945,8.30821,0.03906,-0.04456,0.29088,-0.15
cut0p10,0.60,1600,26.179939,2000,9,0.0415941114,0.0002556,8.31901,0.05113,8.30821,0.03906,-0.04456,0.29088,-0.15
cut0p10,0.65,100,6.041524,200,7,0.222022153,0.004565,10.76576,0.22133,10.97381,0.08967,-0.10236,0.37804,-0.27
cut0p10,0.65,100,6.041524,500,8,0.153586944,0.00419,11.24004,0.30667,10.97381,0.08967,-0.10236,0.37804,-0.27
cut0p10,0.65,100,6.041524,1000,7,0.109117904,0.0009466,11.11229,0.09640,10.97381,0.08967,-0.10236,0.37804,-0.27
cut0p10,0.65,100,6.041524,2000,9,0.0758255869,0.0007201,10.83112,0.10286,10.97381,0.08967,-0.10236,0.37804,-0.27
cut0p10,0.65,400,12.083049,200,5,0.158715753,0.00767,10.26347,0.49600,10.36484,0.08133,-0.07711,0.38086,-0.20
cut0p10,0.65,400,12.083049,500,8,0.115907029,0.003456,10.20361,0.30420,10.36484,0.08133,-0.07711,0.38086,-0.20
cut0p10,0.65,400,12.083049,1000,7,0.0900740021,0.00151,10.57321,0.17724,10.36484,0.08133,-0.07711,0.38086,-0.20
cut0p10,0.65,400,12.083049,2000,7,0.0639357536,0.0008236,10.28620,0.13251,10.36484,0.08133,-0.07711,0.38086,-0.20
cut0p10,0.65,900,18.124573,200,6,0.132155914,0.001648,11.01147,0.13728,10.61086,0.18094,-0.75547,0.30412,-2.48
cut0p10,0.65,900,18.124573,500,5,0.109379191,0.002721,11.26361,0.28023,10.61086,0.18094,-0.75547,0.30412,-2.48
cut0p10,0.65,900,18.124573,1000,7,0.0800404898,0.0007711,10.40862,0.10028,10.61086,0.18094,-0.75547,0.30412,-2.48
cut0p10,0.65,900,18.124573,2000,7,0.0602275018,0.0009112,10.37769,0.15701,10.61086,0.18094,-0.75547,0.30412,-2.48
cut0p10,0.65,1600,24.166098,500,7,0.0866260355,0.0007692,10.42549,0.09258,10.38763,0.07057,-0.49795,0.14356,-3.47
cut0p10,0.65,1600,24.166098,1000,6,0.0718685071,0.002162,10.37360,0.31212,10.38763,0.07057,-0.49795,0.14356,-3.47
cut0p10,0.65,1600,24.166098,2000,6,0.054872733,0.001417,10.09705,0.26080,10.38763,0.07057,-0.49795,0.14356,-3.47
nocut,0.10,100,39.269909,50,10,0.00701207635,0.0007557,1.56574,0.16874,1.76174,0.00309,0.00644,0.00968,0.67
nocut,0.10,100,39.269909,200,10,0.0047738067,3.363e-05,1.75715,0.01238,1.76174,0.00309,0.00644,0.00968,0.67
nocut,0.10,100,39.269909,500,10,0.00317310187,1.704e-05,1.76276,0.00947,1.76174,0.00309,0.00644,0.00968,0.67
nocut,0.10,100,39.269909,1000,10,0.0022803881,1.225e-05,1.76284,0.00947,1.76174,0.00309,0.00644,0.00968,0.67
nocut,0.10,100,39.269909,2000,10,0.00162586575,8.734e-06,1.76294,0.00947,1.76174,0.00309,0.00644,0.00968,0.67
nocut,0.10,400,78.539818,50,10,0.00357697271,0.0007454,1.24672,0.25979,1.74440,0.00434,0.00444,0.01973,0.23
nocut,0.10,400,78.539818,200,10,0.00387080236,3.725e-05,1.75122,0.01685,1.74440,0.00434,0.00444,0.01973,0.23
nocut,0.10,400,78.539818,500,10,0.00282439709,1.403e-05,1.73954,0.00864,1.74440,0.00434,0.00444,0.01973,0.23
nocut,0.10,400,78.539818,1000,10,0.00212560653,7.062e-06,1.74564,0.00580,1.74440,0.00434,0.00444,0.01973,0.23
nocut,0.10,400,78.539818,2000,10,0.00155086402,9.249e-06,1.74562,0.01041,1.74440,0.00434,0.00444,0.01973,0.23
nocut,0.10,900,117.809723,50,10,0.00285744523,0.0004578,1.40911,0.22576,1.74532,0.00709,-0.01696,0.02164,-0.78
nocut,0.10,900,117.809723,200,10,0.00306116121,3.042e-05,1.73982,0.01729,1.74532,0.00709,-0.01696,0.02164,-0.78
nocut,0.10,900,117.809723,500,10,0.00250134783,1.261e-05,1.75702,0.00886,1.74532,0.00709,-0.01696,0.02164,-0.78
nocut,0.10,900,117.809723,1000,10,0.0019548279,2.66e-05,1.73401,0.02360,1.74532,0.00709,-0.01696,0.02164,-0.78
nocut,0.10,900,117.809723,2000,10,0.00147536796,8.857e-06,1.73406,0.01041,1.74532,0.00709,-0.01696,0.02164,-0.78
nocut,0.10,1600,157.079636,50,10,0.00247689788,0.0002659,1.59466,0.17120,1.74674,0.00231,0.00332,0.00966,0.34
nocut,0.10,1600,157.079636,200,10,0.00249632111,2.062e-05,1.75137,0.01447,1.74674,0.00231,0.00332,0.00966,0.34
nocut,0.10,1600,157.079636,500,10,0.00215263145,7.152e-06,1.74546,0.00580,1.74674,0.00231,0.00332,0.00966,0.34
nocut,0.10,1600,157.079636,1000,10,0.00179487152,1.07e-05,1.74549,0.01041,1.74674,0.00231,0.00332,0.00966,0.34
nocut,0.10,1600,157.079636,2000,10,0.00141248206,9.354e-06,1.75111,0.01160,1.74674,0.00231,0.00332,0.00966,0.34
nocut,0.30,100,13.089969,50,10,0.0252660293,0.006431,1.78229,0.45366,2.90387,0.01068,0.01055,0.02821,0.37
nocut,0.30,100,13.089969,200,10,0.0249042146,0.0001064,2.89591,0.01238,2.90387,0.01068,0.01055,0.02821,0.37
nocut,0.30,100,13.089969,500,10,0.0166605199,0.0001183,2.92392,0.02076,2.90387,0.01068,0.01055,0.02821,0.37
nocut,0.30,100,13.089969,1000,10,0.0118966291,8.112e-05,2.90533,0.01981,2.90387,0.01068,0.01055,0.02821,0.37
nocut,0.30,100,13.089969,2000,10,0.00848145937,4.139e-05,2.90530,0.01418,2.90387,0.01068,0.01055,0.02821,0.37
nocut,0.30,400,26.179939,50,10,0.0205847378,0.003297,2.32986,0.37321,2.88128,0.01288,0.05603,0.03388,1.65
nocut,0.30,400,26.179939,200,10,0.0191432904,0.0001348,2.81246,0.01981,2.88128,0.01288,0.05603,0.03388,1.65
nocut,0.30,400,26.179939,500,10,0.0144337691,4.641e-05,2.88682,0.00928,2.88128,0.01288,0.05603,0.03388,1.65
nocut,0.30,400,26.179939,1000,10,0.0108241583,6.248e-05,2.88667,0.01666,2.88128,0.01288,0.05603,0.03388,1.65
nocut,0.30,400,26.179939,2000,10,0.00792280345,3.386e-05,2.89591,0.01238,2.88128,0.01288,0.05603,0.03388,1.65
nocut,0.30,900,39.269909,50,10,0.0124103267,0.002587,2.00507,0.41794,2.85822,0.01754,0.03206,0.06119,0.52
nocut,0.30,900,39.269909,200,10,0.0152043868,0.000134,2.83117,0.02495,2.85822,0.01754,0.03206,0.06119,0.52
nocut,0.30,900,39.269909,500,10,0.012383097,6.161e-05,2.84977,0.01418,2.85822,0.01754,0.03206,0.06119,0.52
nocut,0.30,900,39.269909,1000,10,0.0100281042,7.061e-05,2.91434,0.02052,2.85822,0.01754,0.03206,0.06119,0.52
nocut,0.30,900,39.269909,2000,10,0.0073756313,5.329e-05,2.84016,0.02052,2.85822,0.01754,0.03206,0.06119,0.52
nocut,0.30,1600,52.359879,50,10,0.00841171619,0.002171,1.78206,0.45989,2.85838,0.01182,0.02254,0.04855,0.46
nocut,0.30,1600,52.359879,200,10,0.0111374576,0.001197,2.57122,0.27642,2.85838,0.01182,0.02254,0.04855,0.46
nocut,0.30,1600,52.359879,500,10,0.0106794894,5.314e-05,2.84951,0.01418,2.85838,0.01182,0.02254,0.04855,0.46
nocut,0.30,1600,52.359879,1000,10,0.0089917693,6.115e-05,2.87745,0.01957,2.85838,0.01182,0.02254,0.04855,0.46
nocut,0.30,1600,52.359879,2000,10,0.00700785317,3.034e-05,2.85887,0.01238,2.85838,0.01182,0.02254,0.04855,0.46
nocut,0.50,100,7.853982,50,10,0.0980016697,0.02066,3.91915,0.82626,5.55573,0.01590,-0.00304,0.04854,-0.06
nocut,0.50,100,7.853982,200,10,0.0846036585,0.0005423,5.57723,0.03575,5.55573,0.01590,-0.00304,0.04854,-0.06
nocut,0.50,100,7.853982,500,10,0.0557111218,0.0003021,5.54289,0.03006,5.55573,0.01590,-0.00304,0.04854,-0.06
nocut,0.50,100,7.853982,1000,10,0.0400387081,0.0002822,5.54330,0.03908,5.55573,0.01590,-0.00304,0.04854,-0.06
nocut,0.50,100,7.853982,2000,10,0.0286293278,0.000115,5.55968,0.02233,5.55573,0.01590,-0.00304,0.04854,-0.06
nocut,0.50,400,15.707963,50,10,0.0587639311,0.01196,3.88502,0.79051,5.49665,0.02402,0.04469,0.07213,0.62
nocut,0.50,400,15.707963,200,10,0.0638087092,0.000508,5.47580,0.04360,5.49665,0.02402,0.04469,0.07213,0.62
nocut,0.50,400,15.707963,500,10,0.0471630127,0.0003345,5.50984,0.03908,5.49665,0.02402,0.04469,0.07213,0.62
nocut,0.50,400,15.707963,1000,10,0.0351542598,0.0002799,5.47619,0.04360,5.49665,0.02402,0.04469,0.07213,0.62
nocut,0.50,400,15.707963,2000,10,0.0258823529,0.0002025,5.52596,0.04324,5.49665,0.02402,0.04469,0.07213,0.62
nocut,0.50,900,23.561945,50,10,0.0358647996,0.009174,3.41613,0.87378,5.44929,0.03270,0.12637,0.17803,0.71
nocut,0.50,900,23.561945,200,10,0.0451565498,0.004863,4.95720,0.53382,5.44929,0.03270,0.12637,0.17803,0.71
nocut,0.50,900,23.561945,500,10,0.0407357116,0.000368,5.52682,0.04993,5.44929,0.03270,0.12637,0.17803,0.71
nocut,0.50,900,23.561945,1000,10,0.0314744226,0.0001303,5.39260,0.02233,5.44929,0.03270,0.12637,0.17803,0.71
nocut,0.50,900,23.561945,2000,10,0.0241946897,9.835e-05,5.49266,0.02233,5.44929,0.03270,0.12637,0.17803,0.71
nocut,0.50,1600,31.415928,50,10,0.0351058134,0.005635,4.40447,0.70702,5.51288,0.01319,0.06643,0.05102,1.30
nocut,0.50,1600,31.415928,200,10,0.0401763841,0.0004,5.49290,0.05469,5.51288,0.01319,0.06643,0.05102,1.30
nocut,0.50,1600,31.415928,500,10,0.0347603924,0.0002644,5.49264,0.04177,5.51288,0.01319,0.06643,0.05102,1.30
nocut,0.50,1600,31.415928,1000,10,0.0290705251,8.836e-05,5.50924,0.01675,5.51288,0.01319,0.06643,0.05102,1.30
nocut,0.50,1600,31.415928,2000,10,0.0229439297,0.0001244,5.54311,0.03006,5.51288,0.01319,0.06643,0.05102,1.30
nocut,0.60,100,6.544985,50,10,0.1349973,0.04088,4.36758,1.32260,8.17988,0.08488,0.46767,0.36007,1.30
nocut,0.60,100,6.544985,200,10,0.139266621,0.01513,7.42735,0.80705,8.17988,0.08488,0.46767,0.36007,1.30
nocut,0.60,100,6.544985,500,10,0.100434603,0.001613,8.08417,0.12987,8.17988,0.08488,0.46767,0.36007,1.30
nocut,0.60,100,6.544985,1000,10,0.0730434783,0.0006641,8.18140,0.07439,8.17988,0.08488,0.46767,0.36007,1.30
nocut,0.60,100,6.544985,2000,10,0.0525379862,0.0005867,8.25410,0.09218,8.17988,0.08488,0.46767,0.36007,1.30
nocut,0.60,400,13.089969,50,10,0.0927539328,0.02405,5.04066,1.30684,8.30249,0.04792,-0.04834,0.22256,-0.22
nocut,0.60,400,13.089969,200,10,0.103556438,0.01119,7.30495,0.78944,8.30249,0.04792,-0.04834,0.22256,-0.22
nocut,0.60,400,13.089969,500,10,0.0869675456,0.0006601,8.35155,0.06339,8.30249,0.04792,-0.04834,0.22256,-0.22
nocut,0.60,400,13.089969,1000,10,0.0648450105,0.0004437,8.30328,0.05682,8.30249,0.04792,-0.04834,0.22256,-0.22
nocut,0.60,400,13.089969,2000,10,0.0471732723,0.0002925,8.27891,0.05133,8.30249,0.04792,-0.04834,0.22256,-0.22
nocut,0.60,900,19.634954,50,10,0.0650027136,0.01665,5.11386,1.30987,8.35389,0.06549,0.15705,0.21674,0.72
nocut,0.60,900,19.634954,200,10,0.0905030982,0.001269,8.20598,0.11507,8.35389,0.06549,0.15705,0.21674,0.72
nocut,0.60,900,19.634954,500,10,0.0747501086,0.0007387,8.37651,0.08278,8.35389,0.06549,0.15705,0.21674,0.72
nocut,0.60,900,19.634954,1000,10,0.0595317051,0.0005256,8.42443,0.07438,8.35389,0.06549,0.15705,0.21674,0.72
nocut,0.60,900,19.634954,2000,10,0.0444098169,0.0005048,8.32709,0.09465,8.35389,0.06549,0.15705,0.21674,0.72
nocut,0.60,1600,26.179939,50,10,0.0637599625,0.01027,6.62242,1.06671,8.34534,0.04317,-0.04172,0.13505,-0.31
nocut,0.60,1600,26.179939,200,10,0.0748709122,0.0006252,8.47418,0.07076,8.34534,0.04317,-0.04172,0.13505,-0.31
nocut,0.60,1600,26.179939,500,10,0.0625384638,0.0006327,8.18082,0.08277,8.34534,0.04317,-0.04172,0.13505,-0.31
nocut,0.60,1600,26.179939,1000,10,0.0530783292,0.0003871,8.32741,0.06074,8.34534,0.04317,-0.04172,0.13505,-0.31
nocut,0.60,1600,26.179939,2000,10,0.0417579742,0.000186,8.35178,0.03719,8.34534,0.04317,-0.04172,0.13505,-0.31
nocut,0.65,100,6.041524,50,10,0.2249955,0.05921,6.61836,1.74177,11.02875,0.08446,0.01060,0.34923,0.03
nocut,0.65,100,6.041524,200,10,0.223236807,0.004069,10.82465,0.19728,11.02875,0.08446,0.01060,0.34923,0.03
nocut,0.65,100,6.041524,500,10,0.152058281,0.002624,11.12817,0.19204,11.02875,0.08446,0.01060,0.34923,0.03
nocut,0.65,100,6.041524,1000,10,0.110163865,0.0009925,11.21881,0.10107,11.02875,0.08446,0.01060,0.34923,0.03
nocut,0.65,100,6.041524,2000,10,0.0768332803,0.0004245,10.97506,0.06064,11.02875,0.08446,0.01060,0.34923,0.03
nocut,0.65,400,12.083049,50,10,0.177111491,0.0288,8.82340,1.43466,10.44628,0.05939,-0.03000,0.25415,-0.12
nocut,0.65,400,12.083049,200,10,0.150512776,0.01634,9.73302,1.05660,10.44628,0.05939,-0.03000,0.25415,-0.12
nocut,0.65,400,12.083049,500,10,0.119849666,0.001687,10.55069,0.14853,10.44628,0.05939,-0.03000,0.25415,-0.12
nocut,0.65,400,12.083049,1000,10,0.0885847107,0.001336,10.39839,0.15688,10.44628,0.05939,-0.03000,0.25415,-0.12
nocut,0.65,400,12.083049,2000,10,0.0648237965,0.0006995,10.42907,0.11253,10.44628,0.05939,-0.03000,0.25415,-0.12
nocut,0.65,900,18.124573,50,10,0.0478144929,0.02222,3.45675,1.60655,10.30755,0.13577,0.18305,0.65079,0.28
nocut,0.65,900,18.124573,200,10,0.11171873,0.0122,9.30861,1.01680,10.30755,0.13577,0.18305,0.65079,0.28
nocut,0.65,900,18.124573,500,10,0.100403399,0.001115,10.33931,0.11479,10.30755,0.13577,0.18305,0.65079,0.28
nocut,0.65,900,18.124573,1000,10,0.0795057123,0.0007332,10.33908,0.09535,10.30755,0.13577,0.18305,0.65079,0.28
nocut,0.65,900,18.124573,2000,10,0.0596477956,0.0006661,10.27780,0.11478,10.30755,0.13577,0.18305,0.65079,0.28
nocut,0.65,1600,24.166098,50,10,0.0447386811,0.01679,4.27514,1.60404,10.21224,0.14730,-0.49817,0.55030,-0.91
nocut,0.65,1600,24.166098,200,10,0.0890925058,0.009668,9.27735,1.00676,10.21224,0.14730,-0.49817,0.55030,-0.91
nocut,0.65,1600,24.166098,500,10,0.0869127094,0.0008605,10.45999,0.10356,10.21224,0.14730,-0.49817,0.55030,-0.91
nocut,0.65,1600,24.166098,1000,10,0.0714210692,0.0009394,10.30901,0.13560,10.21224,0.14730,-0.49817,0.55030,-0.91
nocut,0.65,1600,24.166098,2000,10,0.0545361948,0.0004562,10.03512,0.08395,10.21224,0.14730,-0.49817,0.55030,-0.91
