L0,eta,cs,cs_err,intercept,intercept_err,fit_r2,n_points,n_points_used,cs_SPT,cs_Henderson,cs_Kolafa_Rottner_2006,rel_err_SPT,rel_err_Henderson,rel_err_Kolafa_Rottner_2006,N_total,N_side,L_eff,analysis_L0,analysis_eta,analysis_dir
5.1671,0.7599989969203697,37.452958909112006,0.09524616312366291,-0.0013903971962375848,0.001386582855771094,0.9999676645676531,9,7,20.705465125348667,22.034265233933496,nan,0.8088441231518253,0.6997598291334541,nan,100,50,4.1671,5.1671,0.759999,/Users/chrisharing/Desktop/CCS_complex_coupled_systems/Repo/HardDisks/hspist3/experiments_speed_of_sound/EDMD/mode1_normalized_units/00_eta_sweep_ROMAN/campaign_r25_psi6_20260823/analysis/analysis/eta_0p759999_L0_5p1671
5.236,0.7499982461778536,27.810230578716382,0.0709900777648927,0.0013447764200493217,0.0012446894886756345,0.9999543895501483,9,9,19.183074496136612,20.380860965124388,nan,0.4497274972433247,0.36452677962452573,nan,100,50,4.236,5.236,0.749998,/Users/chrisharing/Desktop/CCS_complex_coupled_systems/Repo/HardDisks/hspist3/experiments_speed_of_sound/EDMD/mode1_normalized_units/00_eta_sweep_ROMAN/campaign_r25_psi6_20260823/analysis/analysis/eta_0p749998_L0_5p236
5.3067,0.7400061840667913,22.69583445027655,0.024418698974792492,0.00080118011181014,0.00044716586617231445,0.9999918969736128,9,9,17.82853735513772,18.911522898515614,nan,0.2730059678023,0.20010612429620722,nan,100,50,4.3067,5.3067,0.740006,/Users/chrisharing/Desktop/CCS_complex_coupled_systems/Repo/HardDisks/hspist3/experiments_speed_of_sound/EDMD/mode1_normalized_units/00_eta_sweep_ROMAN/campaign_r25_psi6_20260823/analysis/analysis/eta_0p740006_L0_5p3067
5.3794,0.7300053569147565,18.520924634655223,0.02595405509446246,0.00044702400667255435,0.00043874689133877964,0.999986253973224,9,9,16.615690957025095,17.59744428814091,nan,0.11466472760945279,0.0524780946251755,nan,100,50,4.3794,5.3794,0.730005,/Users/chrisharing/Desktop/CCS_complex_coupled_systems/Repo/HardDisks/hspist3/experiments_speed_of_sound/EDMD/mode1_normalized_units/00_eta_sweep_ROMAN/campaign_r25_psi6_20260823/analysis/analysis/eta_0p730005_L0_5p3794
5.4165,0.7250052279123496,17.763497673461455,0.024725156633096622,0.0019199560552380958,0.0004098903301330727,0.9999864383264397,9,9,16.056614756063258,16.99224177121177,nan,0.10630403377858011,0.045388708131280486,nan,100,50,4.4165,5.4165,0.725005,/Users/chrisharing/Desktop/CCS_complex_coupled_systems/Repo/HardDisks/hspist3/experiments_speed_of_sound/EDMD/mode1_normalized_units/00_eta_sweep_ROMAN/campaign_r25_psi6_20260823/analysis/analysis/eta_0p725005_L0_5p4165
5.4542,0.7199939160623449,16.556665701062013,0.07158420950609971,-2.8430650958095252e-05,0.0010667268494804183,0.9998691631975853,9,9,15.525008019776818,16.417110174022195,nan,0.06645134611015968,0.008500614636834491,nan,100,50,4.4542,5.4542,0.719994,/Users/chrisharing/Desktop/CCS_complex_coupled_systems/Repo/HardDisks/hspist3/experiments_speed_of_sound/EDMD/mode1_normalized_units/00_eta_sweep_ROMAN/campaign_r25_psi6_20260823/analysis/analysis/eta_0p719994_L0_5p4542
5.4923,0.7149993294225081,16.11424321353377,0.13796613428025828,-0.0031168698696575135,0.0017265332366548382,0.9994871381282435,9,9,15.021832317744435,15.873052208104808,nan,0.07272154772350437,0.015194998558992312,nan,100,50,4.4923,5.4923,0.714999,/Users/chrisharing/Desktop/CCS_complex_coupled_systems/Repo/HardDisks/hspist3/experiments_speed_of_sound/EDMD/mode1_normalized_units/00_eta_sweep_ROMAN/campaign_r25_psi6_20260823/analysis/analysis/eta_0p714999_L0_5p4923
5.531,0.7099965317279411,15.985110553480398,0.38706040334710845,0.004275528624740281,0.005095766422035566,0.9959126156749806,9,9,14.542718990852057,15.355309106750934,nan,0.09918307322968034,0.041015224268756256,nan,100,50,4.531,5.531,0.709997,/Users/chrisharing/Desktop/CCS_complex_coupled_systems/Repo/HardDisks/hspist3/experiments_speed_of_sound/EDMD/mode1_normalized_units/00_eta_sweep_ROMAN/campaign_r25_psi6_20260823/analysis/analysis/eta_0p709997_L0_5p531
5.5702,0.7049999671443111,17.17572474736668,0.42854770602975467,0.012005928390620901,0.005812865682619732,0.9956611184516821,9,9,14.087429523178361,14.86359154279463,nan,0.21922347289170663,0.15555683146398724,nan,100,50,4.5702,5.5702,0.705,/Users/chrisharing/Desktop/CCS_complex_coupled_systems/Repo/HardDisks/hspist3/experiments_speed_of_sound/EDMD/mode1_normalized_units/00_eta_sweep_ROMAN/campaign_r25_psi6_20260823/analysis/analysis/eta_0p705000_L0_5p5702
5.61,0.6999983630993301,19.30107667648934,0.09632504340221694,0.0008117201458107032,0.0011983283702206246,0.9998256838266596,9,9,13.653423284348907,14.395125956208156,nan,0.41364376351053367,0.34080637676986814,nan,100,50,4.61,5.61,0.699998,/Users/chrisharing/Desktop/CCS_complex_coupled_systems/Repo/HardDisks/hspist3/experiments_speed_of_sound/EDMD/mode1_normalized_units/00_eta_sweep_ROMAN/campaign_r25_psi6_20260823/analysis/analysis/eta_0p699998_L0_5p61
5.6503,0.6950057195170596,17.71674514393744,0.061265124874045104,0.0006450983525269927,0.0007880924563557195,0.9999163009634673,9,9,13.240509079627007,13.94967824534526,nan,0.3380712960046195,0.2700468664823277,nan,100,50,4.6503,5.6503,0.695006,/Users/chrisharing/Desktop/CCS_complex_coupled_systems/Repo/HardDisks/hspist3/experiments_speed_of_sound/EDMD/mode1_normalized_units/00_eta_sweep_ROMAN/campaign_r25_psi6_20260823/analysis/analysis/eta_0p695006_L0_5p6503
5.6913,0.6899989136027344,16.5370533852311,0.12958074802392403,-0.00019107929682929414,0.0016904755973097456,0.9995703882702959,9,9,12.84552966811091,13.523817211004902,11.551028427827134,0.28737808502240414,0.22280959045898685,0.43165203761357973,100,50,4.6913,5.6913,0.689999,/Users/chrisharing/Desktop/CCS_complex_coupled_systems/Repo/HardDisks/hspist3/experiments_speed_of_sound/EDMD/mode1_normalized_units/00_eta_sweep_ROMAN/campaign_r25_psi6_20260823/analysis/analysis/eta_0p689999_L0_5p6913
5.775,0.6799984098679206,14.666622204297859,0.08778832554662358,-0.002054747151612033,0.001150538316373444,0.9997492722189069,9,9,12.109263169591431,12.730642747207323,11.671182898770361,0.21119030934338134,0.15207240479002726,0.2566525888171187,100,50,4.775,5.775,0.679998,/Users/chrisharing/Desktop/CCS_complex_coupled_systems/Repo/HardDisks/hspist3/experiments_speed_of_sound/EDMD/mode1_normalized_units/00_eta_sweep_ROMAN/campaign_r25_psi6_20260823/analysis/analysis/eta_0p679998_L0_5p775
5.8612,0.6699977507997068,13.144882861206062,0.026646388344183914,-0.0014514477343796595,0.0003380654779417112,0.9999712360309219,9,9,11.436325850360037,12.00649084062788,11.373273160449282,0.1493973705543059,0.09481471611389236,0.15576955514596968,100,50,4.8612,5.8612,0.669998,/Users/chrisharing/Desktop/CCS_complex_coupled_systems/Repo/HardDisks/hspist3/experiments_speed_of_sound/EDMD/mode1_normalized_units/00_eta_sweep_ROMAN/campaign_r25_psi6_20260823/analysis/analysis/eta_0p669998_L0_5p8612
6.0415,0.6500026180563174,11.147838907253119,0.09021464573514397,-0.002067720567257424,0.001033931752787167,0.9995417824482677,9,9,10.253086562805324,10.73524218220127,10.438876110467342,0.08726663321985884,0.03843385347523154,0.06791562513850313,100,50,5.0415,6.0415,0.650003,/Users/chrisharing/Desktop/CCS_complex_coupled_systems/Repo/HardDisks/hspist3/experiments_speed_of_sound/EDMD/mode1_normalized_units/00_eta_sweep_ROMAN/campaign_r25_psi6_20260823/analysis/analysis/eta_0p650003_L0_6p0415
6.2333,0.6300018957834922,9.580897743412418,0.07203029181877439,-0.0019372288215791982,0.0008203054995919796,0.9996045020998291,9,9,9.248706246750507,9.658456309779227,9.4807519747666,0.03591761785910608,-0.00803012032971362,0.010563061760539671,100,50,5.2333,6.2333,0.630002,/Users/chrisharing/Desktop/CCS_complex_coupled_systems/Repo/HardDisks/hspist3/experiments_speed_of_sound/EDMD/mode1_normalized_units/00_eta_sweep_ROMAN/campaign_r25_psi6_20260823/analysis/analysis/eta_0p630002_L0_6p2333
6.4377,0.6099990395618374,8.806522595967266,0.09302816984502456,-0.0032510211423876965,0.0009837373426904137,0.9992194890814404,9,9,8.388468244369282,8.738130584630719,8.615617458196008,0.04983679253701667,0.007826847021128236,0.02215803321091636,100,50,5.4377,6.4377,0.609999,/Users/chrisharing/Desktop/CCS_complex_coupled_systems/Repo/HardDisks/hspist3/experiments_speed_of_sound/EDMD/mode1_normalized_units/00_eta_sweep_ROMAN/campaign_r25_psi6_20260823/analysis/analysis/eta_0p609999_L0_6p4377
6.6559,0.5900014749300984,7.934931497416205,0.04992311944683527,-0.0009027001196822146,0.00048642965105611313,0.9997625538229222,9,8,7.645872630805732,7.945293154059035,7.8547269660728,0.0378058699860937,-0.0013041251520765629,0.010210989088460298,100,50,5.6559,6.6559,0.590001,/Users/chrisharing/Desktop/CCS_complex_coupled_systems/Repo/HardDisks/hspist3/experiments_speed_of_sound/EDMD/mode1_normalized_units/00_eta_sweep_ROMAN/campaign_r25_psi6_20260823/analysis/analysis/eta_0p590001_L0_6p6559
6.8895,0.5699964898740463,7.375190178040162,0.030605691160741175,-0.0011495132985036706,0.00030296158198162454,0.9998794676494049,9,9,6.9996590546912,7.256748892938417,7.1876771425850325,0.053649916433755385,0.016321535559401967,0.026088127184256127,100,50,5.8895,6.8895,0.569996,/Users/chrisharing/Desktop/CCS_complex_coupled_systems/Repo/HardDisks/hspist3/experiments_speed_of_sound/EDMD/mode1_normalized_units/00_eta_sweep_ROMAN/campaign_r25_psi6_20260823/analysis/analysis/eta_0p569996_L0_6p8895
7.14,0.5499987138637594,6.782421813243225,0.03362153607725255,-0.00035118529847611243,0.00030293004628228007,0.9998525812470253,9,8,6.433948234857878,6.655176740443382,6.6018387881708716,0.05416170066420256,0.019119713534665017,0.0273534436187568,100,50,6.14,7.14,0.549999,/Users/chrisharing/Desktop/CCS_complex_coupled_systems/Repo/HardDisks/hspist3/experiments_speed_of_sound/EDMD/mode1_normalized_units/00_eta_sweep_ROMAN/campaign_r25_psi6_20260823/analysis/analysis/eta_0p549999_L0_7p14
7.5,0.5235987755982989,6.128196188574325,0.03229416759957645,-0.00040303612655064687,0.0002896447946090518,0.9998056446529774,9,9,5.788353833870743,5.970203155049391,5.9321227260072735,0.058711399554564725,0.02646359418963984,0.033052833129604275,100,50,6.5,7.5,0.523599,/Users/chrisharing/Desktop/CCS_complex_coupled_systems/Repo/HardDisks/hspist3/experiments_speed_of_sound/EDMD/mode1_normalized_units/00_eta_sweep_ROMAN/campaign_r25_psi6_20260823/analysis/analysis/eta_0p523599_L0_7p5
10.0,0.39269908169872414,3.7752640451803785,0.009292502011094661,7.319650471682569e-05,6.019412813687389e-05,0.999957591756431,9,9,3.6836890790126966,3.7523484301020105,3.746080728301555,0.02485958076359296,0.006107006186988118,0.007790359844181749,100,50,9.0,10,0.392699,/Users/chrisharing/Desktop/CCS_complex_coupled_systems/Repo/HardDisks/hspist3/experiments_speed_of_sound/EDMD/mode1_normalized_units/00_eta_sweep_ROMAN/campaign_r25_psi6_20260823/analysis/analysis/eta_0p392699_L0_10
15.0,0.26179938779914946,2.616912417718115,0.009117023517691043,-7.509415480756452e-05,3.796510525070542e-05,0.9999150450053039,9,9,2.5503170752433073,2.5730101205555327,2.5725537963240006,0.026112573656534188,0.01706262125121505,0.01724302965306279,100,50,14.0,15,0.261799,/Users/chrisharing/Desktop/CCS_complex_coupled_systems/Repo/HardDisks/hspist3/experiments_speed_of_sound/EDMD/mode1_normalized_units/00_eta_sweep_ROMAN/campaign_r25_psi6_20260823/analysis/analysis/eta_0p261799_L0_15
20.0,0.19634954084936207,2.202672287583306,0.00454358698431628,-1.5637373342293657e-05,1.3941450887525171e-05,0.9999702160000383,9,9,2.16847229935363,2.179785584383531,2.17980304241075,0.015771466501956377,0.010499520394914086,0.010491427311370094,100,50,19.0,20,0.19635,/Users/chrisharing/Desktop/CCS_complex_coupled_systems/Repo/HardDisks/hspist3/experiments_speed_of_sound/EDMD/mode1_normalized_units/00_eta_sweep_ROMAN/campaign_r25_psi6_20260823/analysis/analysis/eta_0p196350_L0_20
24.999901,0.15708025471729833,2.000711779024285,0.005263896317315886,5.082577005487306e-06,1.2786485288961173e-05,0.9999515467858485,9,9,1.9780939418734294,1.9848763610714166,1.984949315856742,0.011434157231902997,0.007978037455350862,0.007940990251803726,100,50,23.999901,24.999901,0.15708,/Users/chrisharing/Desktop/CCS_complex_coupled_systems/Repo/HardDisks/hspist3/experiments_speed_of_sound/EDMD/mode1_normalized_units/00_eta_sweep_ROMAN/campaign_r25_psi6_20260823/analysis/analysis/eta_0p157080_L0_24p9999
29.999901,0.13090012586999009,1.8830776789371804,0.005071752524790802,-1.0177328479075375e-05,1.0195849253419389e-05,0.9999492243344114,9,9,1.8642631563727752,1.8687842438697508,1.8688541696268046,0.010092203184990156,0.007648520750491494,0.0076108181909217976,100,50,28.999901,29.999901,0.1309,/Users/chrisharing/Desktop/CCS_complex_coupled_systems/Repo/HardDisks/hspist3/experiments_speed_of_sound/EDMD/mode1_normalized_units/00_eta_sweep_ROMAN/campaign_r25_psi6_20260823/analysis/analysis/eta_0p130900_L0_29p9999
34.999901,0.11220005499407674,1.7923183575439887,0.0065562771299734045,1.3906601937269177e-05,1.124203496049638e-05,0.9999063426937471,9,9,1.7886016752148246,1.791831473283558,1.7918901637558031,0.0020779821358032358,0.000271724360069614,0.0002389620730369746,100,50,33.999901,34.999901,0.1122,/Users/chrisharing/Desktop/CCS_complex_coupled_systems/Repo/HardDisks/hspist3/experiments_speed_of_sound/EDMD/mode1_normalized_units/00_eta_sweep_ROMAN/campaign_r25_psi6_20260823/analysis/analysis/eta_0p112200_L0_34p9999
49.999901,0.0785399718488891,1.665768076448904,0.002147478521342305,-3.902574243595118e-06,2.554984116528941e-06,0.9999883662004816,9,9,1.6629960665210508,1.6645044005697962,1.6645371838768945,0.0016668770201315741,0.0007591904705539498,0.0007394803696378904,100,50,48.999901,49.999901,0.07854,/Users/chrisharing/Desktop/CCS_complex_coupled_systems/Repo/HardDisks/hspist3/experiments_speed_of_sound/EDMD/mode1_normalized_units/00_eta_sweep_ROMAN/campaign_r25_psi6_20260823/analysis/analysis/eta_0p078540_L0_49p9999
74.999802,0.05236001579027157,1.5621092502762841,0.00649097337620944,9.49319508556131e-06,5.113769443453143e-06,0.9998791511838989,9,9,1.5737305573703153,1.5743776287501758,1.574392778668267,-0.007384559599230456,-0.007792525916181292,-0.007802073636524853,100,50,73.999802,74.999802,0.05236,/Users/chrisharing/Desktop/CCS_complex_coupled_systems/Repo/HardDisks/hspist3/experiments_speed_of_sound/EDMD/mode1_normalized_units/00_eta_sweep_ROMAN/campaign_r25_psi6_20260823/analysis/analysis/eta_0p052360_L0_74p9998
99.999802,0.03926998592444455,1.5281560059951798,0.003089993134916054,-1.1984251860425006e-07,1.7266875157932079e-06,0.9999754687182648,9,8,1.531597966563675,1.5319557855788304,1.5319643422607754,-0.002247300299188626,-0.0024803454638966382,-0.002485917041630037,100,50,98.999802,99.999802,0.03927,/Users/chrisharing/Desktop/CCS_complex_coupled_systems/Repo/HardDisks/hspist3/experiments_speed_of_sound/EDMD/mode1_normalized_units/00_eta_sweep_ROMAN/campaign_r25_psi6_20260823/analysis/analysis/eta_0p039270_L0_99p9998
149.999603,0.026180008069669636,1.5038955562795278,0.006590284613029382,-5.995098585279612e-06,2.5785826123348823e-06,0.9998655958574735,9,9,1.4910190673140806,1.4911754702086957,1.4911792547238563,0.00863603239403421,0.008530240957525859,0.008527681373911244,100,50,148.999603,149.999603,0.02618,/Users/chrisharing/Desktop/CCS_complex_coupled_systems/Repo/HardDisks/hspist3/experiments_speed_of_sound/EDMD/mode1_normalized_units/00_eta_sweep_ROMAN/campaign_r25_psi6_20260823/analysis/analysis/eta_0p026180_L0_150
199.999496,0.019635003565145193,1.4582111882431925,0.0030360993424895237,1.3322908229144442e-06,8.536253258510894e-07,0.9999739905566343,9,8,1.4712874889401213,1.471374748418097,1.4713768653340749,-0.008887658459155845,-0.008946436106135991,-0.008947861965936998,100,50,198.999496,199.999496,0.019635,/Users/chrisharing/Desktop/CCS_complex_coupled_systems/Repo/HardDisks/hspist3/experiments_speed_of_sound/EDMD/mode1_normalized_units/00_eta_sweep_ROMAN/campaign_r25_psi6_20260823/analysis/analysis/eta_0p019635_L0_199p999
