eta,N,M,n,gamma_over_f0,sd_x_slow,sd_x_slow_over_L0
0.10,100,1000,10,0.01862647346182382,0.20743706382653232,0.005282341342490311
0.10,100,200,10,0.03973015923964719,0.4059423385816324,0.010337236548768993
0.10,100,2000,10,0.026237149551052295,0.11661086293251081,0.002969471177855564
0.10,100,50,10,0.0931418648470785,0.7986956729403147,0.020338617869990857
0.10,100,500,10,0.030165381937030805,0.24115120004592447,0.006140864753364325
0.10,400,1000,10,0.021862054295993368,0.18404745444167686,0.002343364921493412
0.10,400,200,10,0.04737628684853058,0.49925704524227665,0.006356737995525743
0.10,400,2000,10,0.03100906769955066,0.13209304756450574,0.001681860881884215
0.10,400,50,10,0.07892301370641158,1.0645050166669712,0.013553698541381535
0.10,400,500,10,0.031791271190145375,0.24499129533071584,0.0031193259873700733
0.10,900,1000,35,0.02570116347714512,0.2399716476369161,0.0020369426353452685
0.10,900,200,35,0.049087804486264854,0.5077594679400336,0.004309996280527997
0.10,900,2000,35,0.021705553020737497,0.16376918397306858,0.0013901160261031136
0.10,900,50,35,0.0591611089812033,0.9759625039478097,0.008284227134188318
0.10,900,500,35,0.03697836370770414,0.35695196635850734,0.003029902433082771
0.10,1600,1000,35,0.03259567082364244,0.26399962339610666,0.001680673765987761
0.10,1600,200,35,0.04539871141158582,0.5901323867176032,0.003756899377571789
0.10,1600,2000,34,0.02495149927264849,0.2117455187442869,0.0013480138109327356
0.10,1600,50,35,0.05145723035566279,0.8383699100032862,0.005337228499837409
0.10,1600,500,35,0.03320529504305536,0.2962304492439787,0.0018858615717952051
0.10,1600,3200,10,0.010570854062062152,0.13797479947226604,0.000878374835756979
0.10,2500,1000,5,0.023405799965437853,0.2990971514746483,0.0015232892284256663
0.10,2500,200,7,0.03487470432778192,0.8228338322676902,0.0041906581433418435
0.10,2500,2000,4,0.022729214845971193,0.17144928366555157,0.0008731839997184591
0.10,2500,50,7,0.05991493338648953,0.9943723508940325,0.005064296612967159
0.10,2500,500,6,0.050398138900109496,0.31029872759547933,0.0015803383850696684
0.10,2500,5000,10,0.01592529458768478,0.12861190748290424,0.0006550150422699432
0.30,100,1000,10,0.024936597202858103,0.04146095114590966,0.003167383448036406
0.30,100,200,10,0.04810540496393868,0.08255638553907772,0.00630684347220973
0.30,100,2000,10,0.022468478216570414,0.04179825361817724,0.00319315145957773
0.30,100,50,10,0.09943334433818402,0.20117970763358461,0.015368998019291308
0.30,100,500,10,0.042177068240414575,0.05837374885328826,0.004459426057715512
0.30,400,1000,10,0.03241902372836583,0.03211522003391361,0.0012267110337389863
0.30,400,200,10,0.05297123436432833,0.11886907853441926,0.004540464304917565
0.30,400,2000,10,0.032231296563710946,0.031193234210242983,0.0011914937697235651
0.30,400,50,10,0.06776082905592118,0.17917359139038677,0.006843927000379442
0.30,400,500,10,0.028002966312308995,0.06139237630671922,0.002345016018055627
0.30,900,1000,35,0.027159212053332927,0.05424507973431879,0.0013813395833007606
0.30,900,200,35,0.052080032091140926,0.11035253405120699,0.0028101041449117435
0.30,900,2000,35,0.02885488177216991,0.0345712598507077,0.0008803498844549831
0.30,900,50,35,0.08050198401178241,0.20769093263436225,0.005288806058459729
0.30,900,500,35,0.03809068895069179,0.06761198104510226,0.0017217249228945822
0.30,1600,1000,35,0.03525436172739205,0.04774496353396022,0.0009118616094196898
0.30,1600,200,35,0.04613002745921784,0.11915666697804632,0.0022757246436349923
0.30,1600,2000,35,0.02881254698627128,0.0420363706392811,0.0008028355191439823
0.30,1600,50,35,0.063151917264401,0.2197510656985942,0.004196936087239511
0.30,1600,500,35,0.04301621103797681,0.06280928603478943,0.0011995689683467264
0.30,1600,3200,10,0.015579872473972384,0.0355649561848332,0.0006792406106368809
0.30,2500,1000,5,0.0313347600012616,0.04404108729160476,0.0006728982775207953
0.30,2500,200,6,0.04431851687858567,0.0685014923117727,0.0010466257537874758
0.30,2500,2000,4,0.02633020286761989,0.04103475031740191,0.0006269648300063468
0.30,2500,50,6,0.05436099349954076,0.16971786573315809,0.0025930980940635714
0.30,2500,500,6,0.05216339053958005,0.0878445866146984,0.0013421664781156455
0.30,2500,5000,10,0.0239749768558569,0.024548468671045272,0.00037507298980033127
0.50,100,1000,10,0.0475945479693133,0.016584742575359714,0.0021116349102098418
0.50,100,200,10,0.06999702957992032,0.037353714263323845,0.004756022392631387
0.50,100,2000,10,0.042736860336843936,0.012748133406341603,0.0016231426818067067
0.50,100,50,10,0.13394899106879465,0.056307153801072284,0.0071692491529866354
0.50,100,500,10,0.050181929790114155,0.017520731271359294,0.0022308086867730654
0.50,400,1000,10,0.051615775771600036,0.019367252321338034,0.0012329575974515622
0.50,400,200,10,0.06591420249529059,0.029507008545580256,0.0018784745383968791
0.50,400,2000,10,0.027146425585676894,0.011652771805710269,0.0007418385060946647
0.50,400,50,10,0.1410145936902217,0.0648894423809324,0.004130990274227944
0.50,400,500,10,0.05203036334783581,0.022826828930075923,0.0014532010885228036
0.50,900,1000,10,0.0407013364185911,0.018703588534409548,0.0007938049483779691
0.50,900,200,10,0.0774665624452316,0.04937243836012449,0.002095431355948097
0.50,900,2000,10,0.03610001230797652,0.013885888090649603,0.0005893353919062964
0.50,900,50,10,0.08077684776654402,0.07211535369194799,0.0030606706573650007
0.50,900,500,10,0.04020306857068578,0.020535286538594103,0.0008715446258190528
0.50,1600,1000,10,0.02874434094647254,0.018017641941496076,0.0005735193288416015
0.50,1600,200,10,0.049572980726704366,0.03050592066656089,0.0009710335682766044
0.50,1600,2000,10,0.02967652053017951,0.012298631505636542,0.0003914775812332057
0.50,1600,50,10,0.08949243480131518,0.054740578539638964,0.0017424466512540697
0.50,1600,500,10,0.0357236886362189,0.022863269820190844,0.0007277604475090102
0.60,100,1000,10,0.08384848146981981,0.01201332016211728,0.0018355000297353289
0.60,100,200,10,0.16778058088751663,0.021243134143621892,0.0032457116622302256
0.60,100,2000,10,0.06940545858650185,0.011665012459510503,0.0017822825353320908
0.60,100,50,10,0.2244586641946188,0.03423022582248077,0.005229993013350033
0.60,100,500,10,0.1219392694407499,0.015803789144141427,0.002414641002865771
0.60,400,1000,10,0.0541502870748136,0.011532774326587312,0.0008810390862336887
0.60,400,200,10,0.10521429537853753,0.024436999686086397,0.0018668493169148373
0.60,400,2000,10,0.04600210486876358,0.007807722169954526,0.0005964660550345479
0.60,400,50,10,0.13866228279872467,0.03880915930689772,0.0029648014679712164
0.60,400,500,10,0.08189592358063652,0.015687843655597944,0.0011984630105386761
0.60,900,1000,10,0.06386733755724243,0.010690710602868293,0.0005444734223909204
0.60,900,200,10,0.09635583143536958,0.02301311685845001,0.001172048422341606
0.60,900,2000,10,0.06803666169498954,0.006259600617615907,0.0003187988430029379
0.60,900,50,10,0.11735669058089757,0.043268328079382114,0.0022036378633421864
0.60,900,500,10,0.05940772528417157,0.015825862808750986,0.0008060045777927967
0.60,1600,1000,10,0.04891102118502644,0.010779158181077294,0.0004117335101918035
0.60,1600,200,10,0.05383507756056173,0.018970094327679023,0.0007246042218692344
0.60,1600,2000,10,0.03399713355997546,0.0070186266675936,0.00026809178843363997
0.60,1600,50,10,0.09470319450035579,0.039901533188858126,0.0015241262857357354
0.60,1600,500,10,0.06480788781230581,0.01271476886376607,0.00048566839150259556
0.65,100,1000,10,0.08191294402820726,0.007469962953867393,0.0012364368582939327
0.65,100,200,10,0.10825935172038037,0.012652112173986211,0.002094192156480089
0.65,100,2000,10,0.05664048401058701,0.00803328429916137,0.0013296784551648506
0.65,100,50,10,0.19191958000943932,0.028122134147800494,0.0046548079835154995
0.65,100,500,10,0.09201453688309266,0.008340461824742794,0.001380522832441416
0.65,400,1000,10,0.10550089632079351,0.008726216478749072,0.0007221866334191868
0.65,400,200,10,0.1527893679796195,0.015790800798850157,0.0013068556453631989
0.65,400,2000,10,0.08295299574788852,0.006208129160275489,0.0005137882963377445
0.65,400,50,10,0.18792713392945937,0.019849468305073385,0.0016427532740348387
0.65,400,500,10,0.12158290712264097,0.012233682526130201,0.0010124665162021772
0.65,900,1000,10,0.07740369566727551,0.009798409781878034,0.000540614655135767
0.65,900,200,10,0.14315737949511662,0.019200187941460518,0.0010593456707344508
0.65,900,2000,10,0.08160668537985588,0.00724290744416965,0.00039961810102614
0.65,900,50,10,0.1869011074376256,0.031144848367634988,0.0017183769442532513
0.65,900,500,10,0.12977710021847483,0.011475589171685268,0.0006331508704610733
0.65,1600,1000,10,0.08158361592575641,0.00904273184672839,0.0003741908125477431
0.65,1600,200,10,0.12174646347156978,0.015992064124026473,0.0006617561562494066
0.65,1600,2000,10,0.08373748547794457,0.006219880453927633,0.0002573804200383377
0.65,1600,50,10,0.14704945335218184,0.032551525274904326,0.0013469913626479675
0.65,1600,500,10,0.08799281636173462,0.011515641365521077,0.00047652051090420455
