eta,L0,KR,lit_25,lit_25_scatter,fit_25,fit_25_scatter,w1.5_25,w1.5_25_scatter,w3.0_25,w3.0_25_scatter,w5.0_25,w5.0_25_scatter,fit_25_failed,fit_25_used,lit_100,lit_100_scatter,fit_100,fit_100_scatter,w1.5_100,w1.5_100_scatter,w3.0_100,w3.0_100_scatter,w5.0_100,w5.0_100_scatter,fit_100_failed,fit_100_used,lit_200,lit_200_scatter,fit_200,fit_200_scatter,w1.5_200,w1.5_200_scatter,w3.0_200,w3.0_200_scatter,w5.0_200,w5.0_200_scatter,fit_200_failed,fit_200_used
0.006545,600,1.432903385622564,1.3749307446685934,0.042656822130060015,1.4456079675935045,0.00539253454204228,1.4293814822355568,0.00694418107582506,1.4293814822355568,0.00694418107582506,1.4293814822355568,0.00694418107582506,0,224,1.1204553627266838,0.2226066917645044,1.4438874873329897,0.0023052338924297406,1.4424791007227629,0.0036350728544604165,1.4424791007227629,0.0036350728544604165,1.4424791007227629,0.0036350728544604165,0,224,0.7316223126658937,0.4708984919290159,1.4444196965192764,0.002215306266996708,1.4430320740062574,0.002508857955241365,1.4430320740062574,0.002508857955241365,1.4430320740062574,0.002508857955241365,0,224
0.009817,400,1.4423818484782942,1.3649364607399195,0.07368221753558941,1.4591848395241742,0.005607649203204895,1.44550619045634,0.005319391551023749,1.44550619045634,0.005319391551023749,1.44550619045634,0.005319391551023749,0,224,1.0459218484081356,0.29462351130289655,1.4547227961514122,0.002902613669701216,1.4481753260359123,0.005557332189535985,1.4481753260359123,0.005557332189535985,1.4481753260359123,0.005557332189535985,0,224,0.7669432458669326,0.44510743725389307,1.4551139658698478,0.002652467052279009,1.4539759515853465,0.003956636000775163,1.4539759515853465,0.003956636000775163,1.4539759515853465,0.003956636000775163,0,224
0.013090,300,1.4519547443190208,1.2313264708577145,0.17047389341217498,1.4617555217038536,0.004459577013780243,1.4530877109279796,0.0059786013490434175,1.4530877109279796,0.0059786013490434175,1.4530877109279796,0.0059786013490434175,0,225,0.9041062690576753,0.3468229651013455,1.464124430491951,0.00234733755448076,1.4582202126637467,0.002841122315896133,1.4582202126637467,0.002841122315896133,1.4582202126637467,0.002841122315896133,0,225,0.6792001171042841,0.4801625460109729,1.464683804380895,0.0023239492435660645,1.4601567191202025,0.0023340956218276263,1.4601567191202025,0.0023340956218276263,1.4601567191202025,0.0023340956218276263,0,225
0.019635,199.9995,1.4713768546550845,1.4348495956655898,0.03988470467448917,1.4812942322883318,0.004925581552623025,1.4746625696808242,0.008494288255196778,1.4746625696808242,0.008494288255196778,1.4746625696808242,0.008494288255196778,0,225,1.0436359034981508,0.3048503145048214,1.4836429698463487,0.002154587349824064,1.47761509187261,0.0033307175303302567,1.47761509187261,0.0033307175303302567,1.47761509187261,0.0033307175303302567,0,225,0.7338640699883668,0.43501107187017657,1.4855492381237754,0.0022932995824767786,1.477629057167855,0.003439189450209841,1.477629057167855,0.003439189450209841,1.477629057167855,0.003439189450209841,0,225
0.026180,149.9996,1.4911792300743643,1.4363745020915746,0.056904847456442344,1.511000004357757,0.006579862814003084,1.4986283018532147,0.00907677251183244,1.4986283018532147,0.00907677251183244,1.4986283018532147,0.00907677251183244,0,225,1.117385168929255,0.2662058647713315,1.5054421608523818,0.0027947756816271486,1.5014854009564578,0.0020184496871522256,1.5014854009564578,0.0020184496871522256,1.5014854009564578,0.0020184496871522256,0,225,0.8184178754481791,0.4301273407625903,1.5063817243103776,0.002843342388616111,1.5040146373683412,0.0027853519791100115,1.5040146373683412,0.0027853519791100115,1.5040146373683412,0.0027853519791100115,0,225
0.039270,99.9998,1.5319643869916062,1.5044221906063442,0.032038085467601084,1.555728792140412,0.0068975736273635905,1.5467512973326594,0.009968823303245087,1.5467512973326594,0.009968823303245087,1.5467512973326594,0.009968823303245087,0,225,1.138654114805956,0.2807614723791948,1.5494753118635476,0.0037192061142949638,1.5426208189019057,0.003418066498455251,1.5426208189019057,0.003418066498455251,1.5426208189019057,0.003418066498455251,0,225,0.8170974047585077,0.47207384325777196,1.5478254224371533,0.002324701436322922,1.5431128480665095,0.00435703901959927,1.5431128480665095,0.00435703901959927,1.5431128480665095,0.00435703901959927,0,225
0.052360,74.9998,1.5743927264709026,1.5306988462055493,0.04381701782001283,1.5909676945665943,0.0036281273862635694,1.574222183328592,0.007575956367647577,1.574222183328592,0.007575956367647577,1.574222183328592,0.007575956367647577,0,225,1.1985014644349874,0.2723170398240542,1.5952950313465697,0.004055474529424143,1.588116920514119,0.0038855521503004865,1.588116920514119,0.0038855521503004865,1.588116920514119,0.0038855521503004865,0,225,0.8553611547348359,0.48921595090530634,1.5949512771863479,0.0034010449521400137,1.5879397223201868,0.0026515652287641216,1.5879397223201868,0.0026515652287641216,1.5879397223201868,0.0026515652287641216,0,225
0.078540,49.9999,1.6645372848202054,1.6223339385337814,0.04892499722231919,1.6837878101529518,0.0031198313103305533,1.6733678941879895,0.007535621978093318,1.6733678941879895,0.007535621978093318,1.6733678941879895,0.007535621978093318,0,225,1.342112492494206,0.23478376324878686,1.6869547948373715,0.0032140989253811904,1.6800693271598213,0.0037689420587619393,1.6800693271598213,0.0037689420587619393,1.6800693271598213,0.0037689420587619393,0,225,0.7653129909032265,0.5675358706767653,1.687728670729752,0.0027509298383031084,1.679513639726151,0.005256054850491635,1.679513639726151,0.005256054850491635,1.679513639726151,0.005256054850491635,0,225
0.112200,34.9999,1.7918899442794236,1.7173190885091147,0.06662674657637153,1.8182280336525594,0.006354767339589493,1.7990427646285567,0.013719255513582653,1.7990427646285567,0.013719255513582653,1.7990427646285567,0.013719255513582653,0,225,1.265681247822068,0.3931607802125564,1.8232080411275478,0.005177701312644049,1.8148322065010676,0.004216077639459675,1.8148322065010676,0.004216077639459675,1.8148322065010676,0.004216077639459675,0,225,0.8349140544487889,0.587842800664982,1.8215896375899705,0.0030665385355222257,1.8128823347109566,0.004537182364240528,1.8128823347109566,0.004537182364240528,1.8128823347109566,0.004537182364240528,0,225
0.130900,29.9999,1.868853635533792,1.776114942794681,0.08503300899848673,1.9029860135111762,0.007361870746278187,1.8855760121396954,0.007869431117355717,1.8855760121396954,0.007869431117355717,1.8855760121396954,0.007869431117355717,0,225,1.2911907040495494,0.4132476005651082,1.9052167166722218,0.004726087725498645,1.8973660518677606,0.0027171610676073794,1.8973660518677606,0.0027171610676073794,1.8973660518677606,0.0027171610676073794,0,225,0.905867239226272,0.6141645496606317,1.9055718553526204,0.004261622276145576,1.8984680725146093,0.004002444142249,1.8984680725146093,0.004002444142249,1.8984680725146093,0.004002444142249,0,225
0.157080,24.9999,1.984948135780803,1.834566179881717,0.13483406252462976,2.0285957765061693,0.011017463252585392,2.014393003756927,0.009459944710000426,2.014393003756927,0.009459944710000426,2.014393003756927,0.009459944710000426,0,225,1.330847067750991,0.515553253627542,2.023028006253532,0.0027546615294351175,2.019463907837196,0.003237115158149388,2.019463907837196,0.003237115158149388,2.019463907837196,0.003237115158149388,0,225,0.946718477370562,0.6532954100509104,2.0241014812343314,0.002676170874828382,2.0182626182110948,0.001755193380225407,2.0182626182110948,0.001755193380225407,2.0182626182110948,0.001755193380225407,0,225
0.196350,20.0000,2.1798054812196286,2.1268535629319785,0.08099713528048529,2.2287308112044855,0.009249912537898152,2.219547452468426,0.014242941036232495,2.219547452468426,0.014242941036232495,2.219547452468426,0.014242941036232495,0,225,1.5074966083537045,0.46776788773344724,2.2244272177466278,0.003914961548639626,2.2122109167467543,0.0053600215407073205,2.2122109167467543,0.0053600215407073205,2.2122109167467543,0.0053600215407073205,0,225,1.1309820398212593,0.6757981196989516,2.223933528188081,0.0034898987629990064,2.213871675790755,0.004301446336131899,2.213871675790755,0.004301446336131899,2.213871675790755,0.004301446336131899,0,225
0.261799,15.0000,2.572551171599921,2.4495887429860903,0.13819078363991216,2.6336474074181315,0.010316964207533901,2.6176451513860504,0.017020908294303937,2.6176451513860504,0.017020908294303937,2.6176451513860504,0.017020908294303937,0,225,1.7758734117147508,0.5768055049544084,2.629194163689442,0.005067284436301606,2.6154766279190613,0.00774576357498667,2.6154766279190613,0.00774576357498667,2.6154766279190613,0.00774576357498667,0,225,1.1956759048598864,0.8584116911524813,2.6303972241577855,0.004024912363634114,2.6176674993919318,0.008043386753344893,2.6176674993919318,0.008043386753344893,2.6176674993919318,0.008043386753344893,0,225
0.392699,10.0000,3.746079766236013,3.5390513321783814,0.21255785117292814,3.8415357202791314,0.01477746768578098,3.8190193396545253,0.02905180613401288,3.8190193396545253,0.02905180613401288,3.8190193396545253,0.02905180613401288,0,225,2.4574778639082977,0.90985996258143,3.838837984315756,0.009673821134619879,3.818394893539555,0.009262729120314542,3.818394893539555,0.009262729120314542,3.818394893539555,0.009262729120314542,0,225,1.5360573734540666,1.2720357063072762,3.840339843552473,0.00959143876138112,3.819444621485955,0.008462732006127634,3.819444621485955,0.008462732006127634,3.819444621485955,0.008462732006127634,0,225
0.523599,7.5000,5.932127977955907,5.346390888836234,0.5733418878274303,6.127971000596658,0.025464996044767187,6.089890907621402,0.0539621745959284,6.089890907621402,0.0539621745959284,6.089890907621402,0.0539621745959284,0,225,2.6721122308657566,2.0331212942009307,6.1303591571409894,0.01043133429593165,6.09239683674712,0.02039777724133395,6.09239683674712,0.02039777724133395,6.09239683674712,0.02039777724133395,0,225,1.522695413893735,2.170416461583521,6.1308503962788015,0.013086925314831153,6.111657336206191,0.01609882146471055,6.111657336206191,0.01609882146471055,6.111657336206191,0.01609882146471055,0,225
0.549999,7.1400,6.601846652256098,5.854034617268635,0.6314397618027785,6.845023710453745,0.03266937293504843,6.755740966647193,0.05047799155773372,6.755740966647193,0.05047799155773372,6.755740966647193,0.05047799155773372,0,225,2.1337983503300197,2.610706422169959,6.832264112862665,0.025990200523800452,6.753752381942938,0.038718110629274514,6.753752381942938,0.038718110629274514,6.753752381942938,0.038718110629274514,0,225,1.0546086083578645,2.642867521203222,6.833776704984617,0.024598146331588158,6.767433714723941,0.030555930573434673,6.767433714723941,0.030555930573434673,6.767433714723941,0.030555930573434673,0,225
0.569996,6.8895,7.187661854020839,6.200506669807798,0.8490880131911094,7.378316623921293,0.04475570588411097,7.315266478755826,0.06774584228551887,7.315266478755826,0.06774584228551887,7.315266478755826,0.06774584228551887,0,225,2.2183935221344444,2.7673481249251655,7.351742191167397,0.033569483597191495,7.283264747433589,0.0238226960080478,7.283264747433589,0.0238226960080478,7.283264747433589,0.0238226960080478,0,225,1.2855275734041987,2.5726698393444685,7.351774888649322,0.03286155125176399,7.247882707945024,0.049313804336867266,7.247882707945024,0.049313804336867266,7.247882707945024,0.049313804336867266,0,225
0.590001,6.6559,7.854710064972021,5.704752184727599,1.521824818632957,7.9756246266700375,0.06529417877058644,7.8648732647401705,0.06993604539449613,7.8648732647401705,0.06993604539449613,7.8648732647401705,0.06993604539449613,0,225,2.4357019208129964,2.7266980859336107,7.968355790858187,0.06100901626198742,7.950576835657119,0.08745022122012465,7.950576835657119,0.08745022122012465,7.950576835657119,0.08745022122012465,0,225,1.1459440048652183,2.278535988206378,7.969912101136992,0.058620212892945,7.960315289859119,0.04890156489605842,7.960315289859119,0.04890156489605842,7.960315289859119,0.04890156489605842,0,225
0.609999,6.4377,8.615615852995166,6.633249407756338,1.2913200656662958,8.686384079293063,0.10492783480912174,8.606669704501254,0.05616971435527083,8.606669704501254,0.05616971435527083,8.606669704501254,0.05616971435527083,0,225,1.7871136833316958,3.092074994666472,8.640728158602142,0.08379333438323701,8.623254616423376,0.08122410651955547,8.623254616423376,0.08122410651955547,8.623254616423376,0.08122410651955547,0,225,0.8227339039223178,1.9853365514926489,8.650348768564614,0.08869545181732905,8.617417015254832,0.07034592991769108,8.617417015254832,0.07034592991769108,8.617417015254832,0.07034592991769108,0,225
0.630002,6.2333,9.48075675398614,7.543149568968967,1.2615201657399848,9.555663501530216,0.1176431107551327,9.449844168868422,0.10953690203532529,9.449844168868422,0.10953690203532529,9.390562584187979,0.16246223088070624,0,225,2.313114063465781,2.4197185632744396,9.576255819958932,0.12237233341098616,9.500138343415788,0.07990979865165596,9.500138343415788,0.07990979865165596,9.500138343415788,0.07990979865165596,0,225,0.8594605685219737,1.727454156309354,9.588409649945657,0.1269783528076875,9.556224292048093,0.10316168492599452,9.556224292048093,0.10316168492599452,9.556224292048093,0.10316168492599452,0,225
0.650003,6.0415,10.438894914753652,9.309561495452055,1.0825565667358872,11.126636732423215,0.10054176516548569,11.008607934400311,0.058124621079965084,11.008607934400311,0.058124621079965084,11.008607934400311,0.058124621079965084,0,225,4.022995951857355,3.4322980277143524,11.124570171278053,0.08311416968024433,11.030541067246983,0.047769469859544944,11.030541067246983,0.047769469859544944,11.030541067246983,0.047769469859544944,0,225,1.5043678182423306,3.0214428959977777,11.126224081933417,0.07903073417171626,11.08574781109604,0.03805167089879746,11.08574781109604,0.03805167089879746,11.08574781109604,0.03805167089879746,0,225
0.669998,5.8612,11.373283070559317,10.633508887314036,1.7562638566028916,13.120555931536868,0.06473346680279152,12.950676191713487,0.1367887658827168,12.950676191713487,0.1367887658827168,12.950676191713487,0.1367887658827168,0,225,5.272577693046996,4.228663323311162,13.157631075632485,0.060077859822972486,13.118459663118365,0.052437399660714944,13.118459663118365,0.052437399660714944,13.118459663118365,0.052437399660714944,0,225,2.3268668996926043,3.8305092229745634,13.136138317110793,0.050248114688707414,13.062699874329038,0.04420727230699533,13.062699874329038,0.04420727230699533,13.062699874329038,0.04420727230699533,0,225
0.679998,5.7750,11.671176463075094,11.968549569068992,1.8129322684436222,14.788234730768245,0.10266520187609346,14.530058974604227,0.07354875390234375,14.733374737826935,0.10815367658430816,14.733374737826935,0.10815367658430816,0,225,5.195879011824663,5.49061333587356,14.693554853846765,0.05984822803127088,14.582339269887857,0.07296741320809397,14.582339269887857,0.07296741320809397,14.582339269887857,0.07296741320809397,0,225,2.708328991758442,5.187430869263379,14.675344680377332,0.05976321067915077,14.591935409715266,0.03592028858774075,14.591935409715266,0.03592028858774075,14.591935409715266,0.03592028858774075,0,225
0.689999,5.6913,11.551024040611377,12.199281416911331,3.063878254457733,17.065573878830058,0.20108891726395706,15.891380240309275,0.1977900771522915,16.93705142341666,0.2050248222065409,16.93705142341666,0.2050248222065409,0,225,5.540144266348877,5.974125268662795,16.80474308321756,0.07982375850631955,16.182288832143314,0.12500539510456907,16.69769169704839,0.07701487467581934,16.69769169704839,0.07701487467581934,0,225,2.706780979020289,6.181867548089184,16.747747840689126,0.050031578138546494,16.23882681556703,0.11276247508367601,16.60781256782088,0.07612092560410816,16.60781256782088,0.07612092560410816,0,225
0.695006,5.6503,nan,12.169231270728181,3.666303727478042,18.398545690573922,0.1971690350439815,16.055654991617807,0.18861349631201285,18.17869683502535,0.15626467494030255,18.17869683502535,0.15626467494030255,1,224,5.9264372951238355,6.631011926444542,18.13762550878609,0.07944683333297729,16.5798647674314,0.1467374424120622,17.978576329047183,0.09042298652576884,17.978576329047183,0.09042298652576884,0,225,2.838115587825079,6.700761523617046,18.063410504463445,0.04322366647159368,16.6308381380783,0.08358825435038418,17.859629259142796,0.07969854220493588,17.859629259142796,0.07969854220493588,0,225
0.699998,5.6100,nan,13.470338465272443,3.563676382098709,19.595661682649965,0.19107382769752682,16.36681753183656,0.1828954507637595,19.32224913978105,0.2956787616292633,19.32224913978105,0.2956787616292633,0,225,6.060201088018789,6.994910904553521,19.50724051068643,0.08404676440691125,16.692167984972357,0.12144365672065942,19.275068427342397,0.2343339078608905,19.275068427342397,0.2343339078608905,0,225,3.0698590988138323,6.458829417781931,19.49794636162686,0.07039668931465398,16.90501520437673,0.07964687714337881,19.349740196819617,0.11814230421651163,19.349740196819617,0.11814230421651163,0,225
0.705000,5.5702,nan,12.040184748552166,2.598186741107656,17.64927791525199,0.37605031449706566,16.79778277622939,0.22881587690004834,17.498813967998238,0.4500569054548141,17.498813967998238,0.4500569054548141,0,225,3.2382050698723086,4.5365722255709295,18.387852125960876,0.6920352790462263,16.838152455509626,0.23908550196913747,17.98008433378836,0.8006867684569544,17.98008433378836,0.8006867684569544,0,225,1.4002569557963234,4.278013092367133,18.737611511458663,0.857932069995178,16.937658271510426,0.1632618315174207,18.488181818174404,1.0221521604647996,18.488181818174404,1.0221521604647996,0,225
0.709997,5.5310,nan,10.242172424470633,2.2040103197069185,15.420115679313952,0.3635753347335238,15.244259257775768,0.4018944071846857,15.36445277960255,0.42392771789319594,15.36445277960255,0.42392771789319594,0,225,2.8778796758312,3.200643096648612,16.49821337065641,0.48174901954178967,16.358534099673754,0.4607625056233189,16.434190258990128,0.5625035722537244,16.434190258990128,0.5625035722537244,0,225,1.200392225723491,2.6689627191403975,17.269918225085934,0.5418774683510983,17.038137737691162,0.49834343165536127,17.20630567065491,0.6907331891977347,17.20630567065491,0.6907331891977347,0,225
0.714999,5.4923,nan,11.337165145224326,3.318007328464168,15.7320182950907,0.21922467546269742,15.644652669683131,0.09955981854307493,15.683135346802743,0.1998944259473029,15.683135346802743,0.1998944259473029,0,225,5.453556907342465,4.222966672589275,16.23404064619725,0.32678327166803045,15.842741733387024,0.17473383387376681,16.07684653346177,0.3840561843522647,16.07684653346177,0.3840561843522647,0,225,1.8552672664539303,3.9984521932341375,16.81109104265182,0.3397759033415278,16.097498213186547,0.23726368072373175,16.533254544783887,0.3630679011631647,16.533254544783887,0.3630679011631647,0,225
0.719994,5.4542,nan,13.831663658359975,2.3398741103827994,16.748037675985227,0.061263249900107696,16.67457554859089,0.06624098128375402,16.67457554859089,0.06624098128375402,16.67457554859089,0.06624098128375402,0,225,7.918875867665588,4.85276871930157,16.895140526158887,0.13757978899033374,16.669234827042306,0.09401698731339425,16.746284601429284,0.15332899772755196,16.746284601429284,0.15332899772755196,0,225,4.791627600644536,5.877267380026327,16.99562625399837,0.1450081662765977,16.701595684813302,0.06930403027482512,16.85366525821259,0.16262799181681922,16.85366525821259,0.16262799181681922,0,225
0.725005,5.4165,nan,15.087259398926747,2.183743313409987,18.047428946751786,0.0497761409265992,17.94438810614093,0.14074426805642556,17.94438810614093,0.14074426805642556,17.94438810614093,0.14074426805642556,0,225,8.79798865768605,6.343210067767709,18.070212864282464,0.0316493541102892,17.956503489873523,0.11401882405644108,17.956503489873523,0.11401882405644108,17.956503489873523,0.11401882405644108,0,225,5.780619504402413,7.094398507684491,18.05666558570317,0.03979206838628546,17.967423755590215,0.10397303098198628,17.967423755590215,0.10397303098198628,17.967423755590215,0.10397303098198628,0,225
0.730005,5.3794,nan,15.65510521271605,2.0026178931188467,18.752216745199693,0.03511801861446098,18.579561331533863,0.12285930534522783,18.579561331533863,0.12285930534522783,18.579561331533863,0.12285930534522783,0,225,9.522597310008077,6.037183614083467,18.75953136543838,0.012853113551529974,18.6739289796516,0.06993239439864604,18.6739289796516,0.06993239439864604,18.6739289796516,0.06993239439864604,0,225,5.931505485380879,6.855315625031376,18.762546355378554,0.017893491724479585,18.691004308902397,0.05667029270737941,18.691004308902397,0.05667029270737941,18.691004308902397,0.05667029270737941,0,225
0.740006,5.3067,nan,18.437778351318233,3.5198076152765845,22.932496498681402,0.07408127394155654,21.223461639208022,0.13533805350975572,22.840060553585992,0.12231480083614754,22.840060553585992,0.12231480083614754,0,225,11.511344995148448,7.071422252915628,22.97115357187184,0.014863711649112925,21.644364211048487,0.0912070008699117,22.87779838777394,0.068705524746213,22.87779838777394,0.068705524746213,0,225,7.018391648856695,9.041810335727527,22.97234314291316,0.019080084805681748,21.65853505173842,0.04870622303077728,22.898096943949238,0.07113148528159058,22.898096943949238,0.07113148528159058,0,225
0.749998,5.2360,nan,25.58788858253251,1.8408397553378673,28.08282487611762,0.08091263365664966,20.809141823597525,0.5379784768123517,27.95449199733426,0.15848820552999782,27.95449199733426,0.15848820552999782,0,225,13.01711602932043,8.894248746769156,28.094107230052977,0.06872836941924618,21.861340342176394,0.4116035270849564,28.053212622694044,0.0841943690953461,28.053212622694044,0.0841943690953461,0,225,7.119303881395742,11.412846119836184,28.11821929106409,0.06312540037173882,22.567365406063484,0.22695613307603263,28.01126565616671,0.11782013122972496,28.01126565616671,0.11782013122972496,0,225
0.759999,5.1671,nan,30.57036699428793,4.576307670691502,31.51393085280019,0.2654467641369312,20.318151106888596,0.6975023150064243,37.63621546881736,0.16141886026038169,37.63621546881736,0.16141886026038169,112,113,15.922148820191522,12.106234855478853,31.974230978665926,0.21218563025368775,20.96870569191222,0.7373239481210286,37.62250053162241,0.10360966782152578,37.62250053162241,0.10360966782152578,170,55,6.629586842419392,13.529444267702083,32.31234113924674,0.21944733422530327,21.671902209447204,0.6143597415176774,37.632327562282796,0.1272415778012321,37.632327562282796,0.1272415778012321,183,42
