eta,L0,KR,2_25,3_25,4_25,8_25,16_25,w3_25,d2_25,d3_25,d4_25,d8_25,d16_25,2_200,3_200,4_200,8_200,16_200,w3_200,d2_200,d3_200,d4_200,d8_200,d16_200,drift_edge_0.1_median,drift_edge_0.1_worst,drift_edge_0.01_median,drift_edge_0.01_worst,res_edge_0.1_median,res_edge_0.1_worst,res_edge_0.01_median,res_edge_0.01_worst,maxabove_k2_worst,maxabove_k3_worst,maxabove_k4_worst,maxabove_k8_worst,maxabove_k16_worst
0.006545,600,1.432903385622564,1.4293814822355568,1.4293814822355568,1.4293814822355568,1.4293814822355568,1.4293814822355568,1.4293814822355568,0.0,0.0,0.0,0.0,0.0,1.142924036327508,1.2841851297124751,1.4013862448101382,1.4430320740062574,1.4430320740062574,1.4430320740062574,-20.797045546296577,-11.007859572572016,-2.8859947014551715,0.0,0.0,0.009900990099009901,0.04477611940298507,0.034653465346534656,0.3034825870646766,0.9603960396039604,0.9104477611940298,0.8811881188118812,0.5074626865671642,1.2872800676512068,1.0982794575990942,0.5505762611598791,0.14824253864731876,0.04916316036379245
0.009817,400,1.4423818484782942,1.4243036300046505,1.44550619045634,1.44550619045634,1.44550619045634,1.44550619045634,1.44550619045634,-1.4667913974824203,0.0,0.0,0.0,0.0,1.1236339445638404,1.285125133172042,1.348059473410313,1.4539759515853465,1.4539759515853465,1.4539759515853465,-22.719908583172707,-11.613040657873169,-7.284610041833715,0.0,0.0,0.004975124378109453,0.06403940886699508,0.029850746268656716,0.458128078817734,0.9702970297029703,0.8916256157635468,0.8955223880597015,0.5073891625615764,1.924704664440686,1.3447682319201137,1.0907652912728254,0.1729152400895181,0.06801522239684134
0.013090,300,1.4519547443190208,1.4530877109279796,1.4530877109279796,1.4530877109279796,1.4530877109279796,1.4530877109279796,1.4530877109279796,0.0,0.0,0.0,0.0,0.0,1.0247638117022537,1.2942246781218765,1.4054392806520903,1.4601567191202025,1.4601567191202025,1.4601567191202025,-29.81823127042752,-11.363988455862884,-3.747367508679576,0.0,0.0,0.009900990099009901,0.04975124378109453,0.039603960396039604,0.4925373134328358,0.9651741293532339,0.8905472636815921,0.8663366336633663,0.5323383084577115,3.869776444606808,1.1589884693147396,0.6531182664813814,0.2673286797346512,0.053726752278784574
0.019635,199.9995,1.4713768546550845,1.4746625696808242,1.4746625696808242,1.4746625696808242,1.4746625696808242,1.4746625696808242,1.4746625696808242,0.0,0.0,0.0,0.0,0.0,1.0732266162579758,1.2712541720697978,1.3717556629641439,1.4568440963425868,1.477629057167855,1.477629057167855,-27.368333002667804,-13.966623361725992,-7.165086101286933,-1.40664267019128,0.0,0.004975124378109453,0.06403940886699508,0.0297029702970297,0.4876847290640394,0.9603960396039604,0.8768472906403941,0.8712871287128713,0.5123152709359606,2.4143604138462,1.5358477512726154,1.041940558756326,0.30041172544159733,0.08955546308069642
0.026180,149.9996,1.4911792300743643,1.478461577986768,1.4986283018532147,1.4986283018532147,1.4986283018532147,1.4986283018532147,1.4986283018532147,-1.3456788345387827,0.0,0.0,0.0,0.0,1.124829117072045,1.3889102237282476,1.4824028548686217,1.5040146373683412,1.5040146373683412,1.5040146373683412,-25.211557844927516,-7.653144509384447,-1.4369396389342899,0.0,0.0,0.009950248756218905,0.05527638190954774,0.03980099502487562,0.3165829145728643,0.9701492537313433,0.9095477386934674,0.8706467661691543,0.49748743718592964,1.7512648193455633,0.8688542978303939,0.6030370330178493,0.23212238650843645,0.03961079720106015
0.039270,99.9998,1.5319643869916062,1.5467512973326594,1.5467512973326594,1.5467512973326594,1.5467512973326594,1.5467512973326594,1.5467512973326594,0.0,0.0,0.0,0.0,0.0,1.1678605367436556,1.3583693028107227,1.49837772888285,1.5431128480665095,1.5431128480665095,1.5431128480665095,-24.317878747042883,-11.972134473980105,-2.8990179972716716,0.0,0.0,0.004975124378109453,0.06435643564356436,0.024752475247524754,0.49504950495049505,0.9653465346534653,0.8910891089108911,0.8762376237623762,0.5148514851485149,1.7454443983695151,1.4578646612049866,0.8125885947907302,0.209641280358952,0.06676498682832165
0.052360,74.9998,1.5743927264709026,1.574222183328592,1.574222183328592,1.574222183328592,1.574222183328592,1.574222183328592,1.574222183328592,0.0,0.0,0.0,0.0,0.0,1.1688925611125742,1.366035728890485,1.5043828182690924,1.5879397223201868,1.5879397223201868,1.5879397223201868,-26.389361971204426,-13.9743335537618,-5.261969511601288,0.0,0.0,0.0049504950495049506,0.03980099502487562,0.029556650246305417,0.23880597014925373,0.9704433497536946,0.9203980099502488,0.8866995073891626,0.6119402985074627,1.4450760991235325,1.123757460785416,0.7111353176209672,0.12061188059007848,0.03831012356625032
0.078540,49.9999,1.6645372848202054,1.6733678941879895,1.6733678941879895,1.6733678941879895,1.6733678941879895,1.6733678941879895,1.6733678941879895,0.0,0.0,0.0,0.0,0.0,1.171599430061226,1.4698419915038412,1.6555424620360992,1.679513639726151,1.679513639726151,1.679513639726151,-30.241743660250457,-12.484069391451758,-1.4272690094949338,0.0,0.0,0.0049504950495049506,0.05392156862745098,0.029556650246305417,0.49019607843137253,0.9753694581280788,0.8970588235294118,0.8916256157635468,0.5294117647058824,1.855616409864711,1.7875090424557607,0.5634526726652471,0.19991026194595818,0.04777343007001512
0.112200,34.9999,1.7918899442794236,1.7990427646285567,1.7990427646285567,1.7990427646285567,1.7990427646285567,1.7990427646285567,1.7990427646285567,0.0,0.0,0.0,0.0,0.0,1.412487385892398,1.6138556183578383,1.7363748336938634,1.8128823347109566,1.8128823347109566,1.8128823347109566,-22.086096882972658,-10.978468516262025,-4.220213278722885,0.0,0.0,0.0049261083743842365,0.04975124378109453,0.024630541871921183,0.44776119402985076,0.9753694581280788,0.9154228855721394,0.896551724137931,0.6069651741293532,2.0370138085417975,1.2875390887950542,0.7920725492815776,0.24776020934372217,0.04833013221901619
0.130900,29.9999,1.868853635533792,1.86040080220742,1.8855760121396954,1.8855760121396954,1.8855760121396954,1.8855760121396954,1.8855760121396954,-1.335146913738429,0.0,0.0,0.0,0.0,1.4779926754821828,1.7038625434255528,1.8430034424786712,1.8984680725146093,1.8984680725146093,1.8984680725146093,-22.14814160532535,-10.250661146557624,-2.9215466321997483,0.0,0.0,0.00980392156862745,0.049019607843137254,0.029411764705882353,0.4803921568627451,0.9705882352941176,0.8970588235294118,0.8768472906403941,0.5980392156862745,2.496016584482538,1.308561468917193,0.6932693874635276,0.2645908130491154,0.0530889363084292
0.157080,24.9999,1.984948135780803,2.014393003756927,2.014393003756927,2.014393003756927,2.014393003756927,2.014393003756927,2.014393003756927,0.0,0.0,0.0,0.0,0.0,1.5270456246485935,1.68081283828829,1.8466552639715745,2.0182626182110948,2.0182626182110948,2.0182626182110948,-24.33860634043234,-16.719815195403378,-8.502726686362845,0.0,0.0,0.004878048780487805,0.05472636815920398,0.024390243902439025,0.35323383084577115,0.975609756097561,0.9104477611940298,0.8926829268292683,0.5572139303482587,1.5967118233381088,1.3917984000714745,0.7474150199485906,0.26870818707546923,0.0630514934630136
0.196350,20.0000,2.1798054812196286,2.219547452468426,2.219547452468426,2.219547452468426,2.219547452468426,2.219547452468426,2.219547452468426,0.0,0.0,0.0,0.0,0.0,1.479187493926808,1.917021778309206,2.1493701315916622,2.213871675790755,2.213871675790755,2.213871675790755,-33.18549082577387,-13.408631617075075,-2.9135177483154724,0.0,0.0,0.009708737864077669,0.06341463414634146,0.03398058252427184,0.48292682926829267,0.9660194174757282,0.8975609756097561,0.883495145631068,0.5170731707317073,3.2623068600781764,1.3399123669093391,0.9278493887407737,0.226220339163356,0.058355667665784816
0.261799,15.0000,2.572551171599921,2.586402153619399,2.6176451513860504,2.6176451513860504,2.6176451513860504,2.6176451513860504,2.6176451513860504,-1.1935535933932084,0.0,0.0,0.0,0.0,1.7371299980999217,2.2679440424780855,2.470728289866584,2.6176674993919318,2.6176674993919318,2.6176674993919318,-33.63824861242131,-13.360117623612814,-5.613364170945354,0.0,0.0,0.00966183574879227,0.05825242718446602,0.033816425120772944,0.49514563106796117,0.9758454106280193,0.9029126213592233,0.8357487922705314,0.5097087378640777,3.3877889329805493,1.4402876363958148,0.7714005645786932,0.24438737406674332,0.06017205198354787
0.392699,10.0000,3.746079766236013,3.7577625839427053,3.8190193396545253,3.8190193396545253,3.8190193396545253,3.8190193396545253,3.8190193396545253,-1.6039917650001052,0.0,0.0,0.0,0.0,2.277806717839762,2.738487330525357,3.234338467345753,3.819444621485955,3.819444621485955,3.819444621485955,-40.36288142453598,-28.30142594239399,-15.319142234678258,0.0,0.0,0.009302325581395349,0.08571428571428572,0.04186046511627907,0.49523809523809526,0.9488372093023256,0.8523809523809524,0.8372093023255814,0.5,3.617687302867668,3.12818589157991,1.756528426403632,0.34679629070243007,0.1269161492730724
0.523599,7.5000,5.932127977955907,6.089890907621402,6.089890907621402,6.089890907621402,6.089890907621402,6.089890907621402,6.089890907621402,0.0,0.0,0.0,0.0,0.0,2.658511870473137,3.5175266098836686,4.704261589648149,6.021352562506856,6.111657336206191,6.111657336206191,-56.500966526316944,-42.4456179988132,-23.028053916250524,-1.4775824090195488,0.0,0.017857142857142856,0.12389380530973451,0.08035714285714286,0.49557522123893805,0.9241071428571429,0.7300884955752213,0.65625,0.49777777777777776,9.778098465750935,5.578152601194383,2.619030547633748,0.8502599730010655,0.2006996532606271
0.549999,7.1400,6.601846652256098,6.755740966647193,6.755740966647193,6.755740966647193,6.755740966647193,6.755740966647193,6.755740966647193,0.0,0.0,0.0,0.0,0.0,2.4065343076542214,3.854218116480876,4.73199668303878,6.295143279926241,6.767433714723941,6.767433714723941,-64.43948460967839,-43.047567527773,-30.076940794509007,-6.978870495179515,0.0,0.022321428571428572,0.12612612612612611,0.10267857142857142,0.4954954954954955,0.9151785714285714,0.6396396396396397,0.59375,0.4978165938864629,12.124342104303365,5.825526455880858,4.30454522344352,1.0957977230931117,0.2828156538748847
0.569996,6.8895,7.187661854020839,7.090257221734178,7.315266478755826,7.315266478755826,7.315266478755826,7.315266478755826,7.315266478755826,-3.075885993696812,0.0,0.0,0.0,0.0,2.825138598407488,3.76664566947287,4.495130491985063,6.742088594173905,7.247882707945024,7.247882707945024,-61.02118767304813,-48.03108961264056,-37.9800877978121,-6.97850854038622,0.0,0.026785714285714284,0.16591928251121077,0.48214285714285715,0.49557522123893805,0.8839285714285714,0.6816143497757847,0.5,0.4977578475336323,14.946264956895465,6.007029931974091,2.8640553443980865,0.9347612588830464,0.38302369488355054
0.590001,6.6559,7.854710064972021,7.592010524435362,7.8648732647401705,7.8648732647401705,7.8648732647401705,7.8648732647401705,7.8648732647401705,-3.4693850888622424,0.0,0.0,0.0,0.0,2.3132296168582234,3.9726263821392815,4.839189918461594,7.327910704342375,7.960315289859119,7.960315289859119,-70.94047744810919,-50.09461010671113,-39.20856470815445,-7.944466550494345,0.0,0.03125,0.19047619047619047,0.49327354260089684,0.4956896551724138,0.8834080717488789,0.6190476190476191,0.5,0.4977578475336323,13.762130514066722,7.570459820482683,5.271660106544532,1.001382039754926,0.3164318953604054
0.609999,6.4377,8.615615852995166,8.162983201771187,8.508072703894571,8.606669704501254,8.606669704501254,8.606669704501254,8.606669704501254,-5.155147321361951,-1.1455882936360007,0.0,0.0,0.0,2.3470758673849366,3.949405619159348,5.082285937738874,7.769344091313573,8.506993772679532,8.617417015254832,-72.76358027898539,-54.1694963564142,-41.023093941699166,-9.841381964456085,-1.2813960654314922,0.03111111111111111,0.4956140350877193,0.49333333333333335,0.4956521739130435,0.8177777777777778,0.5789473684210527,0.5,0.4977578475336323,12.899969949892634,8.1729143510886,3.871867856127526,1.4126215307508339,0.47366985266119804
0.630002,6.2333,9.48075675398614,9.117575198210806,9.278098384809311,9.278098384809311,9.390562584187979,9.449844168868422,9.449844168868422,-3.51613174482012,-1.8174456741298453,-1.8174456741298453,-0.627328701099013,0.0,2.659354055726773,4.0524521841043235,4.742014854768208,8.729245695529968,9.556224292048093,9.556224292048093,-72.17149813091275,-57.593584450749624,-50.37773591486205,-8.653821543371143,0.0,0.044444444444444446,0.4661016949152542,0.4935064935064935,0.4957627118644068,0.8088888888888889,0.538135593220339,0.49783549783549785,0.4977578475336323,15.373176543256772,12.437779361461601,4.38053287557392,1.5361436003894848,0.3614941667701102
0.650003,6.0415,10.438894914753652,11.008607934400311,11.008607934400311,11.008607934400311,11.008607934400311,11.008607934400311,11.008607934400311,0.0,0.0,0.0,0.0,0.0,3.787819665216374,5.526038073917535,7.142681123803593,10.310602166566962,11.08574781109604,11.08574781109604,-65.83162697039674,-50.15186915594123,-35.568792962669775,-6.9922720391781965,0.0,0.03292181069958848,0.2033195020746888,0.49377593360995853,0.49586776859504134,0.8683127572016461,0.6887966804979253,0.49795918367346936,0.497907949790795,13.20346357296272,4.423330672171728,4.368736785338893,1.0835929394661028,0.31617417201760184
0.669998,5.8612,11.373283070559317,12.756212210916903,12.950676191713487,12.950676191713487,12.950676191713487,12.950676191713487,12.950676191713487,-1.5015739558140782,0.0,0.0,0.0,0.0,4.9018412640683175,6.783836582280322,8.70423824072417,12.755981285915452,13.062699874329038,13.062699874329038,-62.474516667863824,-48.06711746005898,-33.365702921569564,-2.3480489589778686,0.0,0.022813688212927757,0.11278195488721804,0.13793103448275862,0.49624060150375937,0.9118773946360154,0.7218045112781954,0.5113636363636364,0.49809885931558934,8.141646163454183,5.055798210001993,3.6376702804605534,0.745540198934033,0.3044434151695419
0.679998,5.7750,11.671176463075094,14.472412058282677,14.547575773077005,14.553769071902003,14.733374737826935,14.733374737826935,14.733374737826935,-1.771234928778771,-1.2610754023170514,-1.2190395555731461,0.0,0.0,5.186664698952638,7.162770301737163,9.033754963448878,13.777414081331765,14.591935409715266,14.591935409715266,-64.45526550577127,-50.91281519127194,-38.090769251663275,-5.5819965310509465,0.0,0.02158273381294964,0.09712230215827339,0.09352517985611511,0.49640287769784175,0.9064748201438849,0.7769784172661871,0.5251798561151079,0.49818181818181817,9.003873819279383,3.8703862783579734,2.848059830507724,0.8132499512817788,0.26220286660044956
0.689999,5.6913,11.551024040611377,16.187436005764024,16.695870810780594,16.93705142341666,16.93705142341666,16.93705142341666,16.93705142341666,-4.425890899854262,-1.4239822895183245,0.0,0.0,0.0,5.286376348527351,8.071701002628084,10.402002900990269,14.602405285453273,16.60781256782088,16.60781256782088,-68.1693400203096,-51.39816896616641,-37.366809394603365,-12.075083784683736,0.0,0.016835016835016835,0.10616438356164383,0.06734006734006734,0.49666666666666665,0.9259259259259259,0.7876712328767124,0.6599326599326599,0.5,10.92987002732542,5.535898086467828,5.121973359750967,1.0729453523095411,0.2854028719936674
0.695006,5.6503,nan,17.208806214289144,18.17869683502535,18.17869683502535,18.17869683502535,18.17869683502535,18.17869683502535,-5.3353143491974215,0.0,0.0,0.0,0.0,5.463551110592415,8.74932717725756,10.507327956776834,15.524867161317633,17.859629259142796,17.859629259142796,-69.40837331326189,-51.0105890200461,-41.16715523981066,-13.072847503986898,0.0,0.01892744479495268,0.11146496815286625,0.07886435331230283,0.49683544303797467,0.9211356466876972,0.7866242038216561,0.694006309148265,0.5,17.19867388210345,4.489230663137584,3.8075783349965384,1.1321650488429713,0.3058626557985976
0.699998,5.6100,nan,17.879421141232825,19.01779231032073,19.32224913978105,19.32224913978105,19.32224913978105,19.32224913978105,-7.467184529660682,-1.5756800735660677,0.0,0.0,0.0,5.927886722918829,8.989094820760211,11.050224762407792,18.361459817698623,19.349740196819617,19.349740196819617,-69.36451516856462,-53.54410586743854,-42.892128524681475,-5.1074607155884735,0.0,0.023668639053254437,0.10802469135802469,0.08682634730538923,0.49691358024691357,0.9131736526946108,0.7345679012345679,0.7065868263473054,0.49850746268656715,16.7585022046154,6.830172583837954,5.163569896651275,1.11497575853595,0.3658193677357046
0.705000,5.5702,nan,16.555677700855114,17.256321448747265,17.489236356277562,17.498813967998238,17.498813967998238,17.498813967998238,-5.389715376527394,-1.3857654564157469,-0.05473291926065137,0.0,0.0,3.492245813481378,6.562282641902942,9.253596841541212,14.490664709041065,18.488181818174404,18.488181818174404,-81.11092887431255,-64.50552733394241,-49.94858373555876,-21.622013178189686,0.0,0.03180212014134275,0.12142857142857143,0.4911660777385159,0.49642857142857144,0.8812949640287769,0.7563025210084033,0.5159010600706714,0.49823321554770317,15.247833799995435,8.891234357023595,4.59617919842595,1.7880844136773368,0.3490134028216928
0.709997,5.5310,nan,14.384949270137804,15.004442643494711,15.36445277960255,15.36445277960255,15.36445277960255,15.36445277960255,-6.3751278585405196,-2.343136727822672,0.0,0.0,0.0,2.929060798195578,5.072815913148333,7.263045417987236,13.813661378090332,17.20630567065491,17.20630567065491,-82.97681760244997,-70.51769269797443,-57.78846687366337,-19.717447530591535,0.0,0.04377104377104377,0.21311475409836064,0.48172757475083056,0.4965753424657534,0.7713310580204779,0.7328767123287672,0.5050505050505051,0.5,33.60712443774733,15.010568902791583,11.47652441672274,2.800141923675444,0.690687321492869
0.714999,5.4923,nan,15.402030091769033,15.683135346802743,15.683135346802743,15.683135346802743,15.683135346802743,15.683135346802743,-1.7924046998103453,0.0,0.0,0.0,0.0,4.25457163060931,6.577519287312237,8.563092810428987,14.76734021755313,16.533254544783887,16.533254544783887,-74.26658121614905,-60.21642762775105,-48.20685311997101,-10.68098433038333,0.0,0.03225806451612903,0.12,0.13709677419354838,0.496,0.9354838709677419,0.836,0.7137096774193549,0.49794238683127573,15.755466569090085,6.534671513879346,3.857411066065127,1.146921467636986,0.30607647147737393
0.719994,5.4542,nan,16.474885373925478,16.67457554859089,16.67457554859089,16.67457554859089,16.67457554859089,16.67457554859089,-1.1975727602990667,0.0,0.0,0.0,0.0,8.514828762695558,10.376119022638335,11.23680008374713,15.996556713321638,16.85366525821259,16.85366525821259,-49.477881325865404,-38.434050613517584,-33.32726198373038,-5.085591364010824,0.0,0.015503875968992248,0.0784313725490196,0.046511627906976744,0.49411764705882355,0.9652509652509652,0.8627450980392157,0.875968992248062,0.4980392156862745,9.401814544972702,5.196347649752429,3.996343687690166,0.7586010724467589,0.1824402610543675
0.725005,5.4165,nan,17.303230490059303,17.6994681364064,17.94438810614093,17.94438810614093,17.94438810614093,17.94438810614093,-3.573025796640071,-1.3648833734860848,0.0,0.0,0.0,9.46543303556725,11.636521431136709,13.171404074348828,17.463560867356712,17.967423755590215,17.967423755590215,-47.31891914876074,-35.23544839022216,-26.692862296127448,-2.8043134902784015,0.0,0.007434944237918215,0.06818181818181818,0.022304832713754646,0.36742424242424243,0.9740740740740741,0.9015151515151515,0.9037037037037037,0.5113636363636364,4.174295073675812,2.597804270549094,1.3743238795268657,0.566628519188676,0.12393544891293348
0.730005,5.3794,nan,18.058608472821362,18.579561331533863,18.579561331533863,18.579561331533863,18.579561331533863,18.579561331533863,-2.803902898548646,0.0,0.0,0.0,0.0,10.479953880645882,12.911242954570412,14.947816959737326,18.691004308902397,18.691004308902397,18.691004308902397,-43.93049347458364,-30.922690181924168,-20.026678541731524,0.0,0.0,0.011029411764705883,0.07407407407407407,0.029411764705882353,0.4888888888888889,0.9703703703703703,0.8851851851851852,0.8786764705882353,0.5148148148148148,5.339881853870589,3.396086614260545,2.3666775711924086,0.4505483788004959,0.15488514091547073
0.740006,5.3067,nan,22.200709743731608,22.840060553585992,22.840060553585992,22.840060553585992,22.840060553585992,22.840060553585992,-2.7992518161428595,0.0,0.0,0.0,0.0,11.40990170972414,15.239301563511946,17.97520165366542,22.566396397045295,22.898096943949238,22.898096943949238,-50.17096076737863,-33.447300879128775,-21.49914598725935,-1.4485943863190485,0.0,0.006389776357827476,0.06168831168831169,0.025559105431309903,0.4707792207792208,0.9744408945686901,0.9058441558441559,0.8881789137380192,0.5454545454545454,10.937079548803812,3.0391219469818993,2.2431413854911577,0.5250572299288027,0.19901608478431812
0.749998,5.2360,nan,27.577262272292995,27.577262272292995,27.577262272292995,27.95449199733426,27.95449199733426,27.95449199733426,-1.3494422473398437,-1.3494422473398437,-1.3494422473398437,0.0,0.0,13.184770449527043,15.681470902479223,19.318383511646047,26.850946508748184,28.01126565616671,28.01126565616671,-52.930472291513894,-44.01727114023878,-31.033521481050663,-4.14233030974479,0.0,0.011019283746556474,0.06685236768802229,0.030303030303030304,0.48746518105849584,0.9586776859504132,0.8690807799442897,0.8732782369146006,0.4986072423398329,6.188798143882867,3.361850389598621,2.486324378254734,0.8825027462348148,0.292822373631272
0.759999,5.1671,nan,36.56673956824686,37.63621546881736,37.63621546881736,37.63621546881736,37.63621546881736,37.63621546881736,-2.84161382128496,0.0,0.0,0.0,0.0,13.434056067923802,18.73087303948773,21.840061510630697,30.605964392150003,37.632327562282796,37.632327562282796,-64.3018199028748,-50.22664221741935,-41.96462742177017,-18.671083149199102,0.0,0.013215859030837005,0.07777777777777778,0.04405286343612335,0.49777777777777776,0.9537444933920705,0.8244444444444444,0.7973568281938326,0.5022222222222222,8.868795429179967,5.259412282476094,3.510318195820639,1.7004723007671065,0.45245126627149973
