Time, Wall_X, Displacement(Ïƒ), Left_Count, Right_Count, Packing_UNITLESS, Packing_ACTUAL_BOUND, Packing_ACTUAL_WITH_WALLBUFFER
-0.000, 8.750, 0.000, 500, 500, 5.235988, 0.209440, 0.212270
0.002, 8.750, 0.000, 500, 500, 5.235988, 0.209440, 0.212270
0.003, 8.750, 0.000, 500, 500, 5.235988, 0.209440, 0.212270
0.005, 8.750, 0.000, 500, 500, 5.235988, 0.209440, 0.212270
0.006, 8.750, 0.000, 500, 500, 5.235988, 0.209440, 0.212270
0.008, 8.750, 0.000, 500, 500, 5.235988, 0.209440, 0.212270
0.010, 8.750, 0.000, 500, 500, 5.235988, 0.209440, 0.212270
0.011, 8.750, 0.000, 500, 500, 5.235988, 0.209440, 0.212270
0.013, 8.750, 0.000, 500, 500, 5.235988, 0.209440, 0.212270
0.014, 8.750, 0.000, 500, 500, 5.235988, 0.209440, 0.212270
0.016, 8.750, 0.000, 500, 500, 5.235988, 0.209440, 0.212270
0.018, 8.750, 0.000, 500, 500, 5.235988, 0.209440, 0.212270
0.019, 8.750, 0.000, 500, 500, 5.235988, 0.209440, 0.212270
0.021, 8.750, 0.000, 500, 500, 5.235988, 0.209440, 0.212270
0.022, 8.750, 0.000, 500, 500, 5.235988, 0.209440, 0.212270
0.024, 8.750, 0.000, 500, 500, 5.235988, 0.209440, 0.212270
0.026, 8.750, 0.000, 500, 500, 5.235988, 0.209440, 0.212270
0.027, 8.750, 0.000, 500, 500, 5.235988, 0.209440, 0.212270
0.029, 8.750, 0.000, 500, 500, 5.235988, 0.209440, 0.212270
0.030, 8.750, 0.000, 500, 500, 5.235988, 0.209440, 0.212270
0.032, 8.750, 0.000, 500, 500, 5.235988, 0.209440, 0.212270
0.034, 8.750, 0.000, 500, 500, 5.235988, 0.209440, 0.212270
0.035, 8.750, 0.000, 500, 500, 5.235988, 0.209440, 0.212270
0.037, 8.750, 0.000, 500, 500, 5.235988, 0.209440, 0.212270
0.038, 8.750, 0.000, 500, 500, 5.235988, 0.209440, 0.212270
0.040, 8.750, 0.000, 500, 500, 5.235988, 0.209440, 0.212270
0.042, 8.750, 0.000, 500, 500, 5.235988, 0.209440, 0.212270
0.043, 8.750, 0.000, 500, 500, 5.235988, 0.209440, 0.212270
0.045, 8.750, 0.000, 500, 500, 5.235988, 0.209440, 0.212270
0.046, 8.750, 0.000, 500, 500, 5.235988, 0.209440, 0.212270
0.048, 8.750, 0.000, 500, 500, 5.235988, 0.209440, 0.212270
0.050, 8.750, 0.000, 500, 500, 5.235988, 0.209440, 0.212270
0.051, 8.750, 0.000, 500, 500, 5.235988, 0.209440, 0.212270
0.053, 8.750, 0.000, 500, 500, 5.235988, 0.209440, 0.212270
0.054, 8.750, 0.000, 500, 500, 5.235988, 0.209440, 0.212270
0.056, 8.750, 0.000, 500, 500, 5.235988, 0.209440, 0.212270
0.058, 8.750, 0.000, 500, 500, 5.235988, 0.209440, 0.212270
0.059, 8.750, 0.000, 500, 500, 5.235988, 0.209440, 0.212270
0.061, 8.750, 0.000, 500, 500, 5.235988, 0.209440, 0.212270
0.062, 8.750, 0.000, 500, 500, 5.235988, 0.209440, 0.212270
0.064, 8.750, 0.000, 500, 500, 5.235988, 0.209440, 0.212270
0.066, 8.750, 0.000, 500, 500, 5.235988, 0.209440, 0.212270
0.067, 8.750, 0.000, 500, 500, 5.235988, 0.209440, 0.212270
0.069, 8.750, 0.000, 500, 500, 5.235988, 0.209440, 0.212270
0.070, 8.750, 0.000, 500, 500, 5.235988, 0.209440, 0.212270
0.072, 8.750, 0.000, 500, 500, 5.235988, 0.209440, 0.212270
0.074, 8.750, 0.000, 500, 500, 5.235988, 0.209440, 0.212270
0.075, 8.750, 0.000, 500, 500, 5.235988, 0.209440, 0.212270
0.077, 8.750, 0.000, 500, 500, 5.235988, 0.209440, 0.212270
0.078, 8.750, 0.000, 500, 500, 5.235988, 0.209440, 0.212270
0.080, 8.750, 0.000, 500, 500, 5.235988, 0.209440, 0.212270
0.082, 8.750, 0.000, 500, 500, 5.235988, 0.209440, 0.212270
0.083, 8.750, 0.000, 500, 500, 5.235988, 0.209440, 0.212270
0.085, 8.750, 0.000, 500, 500, 5.235988, 0.209440, 0.212270
0.086, 8.750, 0.000, 500, 500, 5.235988, 0.209440, 0.212270
0.088, 8.750, 0.000, 500, 500, 5.235988, 0.209440, 0.212270
0.090, 8.750, 0.000, 500, 500, 5.235988, 0.209440, 0.212270
0.091, 8.750, 0.000, 500, 500, 5.235988, 0.209440, 0.212270
0.093, 8.750, 0.000, 500, 500, 5.235988, 0.209440, 0.212270
0.094, 8.750, 0.000, 500, 500, 5.235988, 0.209440, 0.212270
0.096, 8.750, 0.000, 500, 500, 5.235988, 0.209440, 0.212270
0.098, 8.750, 0.000, 500, 500, 5.235988, 0.209440, 0.212270
0.099, 8.750, 0.000, 500, 500, 5.235988, 0.209440, 0.212270
0.101, 8.750, 0.000, 500, 500, 5.235988, 0.209440, 0.212270
0.102, 8.750, 0.000, 500, 500, 5.235988, 0.209440, 0.212270
0.104, 8.750, 0.000, 500, 500, 5.235988, 0.209440, 0.212270
0.106, 8.750, 0.000, 500, 500, 5.235988, 0.209440, 0.212270
0.107, 8.750, 0.000, 500, 500, 5.235988, 0.209440, 0.212270
0.109, 8.750, 0.000, 500, 500, 5.235988, 0.209440, 0.212270
0.110, 8.750, 0.000, 500, 500, 5.235988, 0.209440, 0.212270
0.112, 8.750, 0.000, 500, 500, 5.235988, 0.209440, 0.212270
0.114, 8.750, 0.000, 500, 500, 5.235988, 0.209440, 0.212270
0.115, 8.750, 0.000, 500, 500, 5.235988, 0.209440, 0.212270
0.117, 8.750, 0.000, 500, 500, 5.235988, 0.209440, 0.212270
0.118, 8.750, 0.000, 500, 500, 5.235988, 0.209440, 0.212270
0.120, 8.750, 0.000, 500, 500, 5.235988, 0.209440, 0.212270
0.122, 8.750, 0.000, 500, 500, 5.235988, 0.209440, 0.212270
0.123, 8.750, 0.000, 500, 500, 5.235988, 0.209440, 0.212270
0.125, 8.750, 0.000, 500, 500, 5.235988, 0.209440, 0.212270
0.126, 8.750, 0.000, 500, 500, 5.235988, 0.209440, 0.212270
0.128, 8.750, 0.000, 500, 500, 5.235988, 0.209440, 0.212270
0.130, 8.750, 0.000, 500, 500, 5.235988, 0.209440, 0.212270
0.131, 8.750, 0.000, 500, 500, 5.235988, 0.209440, 0.212270
0.133, 8.750, 0.000, 500, 500, 5.235988, 0.209440, 0.212270
0.134, 8.750, 0.000, 500, 500, 5.235988, 0.209440, 0.212270
0.136, 8.750, 0.000, 500, 500, 5.235988, 0.209440, 0.212270
0.138, 8.750, 0.000, 500, 500, 5.235988, 0.209440, 0.212270
0.139, 8.750, 0.000, 500, 500, 5.235988, 0.209440, 0.212270
0.141, 8.750, 0.000, 500, 500, 5.235988, 0.209440, 0.212270
0.142, 8.750, 0.000, 500, 500, 5.235988, 0.209440, 0.212270
0.144, 8.750, 0.000, 500, 500, 5.235988, 0.209440, 0.212270
0.146, 8.750, 0.000, 500, 500, 5.235988, 0.209440, 0.212270
0.147, 8.750, 0.000, 500, 500, 5.235988, 0.209440, 0.212270
0.149, 8.750, 0.000, 500, 500, 5.235988, 0.209440, 0.212270
0.150, 8.750, 0.000, 500, 500, 5.235988, 0.209440, 0.212270
0.152, 8.750, 0.000, 500, 500, 5.235988, 0.209440, 0.212270
0.154, 8.750, 0.000, 500, 500, 5.235988, 0.209440, 0.212270
0.155, 8.750, 0.000, 500, 500, 5.235988, 0.209440, 0.212270
0.157, 8.750, 0.000, 500, 500, 5.235988, 0.209440, 0.212270
0.158, 8.750, 0.000, 500, 500, 5.235988, 0.209440, 0.212270
0.160, 8.750, 0.000, 500, 500, 5.235988, 0.209440, 0.212270
0.162, 8.750, 0.000, 500, 500, 5.235988, 0.209440, 0.212270
0.163, 8.750, 0.000, 500, 500, 5.235988, 0.209440, 0.212270
0.165, 8.750, 0.000, 500, 500, 5.235988, 0.209440, 0.212270
0.166, 8.750, 0.000, 500, 500, 5.235988, 0.209440, 0.212270
0.168, 8.750, 0.000, 500, 500, 5.235988, 0.209440, 0.212270
0.170, 8.750, 0.000, 500, 500, 5.235988, 0.209440, 0.212270
0.171, 8.750, 0.000, 500, 500, 5.235988, 0.209440, 0.212270
0.173, 8.750, 0.000, 500, 500, 5.235988, 0.209440, 0.212270
0.174, 8.750, 0.000, 500, 500, 5.235988, 0.209440, 0.212270
0.176, 8.750, 0.000, 500, 500, 5.235988, 0.209440, 0.212270
0.178, 8.750, 0.000, 500, 500, 5.235988, 0.209440, 0.212270
0.179, 8.750, 0.000, 500, 500, 5.235988, 0.209440, 0.212270
0.181, 8.750, 0.000, 500, 500, 5.235988, 0.209440, 0.212270
0.182, 8.750, 0.000, 500, 500, 5.235988, 0.209440, 0.212270
0.184, 8.750, 0.000, 500, 500, 5.235988, 0.209440, 0.212270
0.186, 8.750, 0.000, 500, 500, 5.235988, 0.209440, 0.212270
0.187, 8.750, 0.000, 500, 500, 5.235988, 0.209440, 0.212270
0.189, 8.750, 0.000, 500, 500, 5.235988, 0.209440, 0.212270
0.190, 8.750, 0.000, 500, 500, 5.235988, 0.209440, 0.212270
0.192, 8.750, 0.000, 500, 500, 5.235988, 0.209440, 0.212270
0.194, 8.750, 0.000, 500, 500, 5.235988, 0.209440, 0.212270
0.195, 8.750, 0.000, 500, 500, 5.235988, 0.209440, 0.212270
0.197, 8.750, 0.000, 500, 500, 5.235988, 0.209440, 0.212270
0.198, 8.750, 0.000, 500, 500, 5.235988, 0.209440, 0.212270
0.200, 8.750, 0.000, 500, 500, 5.235988, 0.209440, 0.212270
0.202, 8.750, 0.000, 500, 500, 5.235988, 0.209440, 0.212270
0.203, 8.750, 0.000, 500, 500, 5.235988, 0.209440, 0.212270
0.205, 8.750, 0.000, 500, 500, 5.235988, 0.209440, 0.212270
0.206, 8.750, 0.000, 500, 500, 5.235988, 0.209440, 0.212270
0.208, 8.750, 0.000, 500, 500, 5.235988, 0.209440, 0.212270
0.210, 8.750, 0.000, 500, 500, 5.235988, 0.209440, 0.212270
0.211, 8.750, 0.000, 500, 500, 5.235988, 0.209440, 0.212270
0.213, 8.750, 0.000, 500, 500, 5.235988, 0.209440, 0.212270
0.214, 8.750, 0.000, 500, 500, 5.235988, 0.209440, 0.212270
0.216, 8.750, 0.000, 500, 500, 5.235988, 0.209440, 0.212270
0.218, 8.750, 0.000, 500, 500, 5.235988, 0.209440, 0.212270
0.219, 8.750, 0.000, 500, 500, 5.235988, 0.209440, 0.212270
0.221, 8.750, 0.000, 500, 500, 5.235988, 0.209440, 0.212270
0.222, 8.750, 0.000, 500, 500, 5.235988, 0.209440, 0.212270
0.224, 8.750, 0.000, 500, 500, 5.235988, 0.209440, 0.212270
0.226, 8.750, 0.000, 500, 500, 5.235988, 0.209440, 0.212270
0.227, 8.750, 0.000, 500, 500, 5.235988, 0.209440, 0.212270
0.229, 8.750, 0.000, 500, 500, 5.235988, 0.209440, 0.212270
0.230, 8.750, 0.000, 500, 500, 5.235988, 0.209440, 0.212270
0.232, 8.750, 0.000, 500, 500, 5.235988, 0.209440, 0.212270
0.234, 8.750, 0.000, 500, 500, 5.235988, 0.209440, 0.212270
0.235, 8.750, 0.000, 500, 500, 5.235988, 0.209440, 0.212270
0.237, 8.750, 0.000, 500, 500, 5.235988, 0.209440, 0.212270
0.238, 8.750, 0.000, 500, 500, 5.235988, 0.209440, 0.212270
0.240, 8.750, 0.000, 500, 500, 5.235988, 0.209440, 0.212270
0.242, 8.750, 0.000, 500, 500, 5.235988, 0.209440, 0.212270
0.243, 8.750, 0.000, 500, 500, 5.235988, 0.209440, 0.212270
0.245, 8.750, 0.000, 500, 500, 5.235988, 0.209440, 0.212270
0.246, 8.750, 0.000, 500, 500, 5.235988, 0.209440, 0.212270
0.248, 8.750, 0.000, 500, 500, 5.235988, 0.209440, 0.212270
0.250, 8.750, 0.000, 500, 500, 5.235988, 0.209440, 0.212270
0.251, 8.750, 0.000, 500, 500, 5.235988, 0.209440, 0.212270
0.253, 8.750, 0.000, 500, 500, 5.235988, 0.209440, 0.212270
0.254, 8.750, 0.000, 500, 500, 5.235988, 0.209440, 0.212270
0.256, 8.750, 0.000, 500, 500, 5.235988, 0.209440, 0.212270
0.258, 8.750, 0.000, 500, 500, 5.235988, 0.209440, 0.212270
0.259, 8.750, 0.000, 500, 500, 5.235988, 0.209440, 0.212270
0.261, 8.750, 0.000, 500, 500, 5.235988, 0.209440, 0.212270
0.262, 8.750, 0.000, 500, 500, 5.235988, 0.209440, 0.212270
0.264, 8.750, 0.000, 500, 500, 5.235988, 0.209440, 0.212270
0.266, 8.750, 0.000, 500, 500, 5.235988, 0.209440, 0.212270
0.267, 8.750, 0.000, 500, 500, 5.235988, 0.209440, 0.212270
0.269, 8.750, 0.000, 500, 500, 5.235988, 0.209440, 0.212270
0.270, 8.750, 0.000, 500, 500, 5.235988, 0.209440, 0.212270
0.272, 8.750, 0.000, 500, 500, 5.235988, 0.209440, 0.212270
0.274, 8.750, 0.000, 500, 500, 5.235988, 0.209440, 0.212270
0.275, 8.750, 0.000, 500, 500, 5.235988, 0.209440, 0.212270
0.277, 8.750, 0.000, 500, 500, 5.235988, 0.209440, 0.212270
0.278, 8.750, 0.000, 500, 500, 5.235988, 0.209440, 0.212270
0.280, 8.750, 0.000, 500, 500, 5.235988, 0.209440, 0.212270
0.282, 8.750, 0.000, 500, 500, 5.235988, 0.209440, 0.212270
0.283, 8.750, 0.000, 500, 500, 5.235988, 0.209440, 0.212270
0.285, 8.750, 0.000, 500, 500, 5.235988, 0.209440, 0.212270
0.286, 8.750, 0.000, 500, 500, 5.235988, 0.209440, 0.212270
0.288, 8.750, 0.000, 500, 500, 5.235988, 0.209440, 0.212270
0.290, 8.750, 0.000, 500, 500, 5.235988, 0.209440, 0.212270
0.291, 8.750, 0.000, 500, 500, 5.235988, 0.209440, 0.212270
0.293, 8.750, 0.000, 500, 500, 5.235988, 0.209440, 0.212270
0.294, 8.750, 0.000, 500, 500, 5.235988, 0.209440, 0.212270
0.296, 8.750, 0.000, 500, 500, 5.235988, 0.209440, 0.212270
0.298, 8.750, 0.000, 500, 500, 5.235988, 0.209440, 0.212270
0.299, 8.750, 0.000, 500, 500, 5.235988, 0.209440, 0.212270
0.301, 8.750, 0.000, 500, 500, 5.235988, 0.209440, 0.212270
0.302, 8.750, 0.000, 500, 500, 5.235988, 0.209440, 0.212270
0.304, 8.750, 0.000, 500, 500, 5.235988, 0.209440, 0.212270
0.306, 8.750, 0.000, 500, 500, 5.235988, 0.209440, 0.212270
0.307, 8.750, 0.000, 500, 500, 5.235988, 0.209440, 0.212270
0.309, 8.750, 0.000, 500, 500, 5.235988, 0.209440, 0.212270
0.310, 8.750, 0.000, 500, 500, 5.235988, 0.209440, 0.212270
0.312, 8.750, 0.000, 500, 500, 5.235988, 0.209440, 0.212270
0.314, 8.750, 0.000, 500, 500, 5.235988, 0.209440, 0.212270
0.315, 8.750, 0.000, 500, 500, 5.235988, 0.209440, 0.212270
0.317, 8.750, 0.000, 500, 500, 5.235988, 0.209440, 0.212270
0.318, 8.750, 0.000, 500, 500, 5.235988, 0.209440, 0.212270
0.320, 8.750, 0.000, 500, 500, 5.235988, 0.209440, 0.212270
0.322, 8.750, 0.000, 500, 500, 5.235988, 0.209440, 0.212270
0.323, 8.750, 0.000, 500, 500, 5.235988, 0.209440, 0.212270
0.325, 8.750, 0.000, 500, 500, 5.235988, 0.209440, 0.212270
0.326, 8.750, 0.000, 500, 500, 5.235988, 0.209440, 0.212270
0.328, 8.750, 0.000, 500, 500, 5.235988, 0.209440, 0.212270
0.330, 8.750, 0.000, 500, 500, 5.235988, 0.209440, 0.212270
0.331, 8.750, 0.000, 500, 500, 5.235988, 0.209440, 0.212270
0.333, 8.750, 0.000, 500, 500, 5.235988, 0.209440, 0.212270
0.334, 8.750, 0.000, 500, 500, 5.235988, 0.209440, 0.212270
0.336, 8.750, 0.000, 500, 500, 5.235988, 0.209440, 0.212270
0.338, 8.750, 0.000, 500, 500, 5.235988, 0.209440, 0.212270
0.339, 8.750, 0.000, 500, 500, 5.235988, 0.209440, 0.212270
0.341, 8.750, 0.000, 500, 500, 5.235988, 0.209440, 0.212270
0.342, 8.750, 0.000, 500, 500, 5.235988, 0.209440, 0.212270
0.344, 8.750, 0.000, 500, 500, 5.235988, 0.209440, 0.212270
0.346, 8.750, 0.000, 500, 500, 5.235988, 0.209440, 0.212270
0.347, 8.750, 0.000, 500, 500, 5.235988, 0.209440, 0.212270
0.349, 8.750, 0.000, 500, 500, 5.235988, 0.209440, 0.212270
0.350, 8.750, 0.000, 500, 500, 5.235988, 0.209440, 0.212270
0.352, 8.750, 0.000, 500, 500, 5.235988, 0.209440, 0.212270
0.354, 8.750, 0.000, 500, 500, 5.235988, 0.209440, 0.212270
0.355, 8.750, 0.000, 500, 500, 5.235988, 0.209440, 0.212270
0.357, 8.750, 0.000, 500, 500, 5.235988, 0.209440, 0.212270
0.358, 8.750, 0.000, 500, 500, 5.235988, 0.209440, 0.212270
0.360, 8.750, 0.000, 500, 500, 5.235988, 0.209440, 0.212270
0.362, 8.750, 0.000, 500, 500, 5.235988, 0.209440, 0.212270
0.363, 8.750, 0.000, 500, 500, 5.235988, 0.209440, 0.212270
0.365, 8.750, 0.000, 500, 500, 5.235988, 0.209440, 0.212270
0.366, 8.750, 0.000, 500, 500, 5.235988, 0.209440, 0.212270
0.368, 8.750, 0.000, 500, 500, 5.235988, 0.209440, 0.212270
0.370, 8.750, 0.000, 500, 500, 5.235988, 0.209440, 0.212270
0.371, 8.750, 0.000, 500, 500, 5.235988, 0.209440, 0.212270
0.373, 8.750, 0.000, 500, 500, 5.235988, 0.209440, 0.212270
0.374, 8.750, 0.000, 500, 500, 5.235988, 0.209440, 0.212270
0.376, 8.750, 0.000, 500, 500, 5.235988, 0.209440, 0.212270
0.378, 8.750, 0.000, 500, 500, 5.235988, 0.209440, 0.212270
0.379, 8.750, 0.000, 500, 500, 5.235988, 0.209440, 0.212270
0.381, 8.750, 0.000, 500, 500, 5.235988, 0.209440, 0.212270
0.382, 8.750, 0.000, 500, 500, 5.235988, 0.209440, 0.212270
0.384, 8.750, 0.000, 500, 500, 5.235988, 0.209440, 0.212270
0.386, 8.750, 0.000, 500, 500, 5.235988, 0.209440, 0.212270
0.387, 8.750, 0.000, 500, 500, 5.235988, 0.209440, 0.212270
0.389, 8.750, 0.000, 500, 500, 5.235988, 0.209440, 0.212270
0.390, 8.750, 0.000, 500, 500, 5.235988, 0.209440, 0.212270
0.392, 8.750, 0.000, 500, 500, 5.235988, 0.209440, 0.212270
0.394, 8.750, 0.000, 500, 500, 5.235988, 0.209440, 0.212270
0.395, 8.750, 0.000, 500, 500, 5.235988, 0.209440, 0.212270
0.397, 8.750, 0.000, 500, 500, 5.235988, 0.209440, 0.212270
0.398, 8.750, 0.000, 500, 500, 5.235988, 0.209440, 0.212270
0.400, 8.750, 0.000, 500, 500, 5.235988, 0.209440, 0.212270
0.402, 8.750, 0.000, 500, 500, 5.235988, 0.209440, 0.212270
0.403, 8.750, 0.000, 500, 500, 5.235988, 0.209440, 0.212270
0.405, 8.750, 0.000, 500, 500, 5.235988, 0.209440, 0.212270
0.406, 8.750, 0.000, 500, 500, 5.235988, 0.209440, 0.212270
0.408, 8.750, 0.000, 500, 500, 5.235988, 0.209440, 0.212270
0.410, 8.750, 0.000, 500, 500, 5.235988, 0.209440, 0.212270
0.411, 8.750, 0.000, 500, 500, 5.235988, 0.209440, 0.212270
0.413, 8.750, 0.000, 500, 500, 5.235988, 0.209440, 0.212270
0.414, 8.750, 0.000, 500, 500, 5.235988, 0.209440, 0.212270
0.416, 8.750, 0.000, 500, 500, 5.235988, 0.209440, 0.212270
0.418, 8.750, 0.000, 500, 500, 5.235988, 0.209440, 0.212270
0.419, 8.750, 0.000, 500, 500, 5.235988, 0.209440, 0.212270
0.421, 8.750, 0.000, 500, 500, 5.235988, 0.209440, 0.212270
0.422, 8.750, 0.000, 500, 500, 5.235988, 0.209440, 0.212270
0.424, 8.750, 0.000, 500, 500, 5.235988, 0.209440, 0.212270
0.426, 8.750, 0.000, 500, 500, 5.235988, 0.209440, 0.212270
0.427, 8.750, 0.000, 500, 500, 5.235988, 0.209440, 0.212270
0.429, 8.750, 0.000, 500, 500, 5.235988, 0.209440, 0.212270
0.430, 8.750, 0.000, 500, 500, 5.235988, 0.209440, 0.212270
0.432, 8.750, 0.000, 500, 500, 5.235988, 0.209440, 0.212270
0.434, 8.750, 0.000, 500, 500, 5.235988, 0.209440, 0.212270
0.435, 8.750, 0.000, 500, 500, 5.235988, 0.209440, 0.212270
0.437, 8.750, 0.000, 500, 500, 5.235988, 0.209440, 0.212270
0.438, 8.750, 0.000, 500, 500, 5.235988, 0.209440, 0.212270
0.440, 8.750, 0.000, 500, 500, 5.235988, 0.209440, 0.212270
0.442, 8.750, 0.000, 500, 500, 5.235988, 0.209440, 0.212270
0.443, 8.750, 0.000, 500, 500, 5.235988, 0.209440, 0.212270
0.445, 8.750, 0.000, 500, 500, 5.235988, 0.209440, 0.212270
0.446, 8.750, 0.000, 500, 500, 5.235988, 0.209440, 0.212270
0.448, 8.750, 0.000, 500, 500, 5.235988, 0.209440, 0.212270
0.450, 8.750, 0.000, 500, 500, 5.235988, 0.209440, 0.212270
0.451, 8.750, 0.000, 500, 500, 5.235988, 0.209440, 0.212270
0.453, 8.750, 0.000, 500, 500, 5.235988, 0.209440, 0.212270
0.454, 8.750, 0.000, 500, 500, 5.235988, 0.209440, 0.212270
0.456, 8.750, 0.000, 500, 500, 5.235988, 0.209440, 0.212270
0.458, 8.750, 0.000, 500, 500, 5.235988, 0.209440, 0.212270
0.459, 8.750, 0.000, 500, 500, 5.235988, 0.209440, 0.212270
0.461, 8.750, 0.000, 500, 500, 5.235988, 0.209440, 0.212270
0.462, 8.750, 0.000, 500, 500, 5.235988, 0.209440, 0.212270
0.464, 8.750, 0.000, 500, 500, 5.235988, 0.209440, 0.212270
0.466, 8.750, 0.000, 500, 500, 5.235988, 0.209440, 0.212270
0.467, 8.750, 0.000, 500, 500, 5.235988, 0.209440, 0.212270
0.469, 8.750, 0.000, 500, 500, 5.235988, 0.209440, 0.212270
0.470, 8.750, 0.000, 500, 500, 5.235988, 0.209440, 0.212270
0.472, 8.750, 0.000, 500, 500, 5.235988, 0.209440, 0.212270
0.474, 8.750, 0.000, 500, 500, 5.235988, 0.209440, 0.212270
0.475, 8.750, 0.000, 500, 500, 5.235988, 0.209440, 0.212270
0.477, 8.750, 0.000, 500, 500, 5.235988, 0.209440, 0.212270
0.478, 8.750, 0.000, 500, 500, 5.235988, 0.209440, 0.212270
0.480, 8.750, 0.000, 500, 500, 5.235988, 0.209440, 0.212270
0.482, 8.750, 0.000, 500, 500, 5.235988, 0.209440, 0.212270
0.483, 8.750, 0.000, 500, 500, 5.235988, 0.209440, 0.212270
0.485, 8.750, 0.000, 500, 500, 5.235988, 0.209440, 0.212270
0.486, 8.750, 0.000, 500, 500, 5.235988, 0.209440, 0.212270
0.488, 8.750, 0.000, 500, 500, 5.235988, 0.209440, 0.212270
0.490, 8.750, 0.000, 500, 500, 5.235988, 0.209440, 0.212270
0.491, 8.750, 0.000, 500, 500, 5.235988, 0.209440, 0.212270
0.493, 8.750, 0.000, 500, 500, 5.235988, 0.209440, 0.212270
0.494, 8.750, 0.000, 500, 500, 5.235988, 0.209440, 0.212270
0.496, 8.750, 0.000, 500, 500, 5.235988, 0.209440, 0.212270
0.498, 8.750, 0.000, 500, 500, 5.235988, 0.209440, 0.212270
0.499, 8.750, 0.000, 500, 500, 5.235988, 0.209440, 0.212270
0.501, 8.750, 0.000, 500, 500, 5.235988, 0.209440, 0.212270
0.502, 8.750, 0.000, 500, 500, 5.235988, 0.209440, 0.212270
0.504, 8.750, 0.000, 500, 500, 5.235988, 0.209440, 0.212270
0.506, 8.750, 0.000, 500, 500, 5.235988, 0.209440, 0.212270
0.507, 8.750, 0.000, 500, 500, 5.235988, 0.209440, 0.212270
0.509, 8.750, 0.000, 500, 500, 5.235988, 0.209440, 0.212270
0.510, 8.750, 0.000, 500, 500, 5.235988, 0.209440, 0.212270
0.512, 8.750, 0.000, 500, 500, 5.235988, 0.209440, 0.212270
0.514, 8.750, 0.000, 500, 500, 5.235988, 0.209440, 0.212270
0.515, 8.750, 0.000, 500, 500, 5.235988, 0.209440, 0.212270
0.517, 8.750, 0.000, 500, 500, 5.235988, 0.209440, 0.212270
0.518, 8.750, 0.000, 500, 500, 5.235988, 0.209440, 0.212270
0.520, 8.750, 0.000, 500, 500, 5.235988, 0.209440, 0.212270
0.522, 8.750, 0.000, 500, 500, 5.235988, 0.209440, 0.212270
0.523, 8.750, 0.000, 500, 500, 5.235988, 0.209440, 0.212270
0.525, 8.750, 0.000, 500, 500, 5.235988, 0.209440, 0.212270
0.526, 8.750, 0.000, 500, 500, 5.235988, 0.209440, 0.212270
0.528, 8.750, 0.000, 500, 500, 5.235988, 0.209440, 0.212270
0.530, 8.750, 0.000, 500, 500, 5.235988, 0.209440, 0.212270
0.531, 8.750, 0.000, 500, 500, 5.235988, 0.209440, 0.212270
0.533, 8.750, 0.000, 500, 500, 5.235988, 0.209440, 0.212270
0.534, 8.750, 0.000, 500, 500, 5.235988, 0.209440, 0.212270
0.536, 8.750, 0.000, 500, 500, 5.235988, 0.209440, 0.212270
0.538, 8.750, 0.000, 500, 500, 5.235988, 0.209440, 0.212270
0.539, 8.750, 0.000, 500, 500, 5.235988, 0.209440, 0.212270
0.541, 8.750, 0.000, 500, 500, 5.235988, 0.209440, 0.212270
0.542, 8.750, 0.000, 500, 500, 5.235988, 0.209440, 0.212270
0.544, 8.750, 0.000, 500, 500, 5.235988, 0.209440, 0.212270
0.546, 8.750, 0.000, 500, 500, 5.235988, 0.209440, 0.212270
0.547, 8.750, 0.000, 500, 500, 5.235988, 0.209440, 0.212270
0.549, 8.750, 0.000, 500, 500, 5.235988, 0.209440, 0.212270
0.550, 8.750, 0.000, 500, 500, 5.235988, 0.209440, 0.212270
0.552, 8.750, 0.000, 500, 500, 5.235988, 0.209440, 0.212270
0.554, 8.750, 0.000, 500, 500, 5.235988, 0.209440, 0.212270
0.555, 8.750, 0.000, 500, 500, 5.235988, 0.209440, 0.212270
0.557, 8.750, 0.000, 500, 500, 5.235988, 0.209440, 0.212270
0.558, 8.750, 0.000, 500, 500, 5.235988, 0.209440, 0.212270
0.560, 8.750, 0.000, 500, 500, 5.235988, 0.209440, 0.212270
0.562, 8.750, 0.000, 500, 500, 5.235988, 0.209440, 0.212270
0.563, 8.750, 0.000, 500, 500, 5.235988, 0.209440, 0.212270
0.565, 8.750, 0.000, 500, 500, 5.235988, 0.209440, 0.212270
0.566, 8.750, 0.000, 500, 500, 5.235988, 0.209440, 0.212270
0.568, 8.750, 0.000, 500, 500, 5.235988, 0.209440, 0.212270
0.570, 8.750, 0.000, 500, 500, 5.235988, 0.209440, 0.212270
0.571, 8.750, 0.000, 500, 500, 5.235988, 0.209440, 0.212270
0.573, 8.750, 0.000, 500, 500, 5.235988, 0.209440, 0.212270
0.574, 8.750, 0.000, 500, 500, 5.235988, 0.209440, 0.212270
0.576, 8.750, 0.000, 500, 500, 5.235988, 0.209440, 0.212270
0.578, 8.750, 0.000, 500, 500, 5.235988, 0.209440, 0.212270
0.579, 8.750, 0.000, 500, 500, 5.235988, 0.209440, 0.212270
0.581, 8.750, 0.000, 500, 500, 5.235988, 0.209440, 0.212270
0.582, 8.750, 0.000, 500, 500, 5.235988, 0.209440, 0.212270
0.584, 8.750, 0.000, 500, 500, 5.235988, 0.209440, 0.212270
0.586, 8.750, 0.000, 500, 500, 5.235988, 0.209440, 0.212270
0.587, 8.750, 0.000, 500, 500, 5.235988, 0.209440, 0.212270
0.589, 8.750, 0.000, 500, 500, 5.235988, 0.209440, 0.212270
0.590, 8.750, 0.000, 500, 500, 5.235988, 0.209440, 0.212270
0.592, 8.750, 0.000, 500, 500, 5.235988, 0.209440, 0.212270
0.594, 8.750, 0.000, 500, 500, 5.235988, 0.209440, 0.212270
0.595, 8.750, 0.000, 500, 500, 5.235988, 0.209440, 0.212270
0.597, 8.750, 0.000, 500, 500, 5.235988, 0.209440, 0.212270
0.598, 8.750, 0.000, 500, 500, 5.235988, 0.209440, 0.212270
0.600, 8.750, 0.000, 500, 500, 5.235988, 0.209440, 0.212270
0.602, 8.750, 0.000, 500, 500, 5.235988, 0.209440, 0.212270
0.603, 8.750, 0.000, 500, 500, 5.235988, 0.209440, 0.212270
0.605, 8.750, 0.000, 500, 500, 5.235988, 0.209440, 0.212270
0.606, 8.750, 0.000, 500, 500, 5.235988, 0.209440, 0.212270
0.608, 8.750, 0.000, 500, 500, 5.235988, 0.209440, 0.212270
0.610, 8.750, 0.000, 500, 500, 5.235988, 0.209440, 0.212270
0.611, 8.750, 0.000, 500, 500, 5.235988, 0.209440, 0.212270
0.613, 8.750, 0.000, 500, 500, 5.235988, 0.209440, 0.212270
0.614, 8.750, 0.000, 500, 500, 5.235988, 0.209440, 0.212270
0.616, 8.750, 0.000, 500, 500, 5.235988, 0.209440, 0.212270
0.618, 8.750, 0.000, 500, 500, 5.235988, 0.209440, 0.212270
0.619, 8.750, 0.000, 500, 500, 5.235988, 0.209440, 0.212270
0.621, 8.750, 0.000, 500, 500, 5.235988, 0.209440, 0.212270
0.622, 8.750, 0.000, 500, 500, 5.235988, 0.209440, 0.212270
0.624, 8.750, 0.000, 500, 500, 5.235988, 0.209440, 0.212270
0.626, 8.750, 0.000, 500, 500, 5.235988, 0.209440, 0.212270
0.627, 8.750, 0.000, 500, 500, 5.235988, 0.209440, 0.212270
0.629, 8.750, 0.000, 500, 500, 5.235988, 0.209440, 0.212270
0.630, 8.750, 0.000, 500, 500, 5.235988, 0.209440, 0.212270
0.632, 8.750, 0.000, 500, 500, 5.235988, 0.209440, 0.212270
0.634, 8.750, 0.000, 500, 500, 5.235988, 0.209440, 0.212270
0.635, 8.750, 0.000, 500, 500, 5.235988, 0.209440, 0.212270
0.637, 8.750, 0.000, 500, 500, 5.235988, 0.209440, 0.212270
0.638, 8.750, 0.000, 500, 500, 5.235988, 0.209440, 0.212270
0.640, 8.750, 0.000, 500, 500, 5.235988, 0.209440, 0.212270
0.642, 8.750, 0.000, 500, 500, 5.235988, 0.209440, 0.212270
0.643, 8.750, 0.000, 500, 500, 5.235988, 0.209440, 0.212270
0.645, 8.750, 0.000, 500, 500, 5.235988, 0.209440, 0.212270
0.646, 8.750, 0.000, 500, 500, 5.235988, 0.209440, 0.212270
0.648, 8.750, 0.000, 500, 500, 5.235988, 0.209440, 0.212270
0.650, 8.750, 0.000, 500, 500, 5.235988, 0.209440, 0.212270
0.651, 8.750, 0.000, 500, 500, 5.235988, 0.209440, 0.212270
0.653, 8.750, 0.000, 500, 500, 5.235988, 0.209440, 0.212270
0.654, 8.750, 0.000, 500, 500, 5.235988, 0.209440, 0.212270
0.656, 8.750, 0.000, 500, 500, 5.235988, 0.209440, 0.212270
0.658, 8.750, 0.000, 500, 500, 5.235988, 0.209440, 0.212270
0.659, 8.750, 0.000, 500, 500, 5.235988, 0.209440, 0.212270
0.661, 8.750, 0.000, 500, 500, 5.235988, 0.209440, 0.212270
0.662, 8.750, 0.000, 500, 500, 5.235988, 0.209440, 0.212270
0.664, 8.750, 0.000, 500, 500, 5.235988, 0.209440, 0.212270
0.666, 8.750, 0.000, 500, 500, 5.235988, 0.209440, 0.212270
0.667, 8.750, 0.000, 500, 500, 5.235988, 0.209440, 0.212270
0.669, 8.750, 0.000, 500, 500, 5.235988, 0.209440, 0.212270
0.670, 8.750, 0.000, 500, 500, 5.235988, 0.209440, 0.212270
0.672, 8.750, 0.000, 500, 500, 5.235988, 0.209440, 0.212270
0.674, 8.750, 0.000, 500, 500, 5.235988, 0.209440, 0.212270
0.675, 8.750, 0.000, 500, 500, 5.235988, 0.209440, 0.212270
0.677, 8.750, 0.000, 500, 500, 5.235988, 0.209440, 0.212270
0.678, 8.750, 0.000, 500, 500, 5.235988, 0.209440, 0.212270
0.680, 8.750, 0.000, 500, 500, 5.235988, 0.209440, 0.212270
0.682, 8.750, 0.000, 500, 500, 5.235988, 0.209440, 0.212270
0.683, 8.750, 0.000, 500, 500, 5.235988, 0.209440, 0.212270
0.685, 8.750, 0.000, 500, 500, 5.235988, 0.209440, 0.212270
0.686, 8.750, 0.000, 500, 500, 5.235988, 0.209440, 0.212270
0.688, 8.750, 0.000, 500, 500, 5.235988, 0.209440, 0.212270
0.690, 8.750, 0.000, 500, 500, 5.235988, 0.209440, 0.212270
0.691, 8.750, 0.000, 500, 500, 5.235988, 0.209440, 0.212270
0.693, 8.750, 0.000, 500, 500, 5.235988, 0.209440, 0.212270
0.694, 8.750, 0.000, 500, 500, 5.235988, 0.209440, 0.212270
0.696, 8.750, 0.000, 500, 500, 5.235988, 0.209440, 0.212270
0.698, 8.750, 0.000, 500, 500, 5.235988, 0.209440, 0.212270
0.699, 8.750, 0.000, 500, 500, 5.235988, 0.209440, 0.212270
0.701, 8.750, 0.000, 500, 500, 5.235988, 0.209440, 0.212270
0.702, 8.750, 0.000, 500, 500, 5.235988, 0.209440, 0.212270
0.704, 8.750, 0.000, 500, 500, 5.235988, 0.209440, 0.212270
0.706, 8.750, 0.000, 500, 500, 5.235988, 0.209440, 0.212270
0.707, 8.750, 0.000, 500, 500, 5.235988, 0.209440, 0.212270
0.709, 8.750, 0.000, 500, 500, 5.235988, 0.209440, 0.212270
0.710, 8.750, 0.000, 500, 500, 5.235988, 0.209440, 0.212270
0.712, 8.750, 0.000, 500, 500, 5.235988, 0.209440, 0.212270
0.714, 8.750, 0.000, 500, 500, 5.235988, 0.209440, 0.212270
0.715, 8.750, 0.000, 500, 500, 5.235988, 0.209440, 0.212270
0.717, 8.750, 0.000, 500, 500, 5.235988, 0.209440, 0.212270
0.718, 8.750, 0.000, 500, 500, 5.235988, 0.209440, 0.212270
0.720, 8.750, 0.000, 500, 500, 5.235988, 0.209440, 0.212270
0.722, 8.750, 0.000, 500, 500, 5.235988, 0.209440, 0.212270
0.723, 8.750, 0.000, 500, 500, 5.235988, 0.209440, 0.212270
0.725, 8.750, 0.000, 500, 500, 5.235988, 0.209440, 0.212270
0.726, 8.750, 0.000, 500, 500, 5.235988, 0.209440, 0.212270
0.728, 8.750, 0.000, 500, 500, 5.235988, 0.209440, 0.212270
0.730, 8.750, 0.000, 500, 500, 5.235988, 0.209440, 0.212270
0.731, 8.750, 0.000, 500, 500, 5.235988, 0.209440, 0.212270
0.733, 8.750, 0.000, 500, 500, 5.235988, 0.209440, 0.212270
0.734, 8.750, 0.000, 500, 500, 5.235988, 0.209440, 0.212270
0.736, 8.750, 0.000, 500, 500, 5.235988, 0.209440, 0.212270
0.738, 8.750, 0.000, 500, 500, 5.235988, 0.209440, 0.212270
0.739, 8.750, 0.000, 500, 500, 5.235988, 0.209440, 0.212270
0.741, 8.750, 0.000, 500, 500, 5.235988, 0.209440, 0.212270
0.742, 8.750, 0.000, 500, 500, 5.235988, 0.209440, 0.212270
0.744, 8.750, 0.000, 500, 500, 5.235988, 0.209440, 0.212270
0.746, 8.750, 0.000, 500, 500, 5.235988, 0.209440, 0.212270
0.747, 8.750, 0.000, 500, 500, 5.235988, 0.209440, 0.212270
0.749, 8.750, 0.000, 500, 500, 5.235988, 0.209440, 0.212270
0.750, 8.750, 0.000, 500, 500, 5.235988, 0.209440, 0.212270
0.752, 8.750, 0.000, 500, 500, 5.235988, 0.209440, 0.212270
0.754, 8.750, 0.000, 500, 500, 5.235988, 0.209440, 0.212270
0.755, 8.750, 0.000, 500, 500, 5.235988, 0.209440, 0.212270
0.757, 8.750, 0.000, 500, 500, 5.235988, 0.209440, 0.212270
0.758, 8.750, 0.000, 500, 500, 5.235988, 0.209440, 0.212270
0.760, 8.750, 0.000, 500, 500, 5.235988, 0.209440, 0.212270
0.762, 8.750, 0.000, 500, 500, 5.235988, 0.209440, 0.212270
0.763, 8.750, 0.000, 500, 500, 5.235988, 0.209440, 0.212270
0.765, 8.750, 0.000, 500, 500, 5.235988, 0.209440, 0.212270
0.766, 8.750, 0.000, 500, 500, 5.235988, 0.209440, 0.212270
0.768, 8.750, 0.000, 500, 500, 5.235988, 0.209440, 0.212270
0.770, 8.750, 0.000, 500, 500, 5.235988, 0.209440, 0.212270
0.771, 8.750, 0.000, 500, 500, 5.235988, 0.209440, 0.212270
0.773, 8.750, 0.000, 500, 500, 5.235988, 0.209440, 0.212270
0.774, 8.750, 0.000, 500, 500, 5.235988, 0.209440, 0.212270
0.776, 8.750, 0.000, 500, 500, 5.235988, 0.209440, 0.212270
0.778, 8.750, 0.000, 500, 500, 5.235988, 0.209440, 0.212270
0.779, 8.750, 0.000, 500, 500, 5.235988, 0.209440, 0.212270
0.781, 8.750, 0.000, 500, 500, 5.235988, 0.209440, 0.212270
0.782, 8.750, 0.000, 500, 500, 5.235988, 0.209440, 0.212270
0.784, 8.750, 0.000, 500, 500, 5.235988, 0.209440, 0.212270
0.786, 8.750, 0.000, 500, 500, 5.235988, 0.209440, 0.212270
0.787, 8.750, 0.000, 500, 500, 5.235988, 0.209440, 0.212270
0.789, 8.750, 0.000, 500, 500, 5.235988, 0.209440, 0.212270
0.790, 8.750, 0.000, 500, 500, 5.235988, 0.209440, 0.212270
0.792, 8.750, 0.000, 500, 500, 5.235988, 0.209440, 0.212270
0.794, 8.750, 0.000, 500, 500, 5.235988, 0.209440, 0.212270
0.795, 8.750, 0.000, 500, 500, 5.235988, 0.209440, 0.212270
0.797, 8.750, 0.000, 500, 500, 5.235988, 0.209440, 0.212270
0.798, 8.750, 0.000, 500, 500, 5.235988, 0.209440, 0.212270
0.800, 8.750, 0.000, 500, 500, 5.235988, 0.209440, 0.212270
0.802, 8.750, 0.000, 500, 500, 5.235988, 0.209440, 0.212270
0.803, 8.750, 0.000, 500, 500, 5.235988, 0.209440, 0.212270
0.805, 8.750, 0.000, 500, 500, 5.235988, 0.209440, 0.212270
0.806, 8.750, 0.000, 500, 500, 5.235988, 0.209440, 0.212270
0.808, 8.750, 0.000, 500, 500, 5.235988, 0.209440, 0.212270
0.810, 8.750, 0.000, 500, 500, 5.235988, 0.209440, 0.212270
0.811, 8.750, 0.000, 500, 500, 5.235988, 0.209440, 0.212270
0.813, 8.750, 0.000, 500, 500, 5.235988, 0.209440, 0.212270
0.814, 8.750, 0.000, 500, 500, 5.235988, 0.209440, 0.212270
0.816, 8.750, 0.000, 500, 500, 5.235988, 0.209440, 0.212270
0.818, 8.750, 0.000, 500, 500, 5.235988, 0.209440, 0.212270
0.819, 8.750, 0.000, 500, 500, 5.235988, 0.209440, 0.212270
0.821, 8.750, 0.000, 500, 500, 5.235988, 0.209440, 0.212270
0.822, 8.750, 0.000, 500, 500, 5.235988, 0.209440, 0.212270
0.824, 8.750, 0.000, 500, 500, 5.235988, 0.209440, 0.212270
0.826, 8.750, 0.000, 500, 500, 5.235988, 0.209440, 0.212270
0.827, 8.750, 0.000, 500, 500, 5.235988, 0.209440, 0.212270
0.829, 8.750, 0.000, 500, 500, 5.235988, 0.209440, 0.212270
0.830, 8.750, 0.000, 500, 500, 5.235988, 0.209440, 0.212270
0.832, 8.750, 0.000, 500, 500, 5.235988, 0.209440, 0.212270
0.834, 8.750, 0.000, 500, 500, 5.235988, 0.209440, 0.212270
0.835, 8.750, 0.000, 500, 500, 5.235988, 0.209440, 0.212270
0.837, 8.750, 0.000, 500, 500, 5.235988, 0.209440, 0.212270
0.838, 8.750, 0.000, 500, 500, 5.235988, 0.209440, 0.212270
0.840, 8.750, 0.000, 500, 500, 5.235988, 0.209440, 0.212270
0.842, 8.750, 0.000, 500, 500, 5.235988, 0.209440, 0.212270
0.843, 8.750, 0.000, 500, 500, 5.235988, 0.209440, 0.212270
0.845, 8.750, 0.000, 500, 500, 5.235988, 0.209440, 0.212270
0.846, 8.750, 0.000, 500, 500, 5.235988, 0.209440, 0.212270
0.848, 8.750, 0.000, 500, 500, 5.235988, 0.209440, 0.212270
0.850, 8.750, 0.000, 500, 500, 5.235988, 0.209440, 0.212270
0.851, 8.750, 0.000, 500, 500, 5.235988, 0.209440, 0.212270
0.853, 8.750, 0.000, 500, 500, 5.235988, 0.209440, 0.212270
0.854, 8.750, 0.000, 500, 500, 5.235988, 0.209440, 0.212270
0.856, 8.750, 0.000, 500, 500, 5.235988, 0.209440, 0.212270
0.858, 8.750, 0.000, 500, 500, 5.235988, 0.209440, 0.212270
0.859, 8.750, 0.000, 500, 500, 5.235988, 0.209440, 0.212270
0.861, 8.750, 0.000, 500, 500, 5.235988, 0.209440, 0.212270
0.862, 8.750, 0.000, 500, 500, 5.235988, 0.209440, 0.212270
0.864, 8.750, 0.000, 500, 500, 5.235988, 0.209440, 0.212270
0.866, 8.750, 0.000, 500, 500, 5.235988, 0.209440, 0.212270
0.867, 8.750, 0.000, 500, 500, 5.235988, 0.209440, 0.212270
0.869, 8.750, 0.000, 500, 500, 5.235988, 0.209440, 0.212270
0.870, 8.750, 0.000, 500, 500, 5.235988, 0.209440, 0.212270
0.872, 8.750, 0.000, 500, 500, 5.235988, 0.209440, 0.212270
0.874, 8.750, 0.000, 500, 500, 5.235988, 0.209440, 0.212270
0.875, 8.750, 0.000, 500, 500, 5.235988, 0.209440, 0.212270
0.877, 8.750, 0.000, 500, 500, 5.235988, 0.209440, 0.212270
0.878, 8.750, 0.000, 500, 500, 5.235988, 0.209440, 0.212270
0.880, 8.750, 0.000, 500, 500, 5.235988, 0.209440, 0.212270
0.882, 8.750, 0.000, 500, 500, 5.235988, 0.209440, 0.212270
0.883, 8.750, 0.000, 500, 500, 5.235988, 0.209440, 0.212270
0.885, 8.750, 0.000, 500, 500, 5.235988, 0.209440, 0.212270
0.886, 8.750, 0.000, 500, 500, 5.235988, 0.209440, 0.212270
0.888, 8.750, 0.000, 500, 500, 5.235988, 0.209440, 0.212270
0.890, 8.750, 0.000, 500, 500, 5.235988, 0.209440, 0.212270
0.891, 8.750, 0.000, 500, 500, 5.235988, 0.209440, 0.212270
0.893, 8.750, 0.000, 500, 500, 5.235988, 0.209440, 0.212270
0.894, 8.750, 0.000, 500, 500, 5.235988, 0.209440, 0.212270
0.896, 8.750, 0.000, 500, 500, 5.235988, 0.209440, 0.212270
0.898, 8.750, 0.000, 500, 500, 5.235988, 0.209440, 0.212270
0.899, 8.750, 0.000, 500, 500, 5.235988, 0.209440, 0.212270
0.901, 8.750, 0.000, 500, 500, 5.235988, 0.209440, 0.212270
0.902, 8.750, 0.000, 500, 500, 5.235988, 0.209440, 0.212270
0.904, 8.750, 0.000, 500, 500, 5.235988, 0.209440, 0.212270
0.906, 8.750, 0.000, 500, 500, 5.235988, 0.209440, 0.212270
0.907, 8.750, 0.000, 500, 500, 5.235988, 0.209440, 0.212270
0.909, 8.750, 0.000, 500, 500, 5.235988, 0.209440, 0.212270
0.910, 8.750, 0.000, 500, 500, 5.235988, 0.209440, 0.212270
0.912, 8.750, 0.000, 500, 500, 5.235988, 0.209440, 0.212270
0.914, 8.750, 0.000, 500, 500, 5.235988, 0.209440, 0.212270
0.915, 8.750, 0.000, 500, 500, 5.235988, 0.209440, 0.212270
0.917, 8.750, 0.000, 500, 500, 5.235988, 0.209440, 0.212270
0.918, 8.750, 0.000, 500, 500, 5.235988, 0.209440, 0.212270
0.920, 8.750, 0.000, 500, 500, 5.235988, 0.209440, 0.212270
0.922, 8.750, 0.000, 500, 500, 5.235988, 0.209440, 0.212270
0.923, 8.750, 0.000, 500, 500, 5.235988, 0.209440, 0.212270
0.925, 8.750, 0.000, 500, 500, 5.235988, 0.209440, 0.212270
0.926, 8.750, 0.000, 500, 500, 5.235988, 0.209440, 0.212270
0.928, 8.750, 0.000, 500, 500, 5.235988, 0.209440, 0.212270
0.930, 8.750, 0.000, 500, 500, 5.235988, 0.209440, 0.212270
0.931, 8.750, 0.000, 500, 500, 5.235988, 0.209440, 0.212270
0.933, 8.750, 0.000, 500, 500, 5.235988, 0.209440, 0.212270
0.934, 8.750, 0.000, 500, 500, 5.235988, 0.209440, 0.212270
0.936, 8.750, 0.000, 500, 500, 5.235988, 0.209440, 0.212270
0.938, 8.750, 0.000, 500, 500, 5.235988, 0.209440, 0.212270
0.939, 8.750, 0.000, 500, 500, 5.235988, 0.209440, 0.212270
0.941, 8.750, 0.000, 500, 500, 5.235988, 0.209440, 0.212270
0.942, 8.750, 0.000, 500, 500, 5.235988, 0.209440, 0.212270
0.944, 8.750, 0.000, 500, 500, 5.235988, 0.209440, 0.212270
0.946, 8.750, 0.000, 500, 500, 5.235988, 0.209440, 0.212270
0.947, 8.750, 0.000, 500, 500, 5.235988, 0.209440, 0.212270
0.949, 8.750, 0.000, 500, 500, 5.235988, 0.209440, 0.212270
0.950, 8.750, 0.000, 500, 500, 5.235988, 0.209440, 0.212270
0.952, 8.750, 0.000, 500, 500, 5.235988, 0.209440, 0.212270
0.954, 8.750, 0.000, 500, 500, 5.235988, 0.209440, 0.212270
0.955, 8.750, 0.000, 500, 500, 5.235988, 0.209440, 0.212270
0.957, 8.750, 0.000, 500, 500, 5.235988, 0.209440, 0.212270
0.958, 8.750, 0.000, 500, 500, 5.235988, 0.209440, 0.212270
0.960, 8.750, 0.000, 500, 500, 5.235988, 0.209440, 0.212270
0.962, 8.750, 0.000, 500, 500, 5.235988, 0.209440, 0.212270
0.963, 8.750, 0.000, 500, 500, 5.235988, 0.209440, 0.212270
0.965, 8.750, 0.000, 500, 500, 5.235988, 0.209440, 0.212270
0.966, 8.750, 0.000, 500, 500, 5.235988, 0.209440, 0.212270
0.968, 8.750, 0.000, 500, 500, 5.235988, 0.209440, 0.212270
0.970, 8.750, 0.000, 500, 500, 5.235988, 0.209440, 0.212270
0.971, 8.750, 0.000, 500, 500, 5.235988, 0.209440, 0.212270
0.973, 8.750, 0.000, 500, 500, 5.235988, 0.209440, 0.212270
0.974, 8.750, 0.000, 500, 500, 5.235988, 0.209440, 0.212270
0.976, 8.750, 0.000, 500, 500, 5.235988, 0.209440, 0.212270
0.978, 8.750, 0.000, 500, 500, 5.235988, 0.209440, 0.212270
0.979, 8.750, 0.000, 500, 500, 5.235988, 0.209440, 0.212270
0.981, 8.750, 0.000, 500, 500, 5.235988, 0.209440, 0.212270
0.982, 8.750, 0.000, 500, 500, 5.235988, 0.209440, 0.212270
0.984, 8.750, 0.000, 500, 500, 5.235988, 0.209440, 0.212270
0.986, 8.750, 0.000, 500, 500, 5.235988, 0.209440, 0.212270
0.987, 8.750, 0.000, 500, 500, 5.235988, 0.209440, 0.212270
0.989, 8.750, 0.000, 500, 500, 5.235988, 0.209440, 0.212270
0.990, 8.750, 0.000, 500, 500, 5.235988, 0.209440, 0.212270
0.992, 8.750, 0.000, 500, 500, 5.235988, 0.209440, 0.212270
0.994, 8.750, 0.000, 500, 500, 5.235988, 0.209440, 0.212270
0.995, 8.750, 0.000, 500, 500, 5.235988, 0.209440, 0.212270
0.997, 8.750, 0.000, 500, 500, 5.235988, 0.209440, 0.212270
0.998, 8.750, 0.000, 500, 500, 5.235988, 0.209440, 0.212270
1.000, 8.750, 0.000, 500, 500, 5.235988, 0.209440, 0.212270
1.002, 8.750, 0.000, 500, 500, 5.235988, 0.209440, 0.212270
1.003, 8.750, 0.000, 500, 500, 5.235988, 0.209440, 0.212270
1.005, 8.750, 0.000, 500, 500, 5.235988, 0.209440, 0.212270
1.006, 8.750, 0.000, 500, 500, 5.235988, 0.209440, 0.212270
1.008, 8.750, 0.000, 500, 500, 5.235988, 0.209440, 0.212270
1.010, 8.750, 0.000, 500, 500, 5.235988, 0.209440, 0.212270
1.011, 8.750, 0.000, 500, 500, 5.235988, 0.209440, 0.212270
1.013, 8.750, 0.000, 500, 500, 5.235988, 0.209440, 0.212270
1.014, 8.750, 0.000, 500, 500, 5.235988, 0.209440, 0.212270
1.016, 8.750, 0.000, 500, 500, 5.235988, 0.209440, 0.212270
1.018, 8.750, 0.000, 500, 500, 5.235988, 0.209440, 0.212270
1.019, 8.750, 0.000, 500, 500, 5.235988, 0.209440, 0.212270
1.021, 8.750, 0.000, 500, 500, 5.235988, 0.209440, 0.212270
1.022, 8.750, 0.000, 500, 500, 5.235988, 0.209440, 0.212270
1.024, 8.750, 0.000, 500, 500, 5.235988, 0.209440, 0.212270
1.026, 8.750, 0.000, 500, 500, 5.235988, 0.209440, 0.212270
1.027, 8.750, 0.000, 500, 500, 5.235988, 0.209440, 0.212270
1.029, 8.750, 0.000, 500, 500, 5.235988, 0.209440, 0.212270
1.030, 8.750, 0.000, 500, 500, 5.235988, 0.209440, 0.212270
1.032, 8.750, 0.000, 500, 500, 5.235988, 0.209440, 0.212270
1.034, 8.750, 0.000, 500, 500, 5.235988, 0.209440, 0.212270
1.035, 8.750, 0.000, 500, 500, 5.235988, 0.209440, 0.212270
1.037, 8.750, 0.000, 500, 500, 5.235988, 0.209440, 0.212270
1.038, 8.750, 0.000, 500, 500, 5.235988, 0.209440, 0.212270
1.040, 8.750, 0.000, 500, 500, 5.235988, 0.209440, 0.212270
1.042, 8.750, 0.000, 500, 500, 5.235988, 0.209440, 0.212270
1.043, 8.750, 0.000, 500, 500, 5.235988, 0.209440, 0.212270
1.045, 8.750, 0.000, 500, 500, 5.235988, 0.209440, 0.212270
1.046, 8.750, 0.000, 500, 500, 5.235988, 0.209440, 0.212270
1.048, 8.750, 0.000, 500, 500, 5.235988, 0.209440, 0.212270
1.050, 8.750, 0.000, 500, 500, 5.235988, 0.209440, 0.212270
1.051, 8.750, 0.000, 500, 500, 5.235988, 0.209440, 0.212270
1.053, 8.750, 0.000, 500, 500, 5.235988, 0.209440, 0.212270
1.054, 8.750, 0.000, 500, 500, 5.235988, 0.209440, 0.212270
1.056, 8.750, 0.000, 500, 500, 5.235988, 0.209440, 0.212270
1.058, 8.750, 0.000, 500, 500, 5.235988, 0.209440, 0.212270
1.059, 8.750, 0.000, 500, 500, 5.235988, 0.209440, 0.212270
1.061, 8.750, 0.000, 500, 500, 5.235988, 0.209440, 0.212270
1.062, 8.750, 0.000, 500, 500, 5.235988, 0.209440, 0.212270
1.064, 8.750, 0.000, 500, 500, 5.235988, 0.209440, 0.212270
1.066, 8.750, 0.000, 500, 500, 5.235988, 0.209440, 0.212270
1.067, 8.750, 0.000, 500, 500, 5.235988, 0.209440, 0.212270
1.069, 8.750, 0.000, 500, 500, 5.235988, 0.209440, 0.212270
1.070, 8.750, 0.000, 500, 500, 5.235988, 0.209440, 0.212270
1.072, 8.750, 0.000, 500, 500, 5.235988, 0.209440, 0.212270
1.074, 8.750, 0.000, 500, 500, 5.235988, 0.209440, 0.212270
1.075, 8.750, 0.000, 500, 500, 5.235988, 0.209440, 0.212270
1.077, 8.750, 0.000, 500, 500, 5.235988, 0.209440, 0.212270
1.078, 8.750, 0.000, 500, 500, 5.235988, 0.209440, 0.212270
1.080, 8.750, 0.000, 500, 500, 5.235988, 0.209440, 0.212270
1.082, 8.750, 0.000, 500, 500, 5.235988, 0.209440, 0.212270
1.083, 8.750, 0.000, 500, 500, 5.235988, 0.209440, 0.212270
1.085, 8.750, 0.000, 500, 500, 5.235988, 0.209440, 0.212270
1.086, 8.750, 0.000, 500, 500, 5.235988, 0.209440, 0.212270
1.088, 8.750, 0.000, 500, 500, 5.235988, 0.209440, 0.212270
1.090, 8.750, 0.000, 500, 500, 5.235988, 0.209440, 0.212270
1.091, 8.750, 0.000, 500, 500, 5.235988, 0.209440, 0.212270
1.093, 8.750, 0.000, 500, 500, 5.235988, 0.209440, 0.212270
1.094, 8.750, 0.000, 500, 500, 5.235988, 0.209440, 0.212270
1.096, 8.750, 0.000, 500, 500, 5.235988, 0.209440, 0.212270
1.098, 8.750, 0.000, 500, 500, 5.235988, 0.209440, 0.212270
1.099, 8.750, 0.000, 500, 500, 5.235988, 0.209440, 0.212270
1.101, 8.750, 0.000, 500, 500, 5.235988, 0.209440, 0.212270
1.102, 8.750, 0.000, 500, 500, 5.235988, 0.209440, 0.212270
1.104, 8.750, 0.000, 500, 500, 5.235988, 0.209440, 0.212270
1.106, 8.750, 0.000, 500, 500, 5.235988, 0.209440, 0.212270
1.107, 8.750, 0.000, 500, 500, 5.235988, 0.209440, 0.212270
1.109, 8.750, 0.000, 500, 500, 5.235988, 0.209440, 0.212270
1.110, 8.750, 0.000, 500, 500, 5.235988, 0.209440, 0.212270
1.112, 8.750, 0.000, 500, 500, 5.235988, 0.209440, 0.212270
1.114, 8.750, 0.000, 500, 500, 5.235988, 0.209440, 0.212270
1.115, 8.750, 0.000, 500, 500, 5.235988, 0.209440, 0.212270
1.117, 8.750, 0.000, 500, 500, 5.235988, 0.209440, 0.212270
1.118, 8.750, 0.000, 500, 500, 5.235988, 0.209440, 0.212270
1.120, 8.750, 0.000, 500, 500, 5.235988, 0.209440, 0.212270
1.122, 8.750, 0.000, 500, 500, 5.235988, 0.209440, 0.212270
1.123, 8.750, 0.000, 500, 500, 5.235988, 0.209440, 0.212270
1.125, 8.750, 0.000, 500, 500, 5.235988, 0.209440, 0.212270
1.126, 8.750, 0.000, 500, 500, 5.235988, 0.209440, 0.212270
1.128, 8.750, 0.000, 500, 500, 5.235988, 0.209440, 0.212270
1.130, 8.750, 0.000, 500, 500, 5.235988, 0.209440, 0.212270
1.131, 8.750, 0.000, 500, 500, 5.235988, 0.209440, 0.212270
1.133, 8.750, 0.000, 500, 500, 5.235988, 0.209440, 0.212270
1.134, 8.750, 0.000, 500, 500, 5.235988, 0.209440, 0.212270
1.136, 8.750, 0.000, 500, 500, 5.235988, 0.209440, 0.212270
1.138, 8.750, 0.000, 500, 500, 5.235988, 0.209440, 0.212270
1.139, 8.750, 0.000, 500, 500, 5.235988, 0.209440, 0.212270
1.141, 8.750, 0.000, 500, 500, 5.235988, 0.209440, 0.212270
1.142, 8.750, 0.000, 500, 500, 5.235988, 0.209440, 0.212270
1.144, 8.750, 0.000, 500, 500, 5.235988, 0.209440, 0.212270
1.146, 8.750, 0.000, 500, 500, 5.235988, 0.209440, 0.212270
1.147, 8.750, 0.000, 500, 500, 5.235988, 0.209440, 0.212270
1.149, 8.750, 0.000, 500, 500, 5.235988, 0.209440, 0.212270
1.150, 8.750, 0.000, 500, 500, 5.235988, 0.209440, 0.212270
1.152, 8.750, 0.000, 500, 500, 5.235988, 0.209440, 0.212270
1.154, 8.750, 0.000, 500, 500, 5.235988, 0.209440, 0.212270
1.155, 8.750, 0.000, 500, 500, 5.235988, 0.209440, 0.212270
1.157, 8.750, 0.000, 500, 500, 5.235988, 0.209440, 0.212270
1.158, 8.750, 0.000, 500, 500, 5.235988, 0.209440, 0.212270
1.160, 8.750, 0.000, 500, 500, 5.235988, 0.209440, 0.212270
1.162, 8.750, 0.000, 500, 500, 5.235988, 0.209440, 0.212270
1.163, 8.750, 0.000, 500, 500, 5.235988, 0.209440, 0.212270
1.165, 8.750, 0.000, 500, 500, 5.235988, 0.209440, 0.212270
1.166, 8.750, 0.000, 500, 500, 5.235988, 0.209440, 0.212270
1.168, 8.750, 0.000, 500, 500, 5.235988, 0.209440, 0.212270
1.170, 8.750, 0.000, 500, 500, 5.235988, 0.209440, 0.212270
1.171, 8.750, 0.000, 500, 500, 5.235988, 0.209440, 0.212270
1.173, 8.750, 0.000, 500, 500, 5.235988, 0.209440, 0.212270
1.174, 8.750, 0.000, 500, 500, 5.235988, 0.209440, 0.212270
1.176, 8.750, 0.000, 500, 500, 5.235988, 0.209440, 0.212270
1.178, 8.750, 0.000, 500, 500, 5.235988, 0.209440, 0.212270
1.179, 8.750, 0.000, 500, 500, 5.235988, 0.209440, 0.212270
1.181, 8.750, 0.000, 500, 500, 5.235988, 0.209440, 0.212270
1.182, 8.750, 0.000, 500, 500, 5.235988, 0.209440, 0.212270
1.184, 8.750, 0.000, 500, 500, 5.235988, 0.209440, 0.212270
1.186, 8.750, 0.000, 500, 500, 5.235988, 0.209440, 0.212270
1.187, 8.750, 0.000, 500, 500, 5.235988, 0.209440, 0.212270
1.189, 8.750, 0.000, 500, 500, 5.235988, 0.209440, 0.212270
1.190, 8.750, 0.000, 500, 500, 5.235988, 0.209440, 0.212270
1.192, 8.750, 0.000, 500, 500, 5.235988, 0.209440, 0.212270
1.194, 8.750, 0.000, 500, 500, 5.235988, 0.209440, 0.212270
1.195, 8.750, 0.000, 500, 500, 5.235988, 0.209440, 0.212270
1.197, 8.750, 0.000, 500, 500, 5.235988, 0.2094