timestamp,mode,sim_mode,steps_after_release,wall_hold_steps,dt_sigma,L0,height,particles_total,radius_sigma,eta_input,eta_nominal,eta_particles_region,num_walls,wall_positions_cli,wall_mass_factors_cli,particles_boxes_cli,wall_thickness_sigma,wall_thickness_vis_sigma,kbt1,kBT,kB_effective,temperature_runtime,spring_k,spring_eq_sigma,spring_eq_sigma_effective,piston_auto,piston_protocol,piston_target_sigma,piston_speed_px,piston_right_protocol_mode,piston_right_travel_sigma,piston_right_v_step_constant,piston_right_v0,piston_right_v_gradient,piston_right_vmax,piston_right_duration,piston_right_sigmoid_steepness,W_in_max,W_out_max,ratio,loss_fraction,total_loss,springE_stop,springE_peak_win,W_out_peak_win,ratio_win,eff_window_T,piston_stop_t_rel,trace_path,spring_peak_t_rel,spring_peak_dt,spring_peak_near_end,command,seed
2026-09-18 12:50:35,energy_transfer,edmd,13500,12000,0.0166666669,39.25,10,100,0.5,nan,0.100050721,0.100050721,1,39.25,1e+09,50;50,1,0.0416666667,1,1,0.00999999978,100,1000,nan,39.25,1,step,74.5700022,-0.200000003,step,3.93000007,0.200000003,nan,nan,0.200000003,nan,nan,5.05356471,5.10581367e-06,1.01033903e-06,0.99999899,5.0535596,6.9036683e-09,1.79133451e-07,1.72229783e-07,3.40808504e-08,20,20.9166565,/Users/chrisharing/Desktop/CCS_complex_coupled_systems/Repo/HardDisks/hspist3/experiments_energy_transfer/level2_ramp_20260918/step_u0.20/tr_9200.csv,28.25,7.33334351,0,"./00ALLINONE_ramp --mode=edmd --experiment=energy_transfer --headless --quiet --edmd-acc=0 --seed-drift-order=drift-first --energy-transfer-summary=experiments_energy_transfer/level2_ramp_20260918/step_u0.20/summary.csv --energy-transfer-trace=experiments_energy_transfer/level2_ramp_20260918/step_u0.20/tr_9200.csv --particles=100 --particles-boxes=50,50 --particle-radius=0.5 --l0=39.25 --height=10 --num-walls=1 --wall-positions=39.25 --wall-mass-factors=1000000000 --piston-right-protocol-mode=step --velocity-right-piston-step=0.20 --max-right-piston-travel=3.93 --auto-piston-step --wall-hold-steps=12000 --steps=13500 --fixed-dt=0.4 --energy-measurement --eff-output=wall-ke --kbt1 --seed=9200",9200
2026-09-18 12:50:35,energy_transfer,edmd,13500,12000,0.0166666669,39.25,10,100,0.5,nan,0.100050721,0.100050721,1,39.25,1e+09,50;50,1,0.0416666667,1,1,0.00999999978,100,1000,nan,39.25,1,step,74.5700022,-0.200000003,step,3.93000007,0.200000003,nan,nan,0.200000003,nan,nan,7.43560641,5.26871327e-06,7.08578827e-07,0.999999291,7.43560114,2.15105178e-08,2.16427011e-07,1.94916494e-07,2.62139337e-08,20,20.9166565,/Users/chrisharing/Desktop/CCS_complex_coupled_systems/Repo/HardDisks/hspist3/experiments_energy_transfer/level2_ramp_20260918/step_u0.20/tr_9201.csv,28,7.08334351,0,"./00ALLINONE_ramp --mode=edmd --experiment=energy_transfer --headless --quiet --edmd-acc=0 --seed-drift-order=drift-first --energy-transfer-summary=experiments_energy_transfer/level2_ramp_20260918/step_u0.20/summary.csv --energy-transfer-trace=experiments_energy_transfer/level2_ramp_20260918/step_u0.20/tr_9201.csv --particles=100 --particles-boxes=50,50 --particle-radius=0.5 --l0=39.25 --height=10 --num-walls=1 --wall-positions=39.25 --wall-mass-factors=1000000000 --piston-right-protocol-mode=step --velocity-right-piston-step=0.20 --max-right-piston-travel=3.93 --auto-piston-step --wall-hold-steps=12000 --steps=13500 --fixed-dt=0.4 --energy-measurement --eff-output=wall-ke --kbt1 --seed=9201",9201
2026-09-18 12:50:35,energy_transfer,edmd,13500,12000,0.0166666669,39.25,10,100,0.5,nan,0.100050721,0.100050721,1,39.25,1e+09,50;50,1,0.0416666667,1,1,0.00999999978,100,1000,nan,39.25,1,step,74.5700022,-0.200000003,step,3.93000007,0.200000003,nan,nan,0.200000003,nan,nan,6.59559868,6.16396028e-06,9.34556601e-07,0.999999065,6.59559251,1.61552656e-08,2.54656214e-07,2.38500949e-07,3.61606217e-08,20,20.9166565,/Users/chrisharing/Desktop/CCS_complex_coupled_systems/Repo/HardDisks/hspist3/experiments_energy_transfer/level2_ramp_20260918/step_u0.20/tr_9203.csv,32.5999908,11.6833344,0,"./00ALLINONE_ramp --mode=edmd --experiment=energy_transfer --headless --quiet --edmd-acc=0 --seed-drift-order=drift-first --energy-transfer-summary=experiments_energy_transfer/level2_ramp_20260918/step_u0.20/summary.csv --energy-transfer-trace=experiments_energy_transfer/level2_ramp_20260918/step_u0.20/tr_9203.csv --particles=100 --particles-boxes=50,50 --particle-radius=0.5 --l0=39.25 --height=10 --num-walls=1 --wall-positions=39.25 --wall-mass-factors=1000000000 --piston-right-protocol-mode=step --velocity-right-piston-step=0.20 --max-right-piston-travel=3.93 --auto-piston-step --wall-hold-steps=12000 --steps=13500 --fixed-dt=0.4 --energy-measurement --eff-output=wall-ke --kbt1 --seed=9203",9203
2026-09-18 12:50:35,energy_transfer,edmd,13500,12000,0.0166666669,39.25,10,100,0.5,nan,0.100050721,0.100050721,1,39.25,1e+09,50;50,1,0.0416666667,1,1,0.00999999978,100,1000,nan,39.25,1,step,74.5700022,-0.200000003,step,3.93000007,0.200000003,nan,nan,0.200000003,nan,nan,7.1009672,6.63851552e-06,9.34874832e-07,0.999999065,7.10096056,6.87690616e-08,6.98700831e-07,6.29931769e-07,8.87106997e-08,20,20.9166565,/Users/chrisharing/Desktop/CCS_complex_coupled_systems/Repo/HardDisks/hspist3/experiments_energy_transfer/level2_ramp_20260918/step_u0.20/tr_9202.csv,39.8666534,18.9499969,1,"./00ALLINONE_ramp --mode=edmd --experiment=energy_transfer --headless --quiet --edmd-acc=0 --seed-drift-order=drift-first --energy-transfer-summary=experiments_energy_transfer/level2_ramp_20260918/step_u0.20/summary.csv --energy-transfer-trace=experiments_energy_transfer/level2_ramp_20260918/step_u0.20/tr_9202.csv --particles=100 --particles-boxes=50,50 --particle-radius=0.5 --l0=39.25 --height=10 --num-walls=1 --wall-positions=39.25 --wall-mass-factors=1000000000 --piston-right-protocol-mode=step --velocity-right-piston-step=0.20 --max-right-piston-travel=3.93 --auto-piston-step --wall-hold-steps=12000 --steps=13500 --fixed-dt=0.4 --energy-measurement --eff-output=wall-ke --kbt1 --seed=9202",9202
2026-09-18 12:50:35,energy_transfer,edmd,13500,12000,0.0166666669,39.25,10,100,0.5,nan,0.100050721,0.100050721,1,39.25,1e+09,50;50,1,0.0416666667,1,1,0.00999999978,100,1000,nan,39.25,1,step,74.5700022,-0.200000003,step,3.93000007,0.200000003,nan,nan,0.200000003,nan,nan,8.14200093,8.04992305e-06,9.88691001e-07,0.999999011,8.14199288,2.70781531e-08,1.88503563e-07,1.6142541e-07,1.98262579e-08,20,20.9166565,/Users/chrisharing/Desktop/CCS_complex_coupled_systems/Repo/HardDisks/hspist3/experiments_energy_transfer/level2_ramp_20260918/step_u0.20/tr_9208.csv,40.8166656,19.9000092,1,"./00ALLINONE_ramp --mode=edmd --experiment=energy_transfer --headless --quiet --edmd-acc=0 --seed-drift-order=drift-first --energy-transfer-summary=experiments_energy_transfer/level2_ramp_20260918/step_u0.20/summary.csv --energy-transfer-trace=experiments_energy_transfer/level2_ramp_20260918/step_u0.20/tr_9208.csv --particles=100 --particles-boxes=50,50 --particle-radius=0.5 --l0=39.25 --height=10 --num-walls=1 --wall-positions=39.25 --wall-mass-factors=1000000000 --piston-right-protocol-mode=step --velocity-right-piston-step=0.20 --max-right-piston-travel=3.93 --auto-piston-step --wall-hold-steps=12000 --steps=13500 --fixed-dt=0.4 --energy-measurement --eff-output=wall-ke --kbt1 --seed=9208",9208
2026-09-18 12:50:35,energy_transfer,edmd,13500,12000,0.0166666669,39.25,10,100,0.5,nan,0.100050721,0.100050721,1,39.25,1e+09,50;50,1,0.0416666667,1,1,0.00999999978,100,1000,nan,39.25,1,step,74.5700022,-0.200000003,step,3.93000007,0.200000003,nan,nan,0.200000003,nan,nan,7.66904588,7.84690837e-06,1.02319226e-06,0.999998977,7.66903803,5.3533288e-08,2.51037733e-07,1.97504445e-07,2.57534572e-08,20,20.9166565,/Users/chrisharing/Desktop/CCS_complex_coupled_systems/Repo/HardDisks/hspist3/experiments_energy_transfer/level2_ramp_20260918/step_u0.20/tr_9204.csv,40.8333282,19.9166718,1,"./00ALLINONE_ramp --mode=edmd --experiment=energy_transfer --headless --quiet --edmd-acc=0 --seed-drift-order=drift-first --energy-transfer-summary=experiments_energy_transfer/level2_ramp_20260918/step_u0.20/summary.csv --energy-transfer-trace=experiments_energy_transfer/level2_ramp_20260918/step_u0.20/tr_9204.csv --particles=100 --particles-boxes=50,50 --particle-radius=0.5 --l0=39.25 --height=10 --num-walls=1 --wall-positions=39.25 --wall-mass-factors=1000000000 --piston-right-protocol-mode=step --velocity-right-piston-step=0.20 --max-right-piston-travel=3.93 --auto-piston-step --wall-hold-steps=12000 --steps=13500 --fixed-dt=0.4 --energy-measurement --eff-output=wall-ke --kbt1 --seed=9204",9204
2026-09-18 12:50:35,energy_transfer,edmd,13500,12000,0.0166666669,39.25,10,100,0.5,nan,0.100050721,0.100050721,1,39.25,1e+09,50;50,1,0.0416666667,1,1,0.00999999978,100,1000,nan,39.25,1,step,74.5700022,-0.200000003,step,3.93000007,0.200000003,nan,nan,0.200000003,nan,nan,10.4981173,9.04904664e-06,8.61968521e-07,0.999999138,10.4981082,9.12517506e-10,1.51076065e-07,1.50163548e-07,1.4303855e-08,20,20.9166565,/Users/chrisharing/Desktop/CCS_complex_coupled_systems/Repo/HardDisks/hspist3/experiments_energy_transfer/level2_ramp_20260918/step_u0.20/tr_9205.csv,39.1666565,18.25,1,"./00ALLINONE_ramp --mode=edmd --experiment=energy_transfer --headless --quiet --edmd-acc=0 --seed-drift-order=drift-first --energy-transfer-summary=experiments_energy_transfer/level2_ramp_20260918/step_u0.20/summary.csv --energy-transfer-trace=experiments_energy_transfer/level2_ramp_20260918/step_u0.20/tr_9205.csv --particles=100 --particles-boxes=50,50 --particle-radius=0.5 --l0=39.25 --height=10 --num-walls=1 --wall-positions=39.25 --wall-mass-factors=1000000000 --piston-right-protocol-mode=step --velocity-right-piston-step=0.20 --max-right-piston-travel=3.93 --auto-piston-step --wall-hold-steps=12000 --steps=13500 --fixed-dt=0.4 --energy-measurement --eff-output=wall-ke --kbt1 --seed=9205",9205
2026-09-18 12:50:35,energy_transfer,edmd,13500,12000,0.0166666669,39.25,10,100,0.5,nan,0.100050721,0.100050721,1,39.25,1e+09,50;50,1,0.0416666667,1,1,0.00999999978,100,1000,nan,39.25,1,step,74.5700022,-0.200000003,step,3.93000007,0.200000003,nan,nan,0.200000003,nan,nan,7.87067415,9.10862036e-06,1.15728592e-06,0.999998843,7.87066504,2.39154986e-07,6.12153087e-07,3.72998102e-07,4.73908708e-08,20,20.9166565,/Users/chrisharing/Desktop/CCS_complex_coupled_systems/Repo/HardDisks/hspist3/experiments_energy_transfer/level2_ramp_20260918/step_u0.20/tr_9207.csv,31.8666534,10.9499969,0,"./00ALLINONE_ramp --mode=edmd --experiment=energy_transfer --headless --quiet --edmd-acc=0 --seed-drift-order=drift-first --energy-transfer-summary=experiments_energy_transfer/level2_ramp_20260918/step_u0.20/summary.csv --energy-transfer-trace=experiments_energy_transfer/level2_ramp_20260918/step_u0.20/tr_9207.csv --particles=100 --particles-boxes=50,50 --particle-radius=0.5 --l0=39.25 --height=10 --num-walls=1 --wall-positions=39.25 --wall-mass-factors=1000000000 --piston-right-protocol-mode=step --velocity-right-piston-step=0.20 --max-right-piston-travel=3.93 --auto-piston-step --wall-hold-steps=12000 --steps=13500 --fixed-dt=0.4 --energy-measurement --eff-output=wall-ke --kbt1 --seed=9207",9207
2026-09-18 12:50:35,energy_transfer,edmd,13500,12000,0.0166666669,39.25,10,100,0.5,nan,0.100050721,0.100050721,1,39.25,1e+09,50;50,1,0.0416666667,1,1,0.00999999978,100,1000,nan,39.25,1,step,74.5700022,-0.200000003,step,3.93000007,0.200000003,nan,nan,0.200000003,nan,nan,8.93031996,5.90691116e-06,6.61444515e-07,0.999999339,8.93031405,1.03296571e-07,1.03296571e-07,0,0,20,20.9166565,/Users/chrisharing/Desktop/CCS_complex_coupled_systems/Repo/HardDisks/hspist3/experiments_energy_transfer/level2_ramp_20260918/step_u0.20/tr_9206.csv,20.9166565,0,0,"./00ALLINONE_ramp --mode=edmd --experiment=energy_transfer --headless --quiet --edmd-acc=0 --seed-drift-order=drift-first --energy-transfer-summary=experiments_energy_transfer/level2_ramp_20260918/step_u0.20/summary.csv --energy-transfer-trace=experiments_energy_transfer/level2_ramp_20260918/step_u0.20/tr_9206.csv --particles=100 --particles-boxes=50,50 --particle-radius=0.5 --l0=39.25 --height=10 --num-walls=1 --wall-positions=39.25 --wall-mass-factors=1000000000 --piston-right-protocol-mode=step --velocity-right-piston-step=0.20 --max-right-piston-travel=3.93 --auto-piston-step --wall-hold-steps=12000 --steps=13500 --fixed-dt=0.4 --energy-measurement --eff-output=wall-ke --kbt1 --seed=9206",9206
2026-09-18 12:50:35,energy_transfer,edmd,13500,12000,0.0166666669,39.25,10,100,0.5,nan,0.100050721,0.100050721,1,39.25,1e+09,50;50,1,0.0416666667,1,1,0.00999999978,100,1000,nan,39.25,1,step,74.5700022,-0.200000003,step,3.93000007,0.200000003,nan,nan,0.200000003,nan,nan,10.6380308,1.24843091e-05,1.17355452e-06,0.999998826,10.6380183,7.9656779e-09,6.19624132e-07,6.11658454e-07,5.74973383e-08,20,20.9166565,/Users/chrisharing/Desktop/CCS_complex_coupled_systems/Repo/HardDisks/hspist3/experiments_energy_transfer/level2_ramp_20260918/step_u0.20/tr_9209.csv,29.9333191,9.0166626,0,"./00ALLINONE_ramp --mode=edmd --experiment=energy_transfer --headless --quiet --edmd-acc=0 --seed-drift-order=drift-first --energy-transfer-summary=experiments_energy_transfer/level2_ramp_20260918/step_u0.20/summary.csv --energy-transfer-trace=experiments_energy_transfer/level2_ramp_20260918/step_u0.20/tr_9209.csv --particles=100 --particles-boxes=50,50 --particle-radius=0.5 --l0=39.25 --height=10 --num-walls=1 --wall-positions=39.25 --wall-mass-factors=1000000000 --piston-right-protocol-mode=step --velocity-right-piston-step=0.20 --max-right-piston-travel=3.93 --auto-piston-step --wall-hold-steps=12000 --steps=13500 --fixed-dt=0.4 --energy-measurement --eff-output=wall-ke --kbt1 --seed=9209",9209
2026-09-18 12:50:35,energy_transfer,edmd,13500,12000,0.0166666669,39.25,10,100,0.5,nan,0.100050721,0.100050721,1,39.25,1e+09,50;50,1,0.0416666667,1,1,0.00999999978,100,1000,nan,39.25,1,step,74.5700022,-0.200000003,step,3.93000007,0.200000003,nan,nan,0.200000003,nan,nan,11.1136643,8.89866442e-06,8.00695812e-07,0.999999199,11.1136554,2.44686271e-09,3.42180897e-07,3.39734034e-07,3.05690389e-08,20,20.9166565,/Users/chrisharing/Desktop/CCS_complex_coupled_systems/Repo/HardDisks/hspist3/experiments_energy_transfer/level2_ramp_20260918/step_u0.20/tr_9210.csv,40.3166656,19.4000092,1,"./00ALLINONE_ramp --mode=edmd --experiment=energy_transfer --headless --quiet --edmd-acc=0 --seed-drift-order=drift-first --energy-transfer-summary=experiments_energy_transfer/level2_ramp_20260918/step_u0.20/summary.csv --energy-transfer-trace=experiments_energy_transfer/level2_ramp_20260918/step_u0.20/tr_9210.csv --particles=100 --particles-boxes=50,50 --particle-radius=0.5 --l0=39.25 --height=10 --num-walls=1 --wall-positions=39.25 --wall-mass-factors=1000000000 --piston-right-protocol-mode=step --velocity-right-piston-step=0.20 --max-right-piston-travel=3.93 --auto-piston-step --wall-hold-steps=12000 --steps=13500 --fixed-dt=0.4 --energy-measurement --eff-output=wall-ke --kbt1 --seed=9210",9210
2026-09-18 12:50:35,energy_transfer,edmd,13500,12000,0.0166666669,39.25,10,100,0.5,nan,0.100050721,0.100050721,1,39.25,1e+09,50;50,1,0.0416666667,1,1,0.00999999978,100,1000,nan,39.25,1,step,74.5700022,-0.200000003,step,3.93000007,0.200000003,nan,nan,0.200000003,nan,nan,7.54830204,6.02751334e-06,7.98525722e-07,0.999999201,7.54829602,1.76093721e-07,3.4337009e-07,1.67276369e-07,2.21607943e-08,20,20.9166565,/Users/chrisharing/Desktop/CCS_complex_coupled_systems/Repo/HardDisks/hspist3/experiments_energy_transfer/level2_ramp_20260918/step_u0.20/tr_9214.csv,40.4833221,19.5666656,1,"./00ALLINONE_ramp --mode=edmd --experiment=energy_transfer --headless --quiet --edmd-acc=0 --seed-drift-order=drift-first --energy-transfer-summary=experiments_energy_transfer/level2_ramp_20260918/step_u0.20/summary.csv --energy-transfer-trace=experiments_energy_transfer/level2_ramp_20260918/step_u0.20/tr_9214.csv --particles=100 --particles-boxes=50,50 --particle-radius=0.5 --l0=39.25 --height=10 --num-walls=1 --wall-positions=39.25 --wall-mass-factors=1000000000 --piston-right-protocol-mode=step --velocity-right-piston-step=0.20 --max-right-piston-travel=3.93 --auto-piston-step --wall-hold-steps=12000 --steps=13500 --fixed-dt=0.4 --energy-measurement --eff-output=wall-ke --kbt1 --seed=9214",9214
2026-09-18 12:50:35,energy_transfer,edmd,13500,12000,0.0166666669,39.25,10,100,0.5,nan,0.100050721,0.100050721,1,39.25,1e+09,50;50,1,0.0416666667,1,1,0.00999999978,100,1000,nan,39.25,1,step,74.5700022,-0.200000003,step,3.93000007,0.200000003,nan,nan,0.200000003,nan,nan,5.35924827,4.58252816e-06,8.55069207e-07,0.999999145,5.35924368,3.37324266e-08,1.12452199e-07,7.8719772e-08,1.46885847e-08,20,20.9166565,/Users/chrisharing/Desktop/CCS_complex_coupled_systems/Repo/HardDisks/hspist3/experiments_energy_transfer/level2_ramp_20260918/step_u0.20/tr_9212.csv,35.2666626,14.3500061,0,"./00ALLINONE_ramp --mode=edmd --experiment=energy_transfer --headless --quiet --edmd-acc=0 --seed-drift-order=drift-first --energy-transfer-summary=experiments_energy_transfer/level2_ramp_20260918/step_u0.20/summary.csv --energy-transfer-trace=experiments_energy_transfer/level2_ramp_20260918/step_u0.20/tr_9212.csv --particles=100 --particles-boxes=50,50 --particle-radius=0.5 --l0=39.25 --height=10 --num-walls=1 --wall-positions=39.25 --wall-mass-factors=1000000000 --piston-right-protocol-mode=step --velocity-right-piston-step=0.20 --max-right-piston-travel=3.93 --auto-piston-step --wall-hold-steps=12000 --steps=13500 --fixed-dt=0.4 --energy-measurement --eff-output=wall-ke --kbt1 --seed=9212",9212
2026-09-18 12:50:35,energy_transfer,edmd,13500,12000,0.0166666669,39.25,10,100,0.5,nan,0.100050721,0.100050721,1,39.25,1e+09,50;50,1,0.0416666667,1,1,0.00999999978,100,1000,nan,39.25,1,step,74.5700022,-0.200000003,step,3.93000007,0.200000003,nan,nan,0.200000003,nan,nan,6.66205549,4.93087828e-06,7.40143681e-07,0.99999926,6.66205056,6.13403994e-09,1.99926532e-07,1.93792492e-07,2.9088994e-08,20,20.9166565,/Users/chrisharing/Desktop/CCS_complex_coupled_systems/Repo/HardDisks/hspist3/experiments_energy_transfer/level2_ramp_20260918/step_u0.20/tr_9213.csv,37.9499969,17.0333405,0,"./00ALLINONE_ramp --mode=edmd --experiment=energy_transfer --headless --quiet --edmd-acc=0 --seed-drift-order=drift-first --energy-transfer-summary=experiments_energy_transfer/level2_ramp_20260918/step_u0.20/summary.csv --energy-transfer-trace=experiments_energy_transfer/level2_ramp_20260918/step_u0.20/tr_9213.csv --particles=100 --particles-boxes=50,50 --particle-radius=0.5 --l0=39.25 --height=10 --num-walls=1 --wall-positions=39.25 --wall-mass-factors=1000000000 --piston-right-protocol-mode=step --velocity-right-piston-step=0.20 --max-right-piston-travel=3.93 --auto-piston-step --wall-hold-steps=12000 --steps=13500 --fixed-dt=0.4 --energy-measurement --eff-output=wall-ke --kbt1 --seed=9213",9213
2026-09-18 12:50:35,energy_transfer,edmd,13500,12000,0.0166666669,39.25,10,100,0.5,nan,0.100050721,0.100050721,1,39.25,1e+09,50;50,1,0.0416666667,1,1,0.00999999978,100,1000,nan,39.25,1,step,74.5700022,-0.200000003,step,3.93000007,0.200000003,nan,nan,0.200000003,nan,nan,7.73844977,7.67257916e-06,9.9148788e-07,0.999999009,7.7384421,2.37858959e-08,2.83982274e-07,2.60196378e-07,3.36238376e-08,20,20.9166565,/Users/chrisharing/Desktop/CCS_complex_coupled_systems/Repo/HardDisks/hspist3/experiments_energy_transfer/level2_ramp_20260918/step_u0.20/tr_9211.csv,32.3166656,11.4000092,0,"./00ALLINONE_ramp --mode=edmd --experiment=energy_transfer --headless --quiet --edmd-acc=0 --seed-drift-order=drift-first --energy-transfer-summary=experiments_energy_transfer/level2_ramp_20260918/step_u0.20/summary.csv --energy-transfer-trace=experiments_energy_transfer/level2_ramp_20260918/step_u0.20/tr_9211.csv --particles=100 --particles-boxes=50,50 --particle-radius=0.5 --l0=39.25 --height=10 --num-walls=1 --wall-positions=39.25 --wall-mass-factors=1000000000 --piston-right-protocol-mode=step --velocity-right-piston-step=0.20 --max-right-piston-travel=3.93 --auto-piston-step --wall-hold-steps=12000 --steps=13500 --fixed-dt=0.4 --energy-measurement --eff-output=wall-ke --kbt1 --seed=9211",9211
2026-09-18 12:50:36,energy_transfer,edmd,13500,12000,0.0166666669,39.25,10,100,0.5,nan,0.100050721,0.100050721,1,39.25,1e+09,50;50,1,0.0416666667,1,1,0.00999999978,100,1000,nan,39.25,1,step,74.5700022,-0.200000003,step,3.93000007,0.200000003,nan,nan,0.200000003,nan,nan,11.186421,8.17261025e-06,7.30583112e-07,0.999999269,11.1864128,3.48806388e-08,1.67362785e-07,1.32482146e-07,1.18431218e-08,20,20.9166565,/Users/chrisharing/Desktop/CCS_complex_coupled_systems/Repo/HardDisks/hspist3/experiments_energy_transfer/level2_ramp_20260918/step_u0.20/tr_9215.csv,39.8333282,18.9166718,1,"./00ALLINONE_ramp --mode=edmd --experiment=energy_transfer --headless --quiet --edmd-acc=0 --seed-drift-order=drift-first --energy-transfer-summary=experiments_energy_transfer/level2_ramp_20260918/step_u0.20/summary.csv --energy-transfer-trace=experiments_energy_transfer/level2_ramp_20260918/step_u0.20/tr_9215.csv --particles=100 --particles-boxes=50,50 --particle-radius=0.5 --l0=39.25 --height=10 --num-walls=1 --wall-positions=39.25 --wall-mass-factors=1000000000 --piston-right-protocol-mode=step --velocity-right-piston-step=0.20 --max-right-piston-travel=3.93 --auto-piston-step --wall-hold-steps=12000 --steps=13500 --fixed-dt=0.4 --energy-measurement --eff-output=wall-ke --kbt1 --seed=9215",9215
2026-09-18 12:50:36,energy_transfer,edmd,13500,12000,0.0166666669,39.25,10,100,0.5,nan,0.100050721,0.100050721,1,39.25,1e+09,50;50,1,0.0416666667,1,1,0.00999999978,100,1000,nan,39.25,1,step,74.5700022,-0.200000003,step,3.93000007,0.200000003,nan,nan,0.200000003,nan,nan,9.54788406,6.68554048e-06,7.00211737e-07,0.9999993,9.54787738,1.73120913e-08,1.97616458e-07,1.80304367e-07,1.88842225e-08,20,20.9166565,/Users/chrisharing/Desktop/CCS_complex_coupled_systems/Repo/HardDisks/hspist3/experiments_energy_transfer/level2_ramp_20260918/step_u0.20/tr_9217.csv,40.6833191,19.7666626,1,"./00ALLINONE_ramp --mode=edmd --experiment=energy_transfer --headless --quiet --edmd-acc=0 --seed-drift-order=drift-first --energy-transfer-summary=experiments_energy_transfer/level2_ramp_20260918/step_u0.20/summary.csv --energy-transfer-trace=experiments_energy_transfer/level2_ramp_20260918/step_u0.20/tr_9217.csv --particles=100 --particles-boxes=50,50 --particle-radius=0.5 --l0=39.25 --height=10 --num-walls=1 --wall-positions=39.25 --wall-mass-factors=1000000000 --piston-right-protocol-mode=step --velocity-right-piston-step=0.20 --max-right-piston-travel=3.93 --auto-piston-step --wall-hold-steps=12000 --steps=13500 --fixed-dt=0.4 --energy-measurement --eff-output=wall-ke --kbt1 --seed=9217",9217
2026-09-18 12:50:36,energy_transfer,edmd,13500,12000,0.0166666669,39.25,10,100,0.5,nan,0.100050721,0.100050721,1,39.25,1e+09,50;50,1,0.0416666667,1,1,0.00999999978,100,1000,nan,39.25,1,step,74.5700022,-0.200000003,step,3.93000007,0.200000003,nan,nan,0.200000003,nan,nan,11.6765293,1.09122075e-05,9.34542035e-07,0.999999065,11.6765184,1.14230204e-07,2.20957276e-07,1.06727072e-07,9.14030777e-09,20,20.9166565,/Users/chrisharing/Desktop/CCS_complex_coupled_systems/Repo/HardDisks/hspist3/experiments_energy_transfer/level2_ramp_20260918/step_u0.20/tr_9216.csv,23.4666595,2.55000305,0,"./00ALLINONE_ramp --mode=edmd --experiment=energy_transfer --headless --quiet --edmd-acc=0 --seed-drift-order=drift-first --energy-transfer-summary=experiments_energy_transfer/level2_ramp_20260918/step_u0.20/summary.csv --energy-transfer-trace=experiments_energy_transfer/level2_ramp_20260918/step_u0.20/tr_9216.csv --particles=100 --particles-boxes=50,50 --particle-radius=0.5 --l0=39.25 --height=10 --num-walls=1 --wall-positions=39.25 --wall-mass-factors=1000000000 --piston-right-protocol-mode=step --velocity-right-piston-step=0.20 --max-right-piston-travel=3.93 --auto-piston-step --wall-hold-steps=12000 --steps=13500 --fixed-dt=0.4 --energy-measurement --eff-output=wall-ke --kbt1 --seed=9216",9216
2026-09-18 12:50:36,energy_transfer,edmd,13500,12000,0.0166666669,39.25,10,100,0.5,nan,0.100050721,0.100050721,1,39.25,1e+09,50;50,1,0.0416666667,1,1,0.00999999978,100,1000,nan,39.25,1,step,74.5700022,-0.200000003,step,3.93000007,0.200000003,nan,nan,0.200000003,nan,nan,10.6209677,1.20506729e-05,1.13461157e-06,0.999998865,10.6209557,8.97793413e-08,8.91398201e-07,8.0161886e-07,7.54751243e-08,20,20.9166565,/Users/chrisharing/Desktop/CCS_complex_coupled_systems/Repo/HardDisks/hspist3/experiments_energy_transfer/level2_ramp_20260918/step_u0.20/tr_9218.csv,27.2833252,6.3666687,0,"./00ALLINONE_ramp --mode=edmd --experiment=energy_transfer --headless --quiet --edmd-acc=0 --seed-drift-order=drift-first --energy-transfer-summary=experiments_energy_transfer/level2_ramp_20260918/step_u0.20/summary.csv --energy-transfer-trace=experiments_energy_transfer/level2_ramp_20260918/step_u0.20/tr_9218.csv --particles=100 --particles-boxes=50,50 --particle-radius=0.5 --l0=39.25 --height=10 --num-walls=1 --wall-positions=39.25 --wall-mass-factors=1000000000 --piston-right-protocol-mode=step --velocity-right-piston-step=0.20 --max-right-piston-travel=3.93 --auto-piston-step --wall-hold-steps=12000 --steps=13500 --fixed-dt=0.4 --energy-measurement --eff-output=wall-ke --kbt1 --seed=9218",9218
2026-09-18 12:50:36,energy_transfer,edmd,13500,12000,0.0166666669,39.25,10,100,0.5,nan,0.100050721,0.100050721,1,39.25,1e+09,50;50,1,0.0416666667,1,1,0.00999999978,100,1000,nan,39.25,1,step,74.5700022,-0.200000003,step,3.93000007,0.200000003,nan,nan,0.200000003,nan,nan,10.2391129,9.59138106e-06,9.36739459e-07,0.999999063,10.2391033,2.44415382e-12,3.36717051e-07,3.36714607e-07,3.28851347e-08,20,20.9166565,/Users/chrisharing/Desktop/CCS_complex_coupled_systems/Repo/HardDisks/hspist3/experiments_energy_transfer/level2_ramp_20260918/step_u0.20/tr_9219.csv,32.4666595,11.5500031,0,"./00ALLINONE_ramp --mode=edmd --experiment=energy_transfer --headless --quiet --edmd-acc=0 --seed-drift-order=drift-first --energy-transfer-summary=experiments_energy_transfer/level2_ramp_20260918/step_u0.20/summary.csv --energy-transfer-trace=experiments_energy_transfer/level2_ramp_20260918/step_u0.20/tr_9219.csv --particles=100 --particles-boxes=50,50 --particle-radius=0.5 --l0=39.25 --height=10 --num-walls=1 --wall-positions=39.25 --wall-mass-factors=1000000000 --piston-right-protocol-mode=step --velocity-right-piston-step=0.20 --max-right-piston-travel=3.93 --auto-piston-step --wall-hold-steps=12000 --steps=13500 --fixed-dt=0.4 --energy-measurement --eff-output=wall-ke --kbt1 --seed=9219",9219
2026-09-18 12:50:36,energy_transfer,edmd,13500,12000,0.0166666669,39.25,10,100,0.5,nan,0.100050721,0.100050721,1,39.25,1e+09,50;50,1,0.0416666667,1,1,0.00999999978,100,1000,nan,39.25,1,step,74.5700022,-0.200000003,step,3.93000007,0.200000003,nan,nan,0.200000003,nan,nan,7.24474462,6.55391386e-06,9.04643877e-07,0.999999095,7.24473807,2.72592491e-08,5.81585709e-07,5.5432646e-07,7.65142857e-08,20,20.9166565,/Users/chrisharing/Desktop/CCS_complex_coupled_systems/Repo/HardDisks/hspist3/experiments_energy_transfer/level2_ramp_20260918/step_u0.20/tr_9220.csv,40.8833313,19.9666748,1,"./00ALLINONE_ramp --mode=edmd --experiment=energy_transfer --headless --quiet --edmd-acc=0 --seed-drift-order=drift-first --energy-transfer-summary=experiments_energy_transfer/level2_ramp_20260918/step_u0.20/summary.csv --energy-transfer-trace=experiments_energy_transfer/level2_ramp_20260918/step_u0.20/tr_9220.csv --particles=100 --particles-boxes=50,50 --particle-radius=0.5 --l0=39.25 --height=10 --num-walls=1 --wall-positions=39.25 --wall-mass-factors=1000000000 --piston-right-protocol-mode=step --velocity-right-piston-step=0.20 --max-right-piston-travel=3.93 --auto-piston-step --wall-hold-steps=12000 --steps=13500 --fixed-dt=0.4 --energy-measurement --eff-output=wall-ke --kbt1 --seed=9220",9220
2026-09-18 12:50:36,energy_transfer,edmd,13500,12000,0.0166666669,39.25,10,100,0.5,nan,0.100050721,0.100050721,1,39.25,1e+09,50;50,1,0.0416666667,1,1,0.00999999978,100,1000,nan,39.25,1,step,74.5700022,-0.200000003,step,3.93000007,0.200000003,nan,nan,0.200000003,nan,nan,10.0138749,9.79356719e-06,9.77999756e-07,0.999999022,10.0138651,1.46119072e-11,5.4033319e-07,5.40318578e-07,5.39569931e-08,20,20.9166565,/Users/chrisharing/Desktop/CCS_complex_coupled_systems/Repo/HardDisks/hspist3/experiments_energy_transfer/level2_ramp_20260918/step_u0.20/tr_9221.csv,33.2166595,12.3000031,0,"./00ALLINONE_ramp --mode=edmd --experiment=energy_transfer --headless --quiet --edmd-acc=0 --seed-drift-order=drift-first --energy-transfer-summary=experiments_energy_transfer/level2_ramp_20260918/step_u0.20/summary.csv --energy-transfer-trace=experiments_energy_transfer/level2_ramp_20260918/step_u0.20/tr_9221.csv --particles=100 --particles-boxes=50,50 --particle-radius=0.5 --l0=39.25 --height=10 --num-walls=1 --wall-positions=39.25 --wall-mass-factors=1000000000 --piston-right-protocol-mode=step --velocity-right-piston-step=0.20 --max-right-piston-travel=3.93 --auto-piston-step --wall-hold-steps=12000 --steps=13500 --fixed-dt=0.4 --energy-measurement --eff-output=wall-ke --kbt1 --seed=9221",9221
2026-09-18 12:50:36,energy_transfer,edmd,13500,12000,0.0166666669,39.25,10,100,0.5,nan,0.100050721,0.100050721,1,39.25,1e+09,50;50,1,0.0416666667,1,1,0.00999999978,100,1000,nan,39.25,1,step,74.5700022,-0.200000003,step,3.93000007,0.200000003,nan,nan,0.200000003,nan,nan,5.61352369,6.4591145e-06,1.15063459e-06,0.999998849,5.61351723,4.78715521e-08,4.18246543e-07,3.70374991e-07,6.59790555e-08,20,20.9166565,/Users/chrisharing/Desktop/CCS_complex_coupled_systems/Repo/HardDisks/hspist3/experiments_energy_transfer/level2_ramp_20260918/step_u0.20/tr_9222.csv,36.7666626,15.8500061,0,"./00ALLINONE_ramp --mode=edmd --experiment=energy_transfer --headless --quiet --edmd-acc=0 --seed-drift-order=drift-first --energy-transfer-summary=experiments_energy_transfer/level2_ramp_20260918/step_u0.20/summary.csv --energy-transfer-trace=experiments_energy_transfer/level2_ramp_20260918/step_u0.20/tr_9222.csv --particles=100 --particles-boxes=50,50 --particle-radius=0.5 --l0=39.25 --height=10 --num-walls=1 --wall-positions=39.25 --wall-mass-factors=1000000000 --piston-right-protocol-mode=step --velocity-right-piston-step=0.20 --max-right-piston-travel=3.93 --auto-piston-step --wall-hold-steps=12000 --steps=13500 --fixed-dt=0.4 --energy-measurement --eff-output=wall-ke --kbt1 --seed=9222",9222
2026-09-18 12:50:36,energy_transfer,edmd,13500,12000,0.0166666669,39.25,10,100,0.5,nan,0.100050721,0.100050721,1,39.25,1e+09,50;50,1,0.0416666667,1,1,0.00999999978,100,1000,nan,39.25,1,step,74.5700022,-0.200000003,step,3.93000007,0.200000003,nan,nan,0.200000003,nan,nan,7.83882525,4.70556051e-06,6.00288993e-07,0.9999994,7.83882055,9.64972813e-08,1.05511639e-07,9.01435726e-09,1.14996278e-09,20,20.9166565,/Users/chrisharing/Desktop/CCS_complex_coupled_systems/Repo/HardDisks/hspist3/experiments_energy_transfer/level2_ramp_20260918/step_u0.20/tr_9223.csv,22.3666534,1.44999695,0,"./00ALLINONE_ramp --mode=edmd --experiment=energy_transfer --headless --quiet --edmd-acc=0 --seed-drift-order=drift-first --energy-transfer-summary=experiments_energy_transfer/level2_ramp_20260918/step_u0.20/summary.csv --energy-transfer-trace=experiments_energy_transfer/level2_ramp_20260918/step_u0.20/tr_9223.csv --particles=100 --particles-boxes=50,50 --particle-radius=0.5 --l0=39.25 --height=10 --num-walls=1 --wall-positions=39.25 --wall-mass-factors=1000000000 --piston-right-protocol-mode=step --velocity-right-piston-step=0.20 --max-right-piston-travel=3.93 --auto-piston-step --wall-hold-steps=12000 --steps=13500 --fixed-dt=0.4 --energy-measurement --eff-output=wall-ke --kbt1 --seed=9223",9223
2026-09-18 12:50:36,energy_transfer,edmd,13500,12000,0.0166666669,39.25,10,100,0.5,nan,0.100050721,0.100050721,1,39.25,1e+09,50;50,1,0.0416666667,1,1,0.00999999978,100,1000,nan,39.25,1,step,74.5700022,-0.200000003,step,3.93000007,0.200000003,nan,nan,0.200000003,nan,nan,9.87246706,1.13832193e-05,1.15302682e-06,0.999998847,9.87245568,8.20269506e-08,4.16038603e-07,3.34011652e-07,3.38326429e-08,20,20.9166565,/Users/chrisharing/Desktop/CCS_complex_coupled_systems/Repo/HardDisks/hspist3/experiments_energy_transfer/level2_ramp_20260918/step_u0.20/tr_9224.csv,34,13.0833435,0,"./00ALLINONE_ramp --mode=edmd --experiment=energy_transfer --headless --quiet --edmd-acc=0 --seed-drift-order=drift-first --energy-transfer-summary=experiments_energy_transfer/level2_ramp_20260918/step_u0.20/summary.csv --energy-transfer-trace=experiments_energy_transfer/level2_ramp_20260918/step_u0.20/tr_9224.csv --particles=100 --particles-boxes=50,50 --particle-radius=0.5 --l0=39.25 --height=10 --num-walls=1 --wall-positions=39.25 --wall-mass-factors=1000000000 --piston-right-protocol-mode=step --velocity-right-piston-step=0.20 --max-right-piston-travel=3.93 --auto-piston-step --wall-hold-steps=12000 --steps=13500 --fixed-dt=0.4 --energy-measurement --eff-output=wall-ke --kbt1 --seed=9224",9224
2026-09-18 12:50:36,energy_transfer,edmd,13500,12000,0.0166666669,39.25,10,100,0.5,nan,0.100050721,0.100050721,1,39.25,1e+09,50;50,1,0.0416666667,1,1,0.00999999978,100,1000,nan,39.25,1,step,74.5700022,-0.200000003,step,3.93000007,0.200000003,nan,nan,0.200000003,nan,nan,8.84391999,9.65135587e-06,1.09129842e-06,0.999998909,8.84391034,1.36879535e-07,1.36879535e-07,0,0,20,20.9166565,/Users/chrisharing/Desktop/CCS_complex_coupled_systems/Repo/HardDisks/hspist3/experiments_energy_transfer/level2_ramp_20260918/step_u0.20/tr_9225.csv,20.9166565,0,0,"./00ALLINONE_ramp --mode=edmd --experiment=energy_transfer --headless --quiet --edmd-acc=0 --seed-drift-order=drift-first --energy-transfer-summary=experiments_energy_transfer/level2_ramp_20260918/step_u0.20/summary.csv --energy-transfer-trace=experiments_energy_transfer/level2_ramp_20260918/step_u0.20/tr_9225.csv --particles=100 --particles-boxes=50,50 --particle-radius=0.5 --l0=39.25 --height=10 --num-walls=1 --wall-positions=39.25 --wall-mass-factors=1000000000 --piston-right-protocol-mode=step --velocity-right-piston-step=0.20 --max-right-piston-travel=3.93 --auto-piston-step --wall-hold-steps=12000 --steps=13500 --fixed-dt=0.4 --energy-measurement --eff-output=wall-ke --kbt1 --seed=9225",9225
2026-09-18 12:50:36,energy_transfer,edmd,13500,12000,0.0166666669,39.25,10,100,0.5,nan,0.100050721,0.100050721,1,39.25,1e+09,50;50,1,0.0416666667,1,1,0.00999999978,100,1000,nan,39.25,1,step,74.5700022,-0.200000003,step,3.93000007,0.200000003,nan,nan,0.200000003,nan,nan,7.53956563,7.37823211e-06,9.78601749e-07,0.999999021,7.53955825,1.41298298e-08,2.9892044e-07,2.84790611e-07,3.77728141e-08,20,20.9166565,/Users/chrisharing/Desktop/CCS_complex_coupled_systems/Repo/HardDisks/hspist3/experiments_energy_transfer/level2_ramp_20260918/step_u0.20/tr_9226.csv,26.5666656,5.65000916,0,"./00ALLINONE_ramp --mode=edmd --experiment=energy_transfer --headless --quiet --edmd-acc=0 --seed-drift-order=drift-first --energy-transfer-summary=experiments_energy_transfer/level2_ramp_20260918/step_u0.20/summary.csv --energy-transfer-trace=experiments_energy_transfer/level2_ramp_20260918/step_u0.20/tr_9226.csv --particles=100 --particles-boxes=50,50 --particle-radius=0.5 --l0=39.25 --height=10 --num-walls=1 --wall-positions=39.25 --wall-mass-factors=1000000000 --piston-right-protocol-mode=step --velocity-right-piston-step=0.20 --max-right-piston-travel=3.93 --auto-piston-step --wall-hold-steps=12000 --steps=13500 --fixed-dt=0.4 --energy-measurement --eff-output=wall-ke --kbt1 --seed=9226",9226
2026-09-18 12:50:36,energy_transfer,edmd,13500,12000,0.0166666669,39.25,10,100,0.5,nan,0.100050721,0.100050721,1,39.25,1e+09,50;50,1,0.0416666667,1,1,0.00999999978,100,1000,nan,39.25,1,step,74.5700022,-0.200000003,step,3.93000007,0.200000003,nan,nan,0.200000003,nan,nan,7.9947254,9.21172341e-06,1.15222512e-06,0.999998848,7.99471619,5.25441957e-09,3.11436452e-07,3.06182032e-07,3.82980048e-08,20,20.9166565,/Users/chrisharing/Desktop/CCS_complex_coupled_systems/Repo/HardDisks/hspist3/experiments_energy_transfer/level2_ramp_20260918/step_u0.20/tr_9227.csv,39.3833313,18.4666748,1,"./00ALLINONE_ramp --mode=edmd --experiment=energy_transfer --headless --quiet --edmd-acc=0 --seed-drift-order=drift-first --energy-transfer-summary=experiments_energy_transfer/level2_ramp_20260918/step_u0.20/summary.csv --energy-transfer-trace=experiments_energy_transfer/level2_ramp_20260918/step_u0.20/tr_9227.csv --particles=100 --particles-boxes=50,50 --particle-radius=0.5 --l0=39.25 --height=10 --num-walls=1 --wall-positions=39.25 --wall-mass-factors=1000000000 --piston-right-protocol-mode=step --velocity-right-piston-step=0.20 --max-right-piston-travel=3.93 --auto-piston-step --wall-hold-steps=12000 --steps=13500 --fixed-dt=0.4 --energy-measurement --eff-output=wall-ke --kbt1 --seed=9227",9227
2026-09-18 12:50:36,energy_transfer,edmd,13500,12000,0.0166666669,39.25,10,100,0.5,nan,0.100050721,0.100050721,1,39.25,1e+09,50;50,1,0.0416666667,1,1,0.00999999978,100,1000,nan,39.25,1,step,74.5700022,-0.200000003,step,3.93000007,0.200000003,nan,nan,0.200000003,nan,nan,7.53401539,1.10579385e-05,1.46773506e-06,0.999998532,7.53400433,4.56117739e-08,3.29500608e-07,2.83888834e-07,3.7680947e-08,20,20.9166565,/Users/chrisharing/Desktop/CCS_complex_coupled_systems/Repo/HardDisks/hspist3/experiments_energy_transfer/level2_ramp_20260918/step_u0.20/tr_9228.csv,39.1499939,18.2333374,1,"./00ALLINONE_ramp --mode=edmd --experiment=energy_transfer --headless --quiet --edmd-acc=0 --seed-drift-order=drift-first --energy-transfer-summary=experiments_energy_transfer/level2_ramp_20260918/step_u0.20/summary.csv --energy-transfer-trace=experiments_energy_transfer/level2_ramp_20260918/step_u0.20/tr_9228.csv --particles=100 --particles-boxes=50,50 --particle-radius=0.5 --l0=39.25 --height=10 --num-walls=1 --wall-positions=39.25 --wall-mass-factors=1000000000 --piston-right-protocol-mode=step --velocity-right-piston-step=0.20 --max-right-piston-travel=3.93 --auto-piston-step --wall-hold-steps=12000 --steps=13500 --fixed-dt=0.4 --energy-measurement --eff-output=wall-ke --kbt1 --seed=9228",9228
2026-09-18 12:50:36,energy_transfer,edmd,13500,12000,0.0166666669,39.25,10,100,0.5,nan,0.100050721,0.100050721,1,39.25,1e+09,50;50,1,0.0416666667,1,1,0.00999999978,100,1000,nan,39.25,1,step,74.5700022,-0.200000003,step,3.93000007,0.200000003,nan,nan,0.200000003,nan,nan,10.0442741,1.21557614e-05,1.210218e-06,0.99999879,10.044262,4.77464255e-08,6.38294466e-07,5.90548041e-07,5.87944965e-08,20,20.9166565,/Users/chrisharing/Desktop/CCS_complex_coupled_systems/Repo/HardDisks/hspist3/experiments_energy_transfer/level2_ramp_20260918/step_u0.20/tr_9230.csv,40.0999908,19.1833344,1,"./00ALLINONE_ramp --mode=edmd --experiment=energy_transfer --headless --quiet --edmd-acc=0 --seed-drift-order=drift-first --energy-transfer-summary=experiments_energy_transfer/level2_ramp_20260918/step_u0.20/summary.csv --energy-transfer-trace=experiments_energy_transfer/level2_ramp_20260918/step_u0.20/tr_9230.csv --particles=100 --particles-boxes=50,50 --particle-radius=0.5 --l0=39.25 --height=10 --num-walls=1 --wall-positions=39.25 --wall-mass-factors=1000000000 --piston-right-protocol-mode=step --velocity-right-piston-step=0.20 --max-right-piston-travel=3.93 --auto-piston-step --wall-hold-steps=12000 --steps=13500 --fixed-dt=0.4 --energy-measurement --eff-output=wall-ke --kbt1 --seed=9230",9230
2026-09-18 12:50:36,energy_transfer,edmd,13500,12000,0.0166666669,39.25,10,100,0.5,nan,0.100050721,0.100050721,1,39.25,1e+09,50;50,1,0.0416666667,1,1,0.00999999978,100,1000,nan,39.25,1,step,74.5700022,-0.200000003,step,3.93000007,0.200000003,nan,nan,0.200000003,nan,nan,10.7141448,1.52244229e-05,1.42096483e-06,0.999998579,10.7141295,4.99950137e-10,1.01821661e-06,1.01771666e-06,9.49881378e-08,20,20.9166565,/Users/chrisharing/Desktop/CCS_complex_coupled_systems/Repo/HardDisks/hspist3/experiments_energy_transfer/level2_ramp_20260918/step_u0.20/tr_9231.csv,38.5166626,17.6000061,0,"./00ALLINONE_ramp --mode=edmd --experiment=energy_transfer --headless --quiet --edmd-acc=0 --seed-drift-order=drift-first --energy-transfer-summary=experiments_energy_transfer/level2_ramp_20260918/step_u0.20/summary.csv --energy-transfer-trace=experiments_energy_transfer/level2_ramp_20260918/step_u0.20/tr_9231.csv --particles=100 --particles-boxes=50,50 --particle-radius=0.5 --l0=39.25 --height=10 --num-walls=1 --wall-positions=39.25 --wall-mass-factors=1000000000 --piston-right-protocol-mode=step --velocity-right-piston-step=0.20 --max-right-piston-travel=3.93 --auto-piston-step --wall-hold-steps=12000 --steps=13500 --fixed-dt=0.4 --energy-measurement --eff-output=wall-ke --kbt1 --seed=9231",9231
2026-09-18 12:50:36,energy_transfer,edmd,13500,12000,0.0166666669,39.25,10,100,0.5,nan,0.100050721,0.100050721,1,39.25,1e+09,50;50,1,0.0416666667,1,1,0.00999999978,100,1000,nan,39.25,1,step,74.5700022,-0.200000003,step,3.93000007,0.200000003,nan,nan,0.200000003,nan,nan,8.93232599,8.96711663e-06,1.00389491e-06,0.999998996,8.93231702,2.01751469e-08,4.3940193e-07,4.19226783e-07,4.69336636e-08,20,20.9166565,/Users/chrisharing/Desktop/CCS_complex_coupled_systems/Repo/HardDisks/hspist3/experiments_energy_transfer/level2_ramp_20260918/step_u0.20/tr_9232.csv,30.2833252,9.3666687,0,"./00ALLINONE_ramp --mode=edmd --experiment=energy_transfer --headless --quiet --edmd-acc=0 --seed-drift-order=drift-first --energy-transfer-summary=experiments_energy_transfer/level2_ramp_20260918/step_u0.20/summary.csv --energy-transfer-trace=experiments_energy_transfer/level2_ramp_20260918/step_u0.20/tr_9232.csv --particles=100 --particles-boxes=50,50 --particle-radius=0.5 --l0=39.25 --height=10 --num-walls=1 --wall-positions=39.25 --wall-mass-factors=1000000000 --piston-right-protocol-mode=step --velocity-right-piston-step=0.20 --max-right-piston-travel=3.93 --auto-piston-step --wall-hold-steps=12000 --steps=13500 --fixed-dt=0.4 --energy-measurement --eff-output=wall-ke --kbt1 --seed=9232",9232
2026-09-18 12:50:36,energy_transfer,edmd,13500,12000,0.0166666669,39.25,10,100,0.5,nan,0.100050721,0.100050721,1,39.25,1e+09,50;50,1,0.0416666667,1,1,0.00999999978,100,1000,nan,39.25,1,step,74.5700022,-0.200000003,step,3.93000007,0.200000003,nan,nan,0.200000003,nan,nan,9.06636327,8.85360714e-06,9.76533465e-07,0.999999023,9.06635442,3.94437372e-09,4.5992212e-07,4.55977746e-07,5.02933461e-08,20,20.9166565,/Users/chrisharing/Desktop/CCS_complex_coupled_systems/Repo/HardDisks/hspist3/experiments_energy_transfer/level2_ramp_20260918/step_u0.20/tr_9229.csv,36.0999908,15.1833344,0,"./00ALLINONE_ramp --mode=edmd --experiment=energy_transfer --headless --quiet --edmd-acc=0 --seed-drift-order=drift-first --energy-transfer-summary=experiments_energy_transfer/level2_ramp_20260918/step_u0.20/summary.csv --energy-transfer-trace=experiments_energy_transfer/level2_ramp_20260918/step_u0.20/tr_9229.csv --particles=100 --particles-boxes=50,50 --particle-radius=0.5 --l0=39.25 --height=10 --num-walls=1 --wall-positions=39.25 --wall-mass-factors=1000000000 --piston-right-protocol-mode=step --velocity-right-piston-step=0.20 --max-right-piston-travel=3.93 --auto-piston-step --wall-hold-steps=12000 --steps=13500 --fixed-dt=0.4 --energy-measurement --eff-output=wall-ke --kbt1 --seed=9229",9229
2026-09-18 12:50:36,energy_transfer,edmd,13500,12000,0.0166666669,39.25,10,100,0.5,nan,0.100050721,0.100050721,1,39.25,1e+09,50;50,1,0.0416666667,1,1,0.00999999978,100,1000,nan,39.25,1,step,74.5700022,-0.200000003,step,3.93000007,0.200000003,nan,nan,0.200000003,nan,nan,6.67415453,7.21763308e-06,1.08143032e-06,0.999998919,6.67414732,2.69803646e-08,3.45841642e-07,3.18861277e-07,4.7775531e-08,20,20.9166565,/Users/chrisharing/Desktop/CCS_complex_coupled_systems/Repo/HardDisks/hspist3/experiments_energy_transfer/level2_ramp_20260918/step_u0.20/tr_9235.csv,30.4499969,9.53334045,0,"./00ALLINONE_ramp --mode=edmd --experiment=energy_transfer --headless --quiet --edmd-acc=0 --seed-drift-order=drift-first --energy-transfer-summary=experiments_energy_transfer/level2_ramp_20260918/step_u0.20/summary.csv --energy-transfer-trace=experiments_energy_transfer/level2_ramp_20260918/step_u0.20/tr_9235.csv --particles=100 --particles-boxes=50,50 --particle-radius=0.5 --l0=39.25 --height=10 --num-walls=1 --wall-positions=39.25 --wall-mass-factors=1000000000 --piston-right-protocol-mode=step --velocity-right-piston-step=0.20 --max-right-piston-travel=3.93 --auto-piston-step --wall-hold-steps=12000 --steps=13500 --fixed-dt=0.4 --energy-measurement --eff-output=wall-ke --kbt1 --seed=9235",9235
2026-09-18 12:50:36,energy_transfer,edmd,13500,12000,0.0166666669,39.25,10,100,0.5,nan,0.100050721,0.100050721,1,39.25,1e+09,50;50,1,0.0416666667,1,1,0.00999999978,100,1000,nan,39.25,1,step,74.5700022,-0.200000003,step,3.93000007,0.200000003,nan,nan,0.200000003,nan,nan,9.04147058,8.8601173e-06,9.79942059e-07,0.99999902,9.04146172,1.39872796e-07,1.50991468e-07,1.11186722e-08,1.22974157e-09,20,20.9166565,/Users/chrisharing/Desktop/CCS_complex_coupled_systems/Repo/HardDisks/hspist3/experiments_energy_transfer/level2_ramp_20260918/step_u0.20/tr_9233.csv,23.8999939,2.9833374,0,"./00ALLINONE_ramp --mode=edmd --experiment=energy_transfer --headless --quiet --edmd-acc=0 --seed-drift-order=drift-first --energy-transfer-summary=experiments_energy_transfer/level2_ramp_20260918/step_u0.20/summary.csv --energy-transfer-trace=experiments_energy_transfer/level2_ramp_20260918/step_u0.20/tr_9233.csv --particles=100 --particles-boxes=50,50 --particle-radius=0.5 --l0=39.25 --height=10 --num-walls=1 --wall-positions=39.25 --wall-mass-factors=1000000000 --piston-right-protocol-mode=step --velocity-right-piston-step=0.20 --max-right-piston-travel=3.93 --auto-piston-step --wall-hold-steps=12000 --steps=13500 --fixed-dt=0.4 --energy-measurement --eff-output=wall-ke --kbt1 --seed=9233",9233
2026-09-18 12:50:36,energy_transfer,edmd,13500,12000,0.0166666669,39.25,10,100,0.5,nan,0.100050721,0.100050721,1,39.25,1e+09,50;50,1,0.0416666667,1,1,0.00999999978,100,1000,nan,39.25,1,step,74.5700022,-0.200000003,step,3.93000007,0.200000003,nan,nan,0.200000003,nan,nan,7.26292584,6.17278374e-06,8.49903176e-07,0.99999915,7.26291967,3.89882437e-08,3.33874425e-07,2.94886181e-07,4.06015685e-08,20,20.9166565,/Users/chrisharing/Desktop/CCS_complex_coupled_systems/Repo/HardDisks/hspist3/experiments_energy_transfer/level2_ramp_20260918/step_u0.20/tr_9234.csv,37.4666595,16.5500031,0,"./00ALLINONE_ramp --mode=edmd --experiment=energy_transfer --headless --quiet --edmd-acc=0 --seed-drift-order=drift-first --energy-transfer-summary=experiments_energy_transfer/level2_ramp_20260918/step_u0.20/summary.csv --energy-transfer-trace=experiments_energy_transfer/level2_ramp_20260918/step_u0.20/tr_9234.csv --particles=100 --particles-boxes=50,50 --particle-radius=0.5 --l0=39.25 --height=10 --num-walls=1 --wall-positions=39.25 --wall-mass-factors=1000000000 --piston-right-protocol-mode=step --velocity-right-piston-step=0.20 --max-right-piston-travel=3.93 --auto-piston-step --wall-hold-steps=12000 --steps=13500 --fixed-dt=0.4 --energy-measurement --eff-output=wall-ke --kbt1 --seed=9234",9234
2026-09-18 12:50:37,energy_transfer,edmd,13500,12000,0.0166666669,39.25,10,100,0.5,nan,0.100050721,0.100050721,1,39.25,1e+09,50;50,1,0.0416666667,1,1,0.00999999978,100,1000,nan,39.25,1,step,74.5700022,-0.200000003,step,3.93000007,0.200000003,nan,nan,0.200000003,nan,nan,11.0210456,1.00840725e-05,9.14983286e-07,0.999999085,11.0210355,3.19310551e-08,2.57485908e-07,2.25554853e-07,2.04658306e-08,20,20.9166565,/Users/chrisharing/Desktop/CCS_complex_coupled_systems/Repo/HardDisks/hspist3/experiments_energy_transfer/level2_ramp_20260918/step_u0.20/tr_9236.csv,37.4833221,16.5666656,0,"./00ALLINONE_ramp --mode=edmd --experiment=energy_transfer --headless --quiet --edmd-acc=0 --seed-drift-order=drift-first --energy-transfer-summary=experiments_energy_transfer/level2_ramp_20260918/step_u0.20/summary.csv --energy-transfer-trace=experiments_energy_transfer/level2_ramp_20260918/step_u0.20/tr_9236.csv --particles=100 --particles-boxes=50,50 --particle-radius=0.5 --l0=39.25 --height=10 --num-walls=1 --wall-positions=39.25 --wall-mass-factors=1000000000 --piston-right-protocol-mode=step --velocity-right-piston-step=0.20 --max-right-piston-travel=3.93 --auto-piston-step --wall-hold-steps=12000 --steps=13500 --fixed-dt=0.4 --energy-measurement --eff-output=wall-ke --kbt1 --seed=9236",9236
2026-09-18 12:50:37,energy_transfer,edmd,13500,12000,0.0166666669,39.25,10,100,0.5,nan,0.100050721,0.100050721,1,39.25,1e+09,50;50,1,0.0416666667,1,1,0.00999999978,100,1000,nan,39.25,1,step,74.5700022,-0.200000003,step,3.93000007,0.200000003,nan,nan,0.200000003,nan,nan,10.1534262,1.27146914e-05,1.25225624e-06,0.999998748,10.1534135,1.46850452e-08,1.55621393e-07,1.40936348e-07,1.3880669e-08,20,20.9166565,/Users/chrisharing/Desktop/CCS_complex_coupled_systems/Repo/HardDisks/hspist3/experiments_energy_transfer/level2_ramp_20260918/step_u0.20/tr_9237.csv,27.1499939,6.2333374,0,"./00ALLINONE_ramp --mode=edmd --experiment=energy_transfer --headless --quiet --edmd-acc=0 --seed-drift-order=drift-first --energy-transfer-summary=experiments_energy_transfer/level2_ramp_20260918/step_u0.20/summary.csv --energy-transfer-trace=experiments_energy_transfer/level2_ramp_20260918/step_u0.20/tr_9237.csv --particles=100 --particles-boxes=50,50 --particle-radius=0.5 --l0=39.25 --height=10 --num-walls=1 --wall-positions=39.25 --wall-mass-factors=1000000000 --piston-right-protocol-mode=step --velocity-right-piston-step=0.20 --max-right-piston-travel=3.93 --auto-piston-step --wall-hold-steps=12000 --steps=13500 --fixed-dt=0.4 --energy-measurement --eff-output=wall-ke --kbt1 --seed=9237",9237
2026-09-18 12:50:37,energy_transfer,edmd,13500,12000,0.0166666669,39.25,10,100,0.5,nan,0.100050721,0.100050721,1,39.25,1e+09,50;50,1,0.0416666667,1,1,0.00999999978,100,1000,nan,39.25,1,step,74.5700022,-0.200000003,step,3.93000007,0.200000003,nan,nan,0.200000003,nan,nan,8.95104297,1.2304371e-05,1.37462987e-06,0.999998625,8.95103066,3.48844537e-07,9.6604208e-07,6.17197543e-07,6.89525841e-08,20,20.9166565,/Users/chrisharing/Desktop/CCS_complex_coupled_systems/Repo/HardDisks/hspist3/experiments_energy_transfer/level2_ramp_20260918/step_u0.20/tr_9239.csv,33.7833252,12.8666687,0,"./00ALLINONE_ramp --mode=edmd --experiment=energy_transfer --headless --quiet --edmd-acc=0 --seed-drift-order=drift-first --energy-transfer-summary=experiments_energy_transfer/level2_ramp_20260918/step_u0.20/summary.csv --energy-transfer-trace=experiments_energy_transfer/level2_ramp_20260918/step_u0.20/tr_9239.csv --particles=100 --particles-boxes=50,50 --particle-radius=0.5 --l0=39.25 --height=10 --num-walls=1 --wall-positions=39.25 --wall-mass-factors=1000000000 --piston-right-protocol-mode=step --velocity-right-piston-step=0.20 --max-right-piston-travel=3.93 --auto-piston-step --wall-hold-steps=12000 --steps=13500 --fixed-dt=0.4 --energy-measurement --eff-output=wall-ke --kbt1 --seed=9239",9239
2026-09-18 12:50:37,energy_transfer,edmd,13500,12000,0.0166666669,39.25,10,100,0.5,nan,0.100050721,0.100050721,1,39.25,1e+09,50;50,1,0.0416666667,1,1,0.00999999978,100,1000,nan,39.25,1,step,74.5700022,-0.200000003,step,3.93000007,0.200000003,nan,nan,0.200000003,nan,nan,7.63800345,7.38830158e-06,9.67307966e-07,0.999999033,7.63799606,5.8125778e-08,1.11156673e-07,5.30308952e-08,6.94303107e-09,20,20.9166565,/Users/chrisharing/Desktop/CCS_complex_coupled_systems/Repo/HardDisks/hspist3/experiments_energy_transfer/level2_ramp_20260918/step_u0.20/tr_9240.csv,22.2833252,1.3666687,0,"./00ALLINONE_ramp --mode=edmd --experiment=energy_transfer --headless --quiet --edmd-acc=0 --seed-drift-order=drift-first --energy-transfer-summary=experiments_energy_transfer/level2_ramp_20260918/step_u0.20/summary.csv --energy-transfer-trace=experiments_energy_transfer/level2_ramp_20260918/step_u0.20/tr_9240.csv --particles=100 --particles-boxes=50,50 --particle-radius=0.5 --l0=39.25 --height=10 --num-walls=1 --wall-positions=39.25 --wall-mass-factors=1000000000 --piston-right-protocol-mode=step --velocity-right-piston-step=0.20 --max-right-piston-travel=3.93 --auto-piston-step --wall-hold-steps=12000 --steps=13500 --fixed-dt=0.4 --energy-measurement --eff-output=wall-ke --kbt1 --seed=9240",9240
2026-09-18 12:50:37,energy_transfer,edmd,13500,12000,0.0166666669,39.25,10,100,0.5,nan,0.100050721,0.100050721,1,39.25,1e+09,50;50,1,0.0416666667,1,1,0.00999999978,100,1000,nan,39.25,1,step,74.5700022,-0.200000003,step,3.93000007,0.200000003,nan,nan,0.200000003,nan,nan,7.47583471,6.35084871e-06,8.49517004e-07,0.99999915,7.47582836,4.92877605e-09,4.50241203e-07,4.45312426e-07,5.95669171e-08,20,20.9166565,/Users/chrisharing/Desktop/CCS_complex_coupled_systems/Repo/HardDisks/hspist3/experiments_energy_transfer/level2_ramp_20260918/step_u0.20/tr_9241.csv,40.5666656,19.6500092,1,"./00ALLINONE_ramp --mode=edmd --experiment=energy_transfer --headless --quiet --edmd-acc=0 --seed-drift-order=drift-first --energy-transfer-summary=experiments_energy_transfer/level2_ramp_20260918/step_u0.20/summary.csv --energy-transfer-trace=experiments_energy_transfer/level2_ramp_20260918/step_u0.20/tr_9241.csv --particles=100 --particles-boxes=50,50 --particle-radius=0.5 --l0=39.25 --height=10 --num-walls=1 --wall-positions=39.25 --wall-mass-factors=1000000000 --piston-right-protocol-mode=step --velocity-right-piston-step=0.20 --max-right-piston-travel=3.93 --auto-piston-step --wall-hold-steps=12000 --steps=13500 --fixed-dt=0.4 --energy-measurement --eff-output=wall-ke --kbt1 --seed=9241",9241
2026-09-18 12:50:37,energy_transfer,edmd,13500,12000,0.0166666669,39.25,10,100,0.5,nan,0.100050721,0.100050721,1,39.25,1e+09,50;50,1,0.0416666667,1,1,0.00999999978,100,1000,nan,39.25,1,step,74.5700022,-0.200000003,step,3.93000007,0.200000003,nan,nan,0.200000003,nan,nan,6.72070057,7.59219756e-06,1.12967353e-06,0.99999887,6.72069297,3.11213341e-07,6.52822337e-07,3.41608995e-07,5.08293729e-08,20,20.9166565,/Users/chrisharing/Desktop/CCS_complex_coupled_systems/Repo/HardDisks/hspist3/experiments_energy_transfer/level2_ramp_20260918/step_u0.20/tr_9242.csv,35,14.0833435,0,"./00ALLINONE_ramp --mode=edmd --experiment=energy_transfer --headless --quiet --edmd-acc=0 --seed-drift-order=drift-first --energy-transfer-summary=experiments_energy_transfer/level2_ramp_20260918/step_u0.20/summary.csv --energy-transfer-trace=experiments_energy_transfer/level2_ramp_20260918/step_u0.20/tr_9242.csv --particles=100 --particles-boxes=50,50 --particle-radius=0.5 --l0=39.25 --height=10 --num-walls=1 --wall-positions=39.25 --wall-mass-factors=1000000000 --piston-right-protocol-mode=step --velocity-right-piston-step=0.20 --max-right-piston-travel=3.93 --auto-piston-step --wall-hold-steps=12000 --steps=13500 --fixed-dt=0.4 --energy-measurement --eff-output=wall-ke --kbt1 --seed=9242",9242
2026-09-18 12:50:37,energy_transfer,edmd,13500,12000,0.0166666669,39.25,10,100,0.5,nan,0.100050721,0.100050721,1,39.25,1e+09,50;50,1,0.0416666667,1,1,0.00999999978,100,1000,nan,39.25,1,step,74.5700022,-0.200000003,step,3.93000007,0.200000003,nan,nan,0.200000003,nan,nan,9.21107927,8.78734318e-06,9.53997129e-07,0.999999046,9.21107048,5.71729188e-08,2.42970088e-07,1.8579717e-07,2.01710532e-08,20,20.9166565,/Users/chrisharing/Desktop/CCS_complex_coupled_systems/Repo/HardDisks/hspist3/experiments_energy_transfer/level2_ramp_20260918/step_u0.20/tr_9238.csv,35.6833191,14.7666626,0,"./00ALLINONE_ramp --mode=edmd --experiment=energy_transfer --headless --quiet --edmd-acc=0 --seed-drift-order=drift-first --energy-transfer-summary=experiments_energy_transfer/level2_ramp_20260918/step_u0.20/summary.csv --energy-transfer-trace=experiments_energy_transfer/level2_ramp_20260918/step_u0.20/tr_9238.csv --particles=100 --particles-boxes=50,50 --particle-radius=0.5 --l0=39.25 --height=10 --num-walls=1 --wall-positions=39.25 --wall-mass-factors=1000000000 --piston-right-protocol-mode=step --velocity-right-piston-step=0.20 --max-right-piston-travel=3.93 --auto-piston-step --wall-hold-steps=12000 --steps=13500 --fixed-dt=0.4 --energy-measurement --eff-output=wall-ke --kbt1 --seed=9238",9238
2026-09-18 12:50:37,energy_transfer,edmd,13500,12000,0.0166666669,39.25,10,100,0.5,nan,0.100050721,0.100050721,1,39.25,1e+09,50;50,1,0.0416666667,1,1,0.00999999978,100,1000,nan,39.25,1,step,74.5700022,-0.200000003,step,3.93000007,0.200000003,nan,nan,0.200000003,nan,nan,9.91677523,8.39759105e-06,8.46806633e-07,0.999999153,9.91676684,1.05873198e-07,5.62842899e-07,4.56969701e-07,4.60804738e-08,20,20.9166565,/Users/chrisharing/Desktop/CCS_complex_coupled_systems/Repo/HardDisks/hspist3/experiments_energy_transfer/level2_ramp_20260918/step_u0.20/tr_9243.csv,34.8999939,13.9833374,0,"./00ALLINONE_ramp --mode=edmd --experiment=energy_transfer --headless --quiet --edmd-acc=0 --seed-drift-order=drift-first --energy-transfer-summary=experiments_energy_transfer/level2_ramp_20260918/step_u0.20/summary.csv --energy-transfer-trace=experiments_energy_transfer/level2_ramp_20260918/step_u0.20/tr_9243.csv --particles=100 --particles-boxes=50,50 --particle-radius=0.5 --l0=39.25 --height=10 --num-walls=1 --wall-positions=39.25 --wall-mass-factors=1000000000 --piston-right-protocol-mode=step --velocity-right-piston-step=0.20 --max-right-piston-travel=3.93 --auto-piston-step --wall-hold-steps=12000 --steps=13500 --fixed-dt=0.4 --energy-measurement --eff-output=wall-ke --kbt1 --seed=9243",9243
2026-09-18 12:50:37,energy_transfer,edmd,13500,12000,0.0166666669,39.25,10,100,0.5,nan,0.100050721,0.100050721,1,39.25,1e+09,50;50,1,0.0416666667,1,1,0.00999999978,100,1000,nan,39.25,1,step,74.5700022,-0.200000003,step,3.93000007,0.200000003,nan,nan,0.200000003,nan,nan,9.72135803,7.59707746e-06,7.81483146e-07,0.999999219,9.72135044,1.30574264e-07,1.30574264e-07,0,0,20,20.9166565,/Users/chrisharing/Desktop/CCS_complex_coupled_systems/Repo/HardDisks/hspist3/experiments_energy_transfer/level2_ramp_20260918/step_u0.20/tr_9244.csv,20.9166565,0,0,"./00ALLINONE_ramp --mode=edmd --experiment=energy_transfer --headless --quiet --edmd-acc=0 --seed-drift-order=drift-first --energy-transfer-summary=experiments_energy_transfer/level2_ramp_20260918/step_u0.20/summary.csv --energy-transfer-trace=experiments_energy_transfer/level2_ramp_20260918/step_u0.20/tr_9244.csv --particles=100 --particles-boxes=50,50 --particle-radius=0.5 --l0=39.25 --height=10 --num-walls=1 --wall-positions=39.25 --wall-mass-factors=1000000000 --piston-right-protocol-mode=step --velocity-right-piston-step=0.20 --max-right-piston-travel=3.93 --auto-piston-step --wall-hold-steps=12000 --steps=13500 --fixed-dt=0.4 --energy-measurement --eff-output=wall-ke --kbt1 --seed=9244",9244
2026-09-18 12:50:37,energy_transfer,edmd,13500,12000,0.0166666669,39.25,10,100,0.5,nan,0.100050721,0.100050721,1,39.25,1e+09,50;50,1,0.0416666667,1,1,0.00999999978,100,1000,nan,39.25,1,step,74.5700022,-0.200000003,step,3.93000007,0.200000003,nan,nan,0.200000003,nan,nan,9.53652863,9.63209732e-06,1.01002133e-06,0.99999899,9.536519,3.26798983e-12,5.07335358e-07,5.0733209e-07,5.31988221e-08,20,20.9166565,/Users/chrisharing/Desktop/CCS_complex_coupled_systems/Repo/HardDisks/hspist3/experiments_energy_transfer/level2_ramp_20260918/step_u0.20/tr_9245.csv,38.6499939,17.7333374,0,"./00ALLINONE_ramp --mode=edmd --experiment=energy_transfer --headless --quiet --edmd-acc=0 --seed-drift-order=drift-first --energy-transfer-summary=experiments_energy_transfer/level2_ramp_20260918/step_u0.20/summary.csv --energy-transfer-trace=experiments_energy_transfer/level2_ramp_20260918/step_u0.20/tr_9245.csv --particles=100 --particles-boxes=50,50 --particle-radius=0.5 --l0=39.25 --height=10 --num-walls=1 --wall-positions=39.25 --wall-mass-factors=1000000000 --piston-right-protocol-mode=step --velocity-right-piston-step=0.20 --max-right-piston-travel=3.93 --auto-piston-step --wall-hold-steps=12000 --steps=13500 --fixed-dt=0.4 --energy-measurement --eff-output=wall-ke --kbt1 --seed=9245",9245
2026-09-18 12:50:37,energy_transfer,edmd,13500,12000,0.0166666669,39.25,10,100,0.5,nan,0.100050721,0.100050721,1,39.25,1e+09,50;50,1,0.0416666667,1,1,0.00999999978,100,1000,nan,39.25,1,step,74.5700022,-0.200000003,step,3.93000007,0.200000003,nan,nan,0.200000003,nan,nan,8.75300018,1.18918633e-05,1.35860426e-06,0.999998641,8.75298829,5.64953195e-09,2.06594521e-07,2.00944989e-07,2.29572701e-08,20,20.9166565,/Users/chrisharing/Desktop/CCS_complex_coupled_systems/Repo/HardDisks/hspist3/experiments_energy_transfer/level2_ramp_20260918/step_u0.20/tr_9246.csv,38.8666534,17.9499969,0,"./00ALLINONE_ramp --mode=edmd --experiment=energy_transfer --headless --quiet --edmd-acc=0 --seed-drift-order=drift-first --energy-transfer-summary=experiments_energy_transfer/level2_ramp_20260918/step_u0.20/summary.csv --energy-transfer-trace=experiments_energy_transfer/level2_ramp_20260918/step_u0.20/tr_9246.csv --particles=100 --particles-boxes=50,50 --particle-radius=0.5 --l0=39.25 --height=10 --num-walls=1 --wall-positions=39.25 --wall-mass-factors=1000000000 --piston-right-protocol-mode=step --velocity-right-piston-step=0.20 --max-right-piston-travel=3.93 --auto-piston-step --wall-hold-steps=12000 --steps=13500 --fixed-dt=0.4 --energy-measurement --eff-output=wall-ke --kbt1 --seed=9246",9246
2026-09-18 12:50:37,energy_transfer,edmd,13500,12000,0.0166666669,39.25,10,100,0.5,nan,0.100050721,0.100050721,1,39.25,1e+09,50;50,1,0.0416666667,1,1,0.00999999978,100,1000,nan,39.25,1,step,74.5700022,-0.200000003,step,3.93000007,0.200000003,nan,nan,0.200000003,nan,nan,10.0359149,9.37486584e-06,9.34131663e-07,0.999999066,10.0359055,8.2242364e-09,1.21658431e-07,1.13434194e-07,1.13028255e-08,20,20.9166565,/Users/chrisharing/Desktop/CCS_complex_coupled_systems/Repo/HardDisks/hspist3/experiments_energy_transfer/level2_ramp_20260918/step_u0.20/tr_9247.csv,23.6499939,2.7333374,0,"./00ALLINONE_ramp --mode=edmd --experiment=energy_transfer --headless --quiet --edmd-acc=0 --seed-drift-order=drift-first --energy-transfer-summary=experiments_energy_transfer/level2_ramp_20260918/step_u0.20/summary.csv --energy-transfer-trace=experiments_energy_transfer/level2_ramp_20260918/step_u0.20/tr_9247.csv --particles=100 --particles-boxes=50,50 --particle-radius=0.5 --l0=39.25 --height=10 --num-walls=1 --wall-positions=39.25 --wall-mass-factors=1000000000 --piston-right-protocol-mode=step --velocity-right-piston-step=0.20 --max-right-piston-travel=3.93 --auto-piston-step --wall-hold-steps=12000 --steps=13500 --fixed-dt=0.4 --energy-measurement --eff-output=wall-ke --kbt1 --seed=9247",9247
2026-09-18 12:50:37,energy_transfer,edmd,13500,12000,0.0166666669,39.25,10,100,0.5,nan,0.100050721,0.100050721,1,39.25,1e+09,50;50,1,0.0416666667,1,1,0.00999999978,100,1000,nan,39.25,1,step,74.5700022,-0.200000003,step,3.93000007,0.200000003,nan,nan,0.200000003,nan,nan,7.24363783,6.85357782e-06,9.46151364e-07,0.999999054,7.24363098,2.30734365e-08,2.95960149e-07,2.72886712e-07,3.76726058e-08,20,20.9166565,/Users/chrisharing/Desktop/CCS_complex_coupled_systems/Repo/HardDisks/hspist3/experiments_energy_transfer/level2_ramp_20260918/step_u0.20/tr_9248.csv,36.4499969,15.5333405,0,"./00ALLINONE_ramp --mode=edmd --experiment=energy_transfer --headless --quiet --edmd-acc=0 --seed-drift-order=drift-first --energy-transfer-summary=experiments_energy_transfer/level2_ramp_20260918/step_u0.20/summary.csv --energy-transfer-trace=experiments_energy_transfer/level2_ramp_20260918/step_u0.20/tr_9248.csv --particles=100 --particles-boxes=50,50 --particle-radius=0.5 --l0=39.25 --height=10 --num-walls=1 --wall-positions=39.25 --wall-mass-factors=1000000000 --piston-right-protocol-mode=step --velocity-right-piston-step=0.20 --max-right-piston-travel=3.93 --auto-piston-step --wall-hold-steps=12000 --steps=13500 --fixed-dt=0.4 --energy-measurement --eff-output=wall-ke --kbt1 --seed=9248",9248
2026-09-18 12:50:37,energy_transfer,edmd,13500,12000,0.0166666669,39.25,10,100,0.5,nan,0.100050721,0.100050721,1,39.25,1e+09,50;50,1,0.0416666667,1,1,0.00999999978,100,1000,nan,39.25,1,step,74.5700022,-0.200000003,step,3.93000007,0.200000003,nan,nan,0.200000003,nan,nan,5.59688584,6.36063714e-06,1.13646005e-06,0.999998864,5.59687947,7.86396015e-09,1.846239e-07,1.7675994e-07,3.15818377e-08,20,20.9166565,/Users/chrisharing/Desktop/CCS_complex_coupled_systems/Repo/HardDisks/hspist3/experiments_energy_transfer/level2_ramp_20260918/step_u0.20/tr_9249.csv,30.9333191,10.0166626,0,"./00ALLINONE_ramp --mode=edmd --experiment=energy_transfer --headless --quiet --edmd-acc=0 --seed-drift-order=drift-first --energy-transfer-summary=experiments_energy_transfer/level2_ramp_20260918/step_u0.20/summary.csv --energy-transfer-trace=experiments_energy_transfer/level2_ramp_20260918/step_u0.20/tr_9249.csv --particles=100 --particles-boxes=50,50 --particle-radius=0.5 --l0=39.25 --height=10 --num-walls=1 --wall-positions=39.25 --wall-mass-factors=1000000000 --piston-right-protocol-mode=step --velocity-right-piston-step=0.20 --max-right-piston-travel=3.93 --auto-piston-step --wall-hold-steps=12000 --steps=13500 --fixed-dt=0.4 --energy-measurement --eff-output=wall-ke --kbt1 --seed=9249",9249
2026-09-18 12:50:37,energy_transfer,edmd,13500,12000,0.0166666669,39.25,10,100,0.5,nan,0.100050721,0.100050721,1,39.25,1e+09,50;50,1,0.0416666667,1,1,0.00999999978,100,1000,nan,39.25,1,step,74.5700022,-0.200000003,step,3.93000007,0.200000003,nan,nan,0.200000003,nan,nan,9.65771457,8.20577861e-06,8.49660503e-07,0.99999915,9.65770636,1.05646819e-07,2.3101272e-07,1.25365901e-07,1.29809076e-08,20,20.9166565,/Users/chrisharing/Desktop/CCS_complex_coupled_systems/Repo/HardDisks/hspist3/experiments_energy_transfer/level2_ramp_20260918/step_u0.20/tr_9250.csv,23.9999847,3.08332825,0,"./00ALLINONE_ramp --mode=edmd --experiment=energy_transfer --headless --quiet --edmd-acc=0 --seed-drift-order=drift-first --energy-transfer-summary=experiments_energy_transfer/level2_ramp_20260918/step_u0.20/summary.csv --energy-transfer-trace=experiments_energy_transfer/level2_ramp_20260918/step_u0.20/tr_9250.csv --particles=100 --particles-boxes=50,50 --particle-radius=0.5 --l0=39.25 --height=10 --num-walls=1 --wall-positions=39.25 --wall-mass-factors=1000000000 --piston-right-protocol-mode=step --velocity-right-piston-step=0.20 --max-right-piston-travel=3.93 --auto-piston-step --wall-hold-steps=12000 --steps=13500 --fixed-dt=0.4 --energy-measurement --eff-output=wall-ke --kbt1 --seed=9250",9250
2026-09-18 12:50:37,energy_transfer,edmd,13500,12000,0.0166666669,39.25,10,100,0.5,nan,0.100050721,0.100050721,1,39.25,1e+09,50;50,1,0.0416666667,1,1,0.00999999978,100,1000,nan,39.25,1,step,74.5700022,-0.200000003,step,3.93000007,0.200000003,nan,nan,0.200000003,nan,nan,8.95151903,6.47043225e-06,7.22830643e-07,0.999999277,8.95151256,1.52129704e-08,3.18314903e-07,3.03101933e-07,3.38603908e-08,20,20.9166565,/Users/chrisharing/Desktop/CCS_complex_coupled_systems/Repo/HardDisks/hspist3/experiments_energy_transfer/level2_ramp_20260918/step_u0.20/tr_9253.csv,33.0499878,12.1333313,0,"./00ALLINONE_ramp --mode=edmd --experiment=energy_transfer --headless --quiet --edmd-acc=0 --seed-drift-order=drift-first --energy-transfer-summary=experiments_energy_transfer/level2_ramp_20260918/step_u0.20/summary.csv --energy-transfer-trace=experiments_energy_transfer/level2_ramp_20260918/step_u0.20/tr_9253.csv --particles=100 --particles-boxes=50,50 --particle-radius=0.5 --l0=39.25 --height=10 --num-walls=1 --wall-positions=39.25 --wall-mass-factors=1000000000 --piston-right-protocol-mode=step --velocity-right-piston-step=0.20 --max-right-piston-travel=3.93 --auto-piston-step --wall-hold-steps=12000 --steps=13500 --fixed-dt=0.4 --energy-measurement --eff-output=wall-ke --kbt1 --seed=9253",9253
2026-09-18 12:50:37,energy_transfer,edmd,13500,12000,0.0166666669,39.25,10,100,0.5,nan,0.100050721,0.100050721,1,39.25,1e+09,50;50,1,0.0416666667,1,1,0.00999999978,100,1000,nan,39.25,1,step,74.5700022,-0.200000003,step,3.93000007,0.200000003,nan,nan,0.200000003,nan,nan,8.89612774,1.07976648e-05,1.21374885e-06,0.999998786,8.89611694,1.44973455e-07,4.49326848e-07,3.04353392e-07,3.42118955e-08,20,20.9166565,/Users/chrisharing/Desktop/CCS_complex_coupled_systems/Repo/HardDisks/hspist3/experiments_energy_transfer/level2_ramp_20260918/step_u0.20/tr_9251.csv,40.8166656,19.9000092,1,"./00ALLINONE_ramp --mode=edmd --experiment=energy_transfer --headless --quiet --edmd-acc=0 --seed-drift-order=drift-first --energy-transfer-summary=experiments_energy_transfer/level2_ramp_20260918/step_u0.20/summary.csv --energy-transfer-trace=experiments_energy_transfer/level2_ramp_20260918/step_u0.20/tr_9251.csv --particles=100 --particles-boxes=50,50 --particle-radius=0.5 --l0=39.25 --height=10 --num-walls=1 --wall-positions=39.25 --wall-mass-factors=1000000000 --piston-right-protocol-mode=step --velocity-right-piston-step=0.20 --max-right-piston-travel=3.93 --auto-piston-step --wall-hold-steps=12000 --steps=13500 --fixed-dt=0.4 --energy-measurement --eff-output=wall-ke --kbt1 --seed=9251",9251
2026-09-18 12:50:37,energy_transfer,edmd,13500,12000,0.0166666669,39.25,10,100,0.5,nan,0.100050721,0.100050721,1,39.25,1e+09,50;50,1,0.0416666667,1,1,0.00999999978,100,1000,nan,39.25,1,step,74.5700022,-0.200000003,step,3.93000007,0.200000003,nan,nan,0.200000003,nan,nan,7.34885779,5.43993156e-06,7.40241777e-07,0.99999926,7.34885235,7.81676093e-08,1.72917922e-07,9.47503125e-08,1.28932026e-08,20,20.9166565,/Users/chrisharing/Desktop/CCS_complex_coupled_systems/Repo/HardDisks/hspist3/experiments_energy_transfer/level2_ramp_20260918/step_u0.20/tr_9252.csv,34.4833221,13.5666656,0,"./00ALLINONE_ramp --mode=edmd --experiment=energy_transfer --headless --quiet --edmd-acc=0 --seed-drift-order=drift-first --energy-transfer-summary=experiments_energy_transfer/level2_ramp_20260918/step_u0.20/summary.csv --energy-transfer-trace=experiments_energy_transfer/level2_ramp_20260918/step_u0.20/tr_9252.csv --particles=100 --particles-boxes=50,50 --particle-radius=0.5 --l0=39.25 --height=10 --num-walls=1 --wall-positions=39.25 --wall-mass-factors=1000000000 --piston-right-protocol-mode=step --velocity-right-piston-step=0.20 --max-right-piston-travel=3.93 --auto-piston-step --wall-hold-steps=12000 --steps=13500 --fixed-dt=0.4 --energy-measurement --eff-output=wall-ke --kbt1 --seed=9252",9252
2026-09-18 12:50:37,energy_transfer,edmd,13500,12000,0.0166666669,39.25,10,100,0.5,nan,0.100050721,0.100050721,1,39.25,1e+09,50;50,1,0.0416666667,1,1,0.00999999978,100,1000,nan,39.25,1,step,74.5700022,-0.200000003,step,3.93000007,0.200000003,nan,nan,0.200000003,nan,nan,8.14684491,5.53785958e-06,6.79755125e-07,0.99999932,8.14683937,4.81605582e-08,1.77789531e-07,1.29628972e-07,1.59115552e-08,20,20.9166565,/Users/chrisharing/Desktop/CCS_complex_coupled_systems/Repo/HardDisks/hspist3/experiments_energy_transfer/level2_ramp_20260918/step_u0.20/tr_9254.csv,28.7333221,7.81666565,0,"./00ALLINONE_ramp --mode=edmd --experiment=energy_transfer --headless --quiet --edmd-acc=0 --seed-drift-order=drift-first --energy-transfer-summary=experiments_energy_transfer/level2_ramp_20260918/step_u0.20/summary.csv --energy-transfer-trace=experiments_energy_transfer/level2_ramp_20260918/step_u0.20/tr_9254.csv --particles=100 --particles-boxes=50,50 --particle-radius=0.5 --l0=39.25 --height=10 --num-walls=1 --wall-positions=39.25 --wall-mass-factors=1000000000 --piston-right-protocol-mode=step --velocity-right-piston-step=0.20 --max-right-piston-travel=3.93 --auto-piston-step --wall-hold-steps=12000 --steps=13500 --fixed-dt=0.4 --energy-measurement --eff-output=wall-ke --kbt1 --seed=9254",9254
2026-09-18 12:50:37,energy_transfer,edmd,13500,12000,0.0166666669,39.25,10,100,0.5,nan,0.100050721,0.100050721,1,39.25,1e+09,50;50,1,0.0416666667,1,1,0.00999999978,100,1000,nan,39.25,1,step,74.5700022,-0.200000003,step,3.93000007,0.200000003,nan,nan,0.200000003,nan,nan,8.82181158,7.62021e-06,8.63791969e-07,0.999999136,8.82180396,2.73431411e-09,5.52546055e-07,5.49811741e-07,6.2324131e-08,20,20.9166565,/Users/chrisharing/Desktop/CCS_complex_coupled_systems/Repo/HardDisks/hspist3/experiments_energy_transfer/level2_ramp_20260918/step_u0.20/tr_9255.csv,40.4666595,19.5500031,1,"./00ALLINONE_ramp --mode=edmd --experiment=energy_transfer --headless --quiet --edmd-acc=0 --seed-drift-order=drift-first --energy-transfer-summary=experiments_energy_transfer/level2_ramp_20260918/step_u0.20/summary.csv --energy-transfer-trace=experiments_energy_transfer/level2_ramp_20260918/step_u0.20/tr_9255.csv --particles=100 --particles-boxes=50,50 --particle-radius=0.5 --l0=39.25 --height=10 --num-walls=1 --wall-positions=39.25 --wall-mass-factors=1000000000 --piston-right-protocol-mode=step --velocity-right-piston-step=0.20 --max-right-piston-travel=3.93 --auto-piston-step --wall-hold-steps=12000 --steps=13500 --fixed-dt=0.4 --energy-measurement --eff-output=wall-ke --kbt1 --seed=9255",9255
2026-09-18 12:50:37,energy_transfer,edmd,13500,12000,0.0166666669,39.25,10,100,0.5,nan,0.100050721,0.100050721,1,39.25,1e+09,50;50,1,0.0416666667,1,1,0.00999999978,100,1000,nan,39.25,1,step,74.5700022,-0.200000003,step,3.93000007,0.200000003,nan,nan,0.200000003,nan,nan,8.64209775,9.70024576e-06,1.12244111e-06,0.999998878,8.64208805,1.85884849e-10,3.80262605e-07,3.80076721e-07,4.39796831e-08,20,20.9166565,/Users/chrisharing/Desktop/CCS_complex_coupled_systems/Repo/HardDisks/hspist3/experiments_energy_transfer/level2_ramp_20260918/step_u0.20/tr_9256.csv,32.3499908,11.4333344,0,"./00ALLINONE_ramp --mode=edmd --experiment=energy_transfer --headless --quiet --edmd-acc=0 --seed-drift-order=drift-first --energy-transfer-summary=experiments_energy_transfer/level2_ramp_20260918/step_u0.20/summary.csv --energy-transfer-trace=experiments_energy_transfer/level2_ramp_20260918/step_u0.20/tr_9256.csv --particles=100 --particles-boxes=50,50 --particle-radius=0.5 --l0=39.25 --height=10 --num-walls=1 --wall-positions=39.25 --wall-mass-factors=1000000000 --piston-right-protocol-mode=step --velocity-right-piston-step=0.20 --max-right-piston-travel=3.93 --auto-piston-step --wall-hold-steps=12000 --steps=13500 --fixed-dt=0.4 --energy-measurement --eff-output=wall-ke --kbt1 --seed=9256",9256
2026-09-18 12:50:37,energy_transfer,edmd,13500,12000,0.0166666669,39.25,10,100,0.5,nan,0.100050721,0.100050721,1,39.25,1e+09,50;50,1,0.0416666667,1,1,0.00999999978,100,1000,nan,39.25,1,step,74.5700022,-0.200000003,step,3.93000007,0.200000003,nan,nan,0.200000003,nan,nan,9.32198256,9.42668794e-06,1.01123209e-06,0.999998989,9.32197314,1.79002247e-11,1.88426469e-07,1.88408569e-07,2.02112123e-08,20,20.9166565,/Users/chrisharing/Desktop/CCS_complex_coupled_systems/Repo/HardDisks/hspist3/experiments_energy_transfer/level2_ramp_20260918/step_u0.20/tr_9259.csv,28.8166656,7.90000916,0,"./00ALLINONE_ramp --mode=edmd --experiment=energy_transfer --headless --quiet --edmd-acc=0 --seed-drift-order=drift-first --energy-transfer-summary=experiments_energy_transfer/level2_ramp_20260918/step_u0.20/summary.csv --energy-transfer-trace=experiments_energy_transfer/level2_ramp_20260918/step_u0.20/tr_9259.csv --particles=100 --particles-boxes=50,50 --particle-radius=0.5 --l0=39.25 --height=10 --num-walls=1 --wall-positions=39.25 --wall-mass-factors=1000000000 --piston-right-protocol-mode=step --velocity-right-piston-step=0.20 --max-right-piston-travel=3.93 --auto-piston-step --wall-hold-steps=12000 --steps=13500 --fixed-dt=0.4 --energy-measurement --eff-output=wall-ke --kbt1 --seed=9259",9259
2026-09-18 12:50:37,energy_transfer,edmd,13500,12000,0.0166666669,39.25,10,100,0.5,nan,0.100050721,0.100050721,1,39.25,1e+09,50;50,1,0.0416666667,1,1,0.00999999978,100,1000,nan,39.25,1,step,74.5700022,-0.200000003,step,3.93000007,0.200000003,nan,nan,0.200000003,nan,nan,11.3936954,1.25721826e-05,1.10343328e-06,0.999998897,11.3936828,2.94881232e-07,3.22684286e-07,2.78030541e-08,2.44021393e-09,20,20.9166565,/Users/chrisharing/Desktop/CCS_complex_coupled_systems/Repo/HardDisks/hspist3/experiments_energy_transfer/level2_ramp_20260918/step_u0.20/tr_9257.csv,23.1499939,2.2333374,0,"./00ALLINONE_ramp --mode=edmd --experiment=energy_transfer --headless --quiet --edmd-acc=0 --seed-drift-order=drift-first --energy-transfer-summary=experiments_energy_transfer/level2_ramp_20260918/step_u0.20/summary.csv --energy-transfer-trace=experiments_energy_transfer/level2_ramp_20260918/step_u0.20/tr_9257.csv --particles=100 --particles-boxes=50,50 --particle-radius=0.5 --l0=39.25 --height=10 --num-walls=1 --wall-positions=39.25 --wall-mass-factors=1000000000 --piston-right-protocol-mode=step --velocity-right-piston-step=0.20 --max-right-piston-travel=3.93 --auto-piston-step --wall-hold-steps=12000 --steps=13500 --fixed-dt=0.4 --energy-measurement --eff-output=wall-ke --kbt1 --seed=9257",9257
2026-09-18 12:50:37,energy_transfer,edmd,13500,12000,0.0166666669,39.25,10,100,0.5,nan,0.100050721,0.100050721,1,39.25,1e+09,50;50,1,0.0416666667,1,1,0.00999999978,100,1000,nan,39.25,1,step,74.5700022,-0.200000003,step,3.93000007,0.200000003,nan,nan,0.200000003,nan,nan,5.68711078,8.80861626e-06,1.54887369e-06,0.999998451,5.68710197,3.05451522e-08,3.51286445e-07,3.20741293e-07,5.63979331e-08,20,20.9166565,/Users/chrisharing/Desktop/CCS_complex_coupled_systems/Repo/HardDisks/hspist3/experiments_energy_transfer/level2_ramp_20260918/step_u0.20/tr_9258.csv,37.7999878,16.8833313,0,"./00ALLINONE_ramp --mode=edmd --experiment=energy_transfer --headless --quiet --edmd-acc=0 --seed-drift-order=drift-first --energy-transfer-summary=experiments_energy_transfer/level2_ramp_20260918/step_u0.20/summary.csv --energy-transfer-trace=experiments_energy_transfer/level2_ramp_20260918/step_u0.20/tr_9258.csv --particles=100 --particles-boxes=50,50 --particle-radius=0.5 --l0=39.25 --height=10 --num-walls=1 --wall-positions=39.25 --wall-mass-factors=1000000000 --piston-right-protocol-mode=step --velocity-right-piston-step=0.20 --max-right-piston-travel=3.93 --auto-piston-step --wall-hold-steps=12000 --steps=13500 --fixed-dt=0.4 --energy-measurement --eff-output=wall-ke --kbt1 --seed=9258",9258
