u,seed,t_stop,Px_stop,KE_stop,KE_left_stop,KE_right_stop,W_stop,Px_end,KE_end
0.005,9200,836.000044,18.6265446252,107.4192520068,50.00006788741,57.41918411934,7.419271858,3.804747356044,107.4192264482
0.005,9201,836.000044,-15.64504686855,107.4517399192,50.0000782277,57.45166169145,7.45175485,15.9049086513,107.4517210976
0.005,9202,836.000044,-6.977041774093,107.6053750632,50.00011246989,57.60526259334,7.605399624,6.206637122721,107.605354851
0.005,9203,836.000044,5.751879431401,107.4547874622,50.00007616975,57.45471129243,7.45480633,-1.058576266833,107.4547719287
0.005,9204,836.000044,-8.409771208839,107.3546123087,50.00007599788,57.35453631085,7.354627627,-4.03374587732,107.3545917453
0.005,9205,836.000044,-10.86947155967,107.5789158387,50.00008463196,57.57883120676,7.57893594,8.513934272753,107.5788936997
0.005,9206,836.000044,-5.720093412033,107.3874571083,50.00005780569,57.38739930261,7.387472328,-1.164101980438,107.3874392995
0.005,9207,836.000044,-5.570838068219,107.4131176943,50.00008616619,57.41303152815,7.413135994,0.0001172423955192,107.4130999321
0.005,9208,836.000044,-19.45515396592,107.3851997921,50.0000822544,57.38511753773,7.38521476,7.46617697044,107.3851785716
0.005,9209,836.000044,-14.92098709501,107.5511598428,50.0000908784,57.55106896438,7.551179035,-2.383801818444,107.5511373105
0.005,9210,836.000044,-4.11622677089,107.4492859116,50.0000668481,57.44921906348,7.449301553,-4.486897278045,107.4492663298
0.005,9211,836.000044,13.77040973002,107.3700790716,50.00007585249,57.37000321912,7.370096371,1.397137071498,107.3700573422
0.005,9212,836.000044,-0.6946361095591,107.5280496384,50.00008880238,57.52796083602,7.528070095,-4.732769974945,107.528025824
0.005,9213,836.000044,-16.68201270069,107.5238045702,50.000090108,57.5237144622,7.523822707,-16.25494172741,107.5237799782
0.005,9214,836.000044,8.427590904632,107.43700695,50.00009454798,57.43691240202,7.437028553,15.1879551093,107.4369795228
0.005,9215,836.000044,-6.471937786273,107.5016428601,50.00005607367,57.50158678645,7.501658681,-5.484890473507,107.5016250992
0.005,9216,836.000044,-0.6199066674513,107.5945037347,50.00007974541,57.59442398924,7.59452513,15.64962486633,107.5944818921
0.005,9217,836.000044,2.634012644295,107.573191541,50.00009389256,57.57309764847,7.573215681,2.877740137688,107.5731742553
0.005,9218,836.000044,14.0725931183,107.4404047197,50.00008962853,57.4403150912,7.440422117,3.741882770482,107.4403930544
0.005,9219,836.000044,4.706560771565,107.4819909809,50.00006865825,57.48192232263,7.482007512,9.734634675909,107.4819701873
0.005,9220,836.000044,-5.572237613192,107.4151847961,50.00007152323,57.41511327285,7.415198229,-7.996975653932,107.4151636959
0.005,9221,836.000044,6.582742509351,107.5817167855,50.00009101093,57.58162577456,7.581741709,-4.524605510085,107.5816966498
0.005,9222,836.000044,-23.79032923809,107.5594531112,50.00008901228,57.55936409892,7.559473056,-9.099629234901,107.5594264516
0.005,9223,836.000044,5.163649172136,107.3504125595,50.00003991129,57.35037264819,7.350424459,-3.706433662351,107.3503964948
0.005,9224,836.000044,18.70303038474,107.4371870816,50.0000880611,57.43709902047,7.43721026,-14.25407015818,107.4371687685
0.005,9225,836.000044,-2.569537082406,107.473229031,50.00008125598,57.47314777503,7.473252178,-14.57205134816,107.4732091239
0.005,9226,836.000044,8.249296125471,107.3462205573,50.00006850512,57.34615205215,7.346236009,-15.97907215338,107.346203193
0.005,9227,836.000044,-12.63628458377,107.5627489582,50.00008520319,57.56266375502,7.562764494,2.586670461077,107.5627310188
0.005,9228,836.000044,-20.78383394227,107.5176676902,50.00007581139,57.51759187886,7.517684178,-0.2057102505515,107.5176457595
0.005,9229,836.000044,12.6681980427,107.4669986051,50.00006716759,57.46693143748,7.467016916,-19.48967833539,107.4669831576
0.005,9230,836.000044,-5.143162864144,107.5147447434,50.00008236752,57.51466237586,7.514764194,7.717018614595,107.5147240776
0.005,9231,836.000044,4.970713653732,107.6497912686,50.00011419276,57.6496770758,7.649817324,-1.132081116242,107.6497682078
0.005,9232,836.000044,-6.605143129981,107.4334155272,50.00008146727,57.43333405991,7.433430977,-3.124974319929,107.4333955594
0.005,9233,836.000044,4.038676980857,107.4432314544,50.0000607668,57.44317068758,7.443246557,-4.244625257719,107.4432102074
0.005,9234,836.000044,18.39915673377,107.4550455994,50.0000976223,57.45494797714,7.455071704,7.077787220126,107.4550223831
0.005,9235,836.000044,3.443245583252,107.3846604911,50.00006917375,57.38459131738,7.384673396,20.13772046096,107.3846408595
0.005,9236,836.000044,-14.01369401208,107.4710114076,50.00006953265,57.47094187497,7.471028102,-12.02439354505,107.4709924481
0.005,9237,836.000044,-17.4278086025,107.4498041601,50.00008155274,57.44972260732,7.449820031,16.72579348905,107.4497809796
0.005,9238,836.000044,-4.306505718071,107.5850712784,50.00010635045,57.58496492798,7.585095149,5.714648534795,107.5850480588
0.005,9239,836.000044,-10.14522576126,107.6620241741,50.00012763453,57.66189653953,7.662049279,-10.30895736442,107.6619984068
0.005,9240,836.000044,11.62406453439,107.5999224201,50.00010137871,57.59982104137,7.599945489,-15.03380220925,107.5999015598
0.005,9241,836.000044,-17.87220740727,107.38982248,50.00008489708,57.38973758288,7.389837559,-8.407866947121,107.3898016651
0.005,9242,836.000044,17.37767474945,107.5856860291,50.00009923488,57.58558679421,7.585710966,-9.985640878552,107.5856644385
0.005,9243,836.000044,12.00218957415,107.4898914136,50.00007785975,57.48981355388,7.489913954,-3.27595514488,107.4898687776
0.005,9244,836.000044,-12.78704356553,107.4465612897,50.00006846656,57.4464928231,7.446575978,-12.90226701447,107.4465450618
0.005,9245,836.000044,14.7337989417,107.4573869525,50.00007736711,57.45730958541,7.457405523,-26.21316961135,107.4573720906
0.005,9246,836.000044,-3.362411140547,107.4593460044,50.00008004081,57.45926596358,7.459361442,14.80343087801,107.459324752
0.005,9247,836.000044,0.5439155977942,107.5733099901,50.00007800929,57.57323198083,7.57333283,-4.79323271494,107.5732857633
0.005,9248,836.000044,-9.014721350012,107.6094773029,50.00009852397,57.60937877889,7.609502256,10.77181913666,107.609442343
0.005,9249,836.000044,-5.128163942051,107.3361481423,50.0000568324,57.33609130991,7.336159617,-5.09632252758,107.3361296311
0.005,9250,836.000044,0.8861342681681,107.4338425737,50.00005704711,57.43378552657,7.433858441,5.724709367645,107.4338223572
0.005,9251,836.000044,12.17550886,107.3769423845,50.00006575092,57.37687663362,7.376958254,-8.373716980081,107.3769285924
0.005,9252,836.000044,12.92129429868,107.325744569,50.00006552535,57.32567904369,7.325761057,6.964161067391,107.3257265434
0.005,9253,836.000044,-23.3042504346,107.4060576113,50.00005162403,57.40600598722,7.406067315,-11.6703983667,107.4060401278
0.005,9254,836.000044,4.66058376861,107.4909925433,50.00007854734,57.49091399595,7.491009289,7.856462626097,107.4909685497
0.005,9255,836.000044,7.390057836915,107.4327210971,50.0000555539,57.43266554316,7.432737724,13.79384704044,107.4327000876
0.005,9256,836.000044,-6.928714199561,107.5376155432,50.00007175911,57.53754378413,7.537631445,-1.707097079072,107.537595181
0.005,9257,836.000044,-5.112120710241,107.6332883864,50.00009776607,57.63319062035,7.633310688,-3.898562437129,107.6332623884
0.005,9258,836.000044,-1.347031527304,107.3356915129,50.00009181687,57.33559969599,7.33570937,-13.43686831169,107.3356723471
0.005,9259,836.000044,1.746690452234,107.4637179796,50.00006994025,57.46364803934,7.463734715,-2.23699458011,107.4637006187
0.005,9260,836.000044,-8.532948135905,107.5105715662,50.00007157625,57.51049999,7.510587072,-2.901903698737,107.5105518296
0.005,9261,836.000044,4.517491183167,107.4558468021,50.00006590478,57.45578089731,7.455865823,-9.476908328896,107.4558278471
0.005,9262,836.000044,5.073563643814,107.6266187346,50.00012219212,57.62649654253,7.626647481,-10.96290108267,107.6266007991
0.005,9263,836.000044,3.293697588623,107.3274169195,50.00004510638,57.32737181309,7.327430954,-7.606690734914,107.3273999317
0.005,9264,836.000044,-21.41618012466,107.4360643217,50.00004827055,57.43601605116,7.436074071,13.9189409355,107.4360467943
0.005,9265,836.000044,-21.20518677032,107.57519005,50.00012184837,57.5750682016,7.575213887,5.518456279844,107.5751651048
0.005,9266,836.000044,14.65232849143,107.4862331757,50.00008351153,57.48614966418,7.486259364,0.01371604420964,107.4862128701
0.005,9267,836.000044,11.28886859832,107.4279422147,50.0000870555,57.42785515922,7.427965407,-22.85591413772,107.4279269789
0.005,9268,836.000044,-7.144581141404,107.4573738255,50.00009001409,57.45728381138,7.457394305,0.2686418376457,107.4573508316
0.005,9269,836.000044,-3.441686383235,107.482565011,50.00007015347,57.48249485757,7.482585915,8.55624518324,107.4825410942
0.005,9270,836.000044,-6.172099912741,107.4654717709,50.00008259505,57.46538917583,7.465487218,-11.40794130461,107.4654536091
0.005,9271,836.000044,1.951415338175,107.4228230497,50.00006183965,57.42276121004,7.422842122,-3.520565229442,107.4227999484
0.005,9272,836.000044,-5.89799868146,107.5735914798,50.00007266036,57.57351881948,7.57361205,-9.466767081198,107.5735663615
0.005,9273,836.000044,-2.287604250326,107.4514095822,50.00010212815,57.4513074541,7.45142903,-0.6222349298888,107.4513872897
0.005,9274,836.000044,-5.921762621598,107.5009150977,50.00008469279,57.5008304049,7.500932721,18.2804712641,107.5008932575
0.005,9275,836.000044,2.101198327268,107.4648592601,50.0000613288,57.46479793132,7.464877207,3.470012946235,107.4648382246
0.005,9276,836.000044,12.161283651,107.5593390549,50.00010702835,57.55923202655,7.559364387,1.908797220943,107.5593192129
0.005,9277,836.000044,-19.42707607337,107.5854584242,50.00007121314,57.5853872111,7.585479625,4.892768509397,107.585435096
0.005,9278,836.000044,3.750955528203,107.4450147665,50.00009875274,57.44491601373,7.445035737,-12.88776085061,107.444993314
0.005,9279,836.000044,5.207044313536,107.3607437228,50.00007939072,57.36066433208,7.36075948,-2.388795545017,107.3607267595
0.005,9280,836.000044,-1.610095654336,107.5027894596,50.00005040615,57.5027390535,7.502802234,-2.75332915627,107.5027648074
0.005,9281,836.000044,-8.139413961225,107.5297215794,50.00008740076,57.52963417862,7.529741046,5.675081984485,107.5297014168
0.005,9282,836.000044,-3.744812414319,107.446075759,50.00007102407,57.44600473496,7.446092904,-0.6941256507305,107.4460553509
0.005,9283,836.000044,-3.257708792318,107.381792375,50.00009078826,57.38170158676,7.381809959,-14.88114941531,107.3817755402
0.005,9284,836.000044,-7.674902414567,107.5539058304,50.00009834314,57.55380748726,7.553924305,-8.117837031906,107.5538884151
0.005,9285,836.000044,-3.363684283579,107.3822673488,50.00005604835,57.38221130042,7.382281015,-9.251767181361,107.3822472222
0.005,9286,836.000044,-7.324415479749,107.4324344189,50.0000968229,57.43233759601,7.432456196,-15.92697210197,107.4324111227
0.005,9287,836.000044,-3.759820628205,107.3724268321,50.00006730607,57.372359526,7.372441309,4.213098935408,107.3724079508
0.005,9288,836.000044,9.592192451063,107.4865095708,50.0000863386,57.48642323215,7.486530504,-28.6458120236,107.4864973412
0.005,9289,836.000044,7.333406892719,107.490055311,50.00007976367,57.48997554736,7.490076841,16.29477134707,107.4900294965
0.01,9200,418.000022,5.429967536668,107.5594148718,50.00003345014,57.55938142165,7.559424066,-1.444211354206,107.5593998951
0.01,9201,418.000022,-11.10284950578,107.7206932719,50.00002111875,57.72067215313,7.720698335,12.25010834838,107.7206745912
0.01,9202,418.000022,-15.67174031176,107.3695031892,50.00002111614,57.36948207303,7.369506959,-7.855819492768,107.3694901494
0.01,9203,418.000022,0.6215433015668,107.4279066825,50.00002249103,57.42788419148,7.427910677,7.038465829198,107.427895046
0.01,9204,418.000022,-7.676244457882,107.5983937315,50.00002971637,57.59836401509,7.598399488,-0.4349799262614,107.5983773986
0.01,9205,418.000022,9.926682699386,107.5989022588,50.00001872183,57.59888353701,7.598907495,-21.25483233549,107.5988913804
0.01,9206,418.000022,-1.446353248048,107.4193283822,50.00000891777,57.41931946442,7.419330958,-10.93442386084,107.4193164915
0.01,9207,418.000022,-10.57383553535,107.7912787795,50.00003553075,57.79124324875,7.79128735,8.571316737708,107.7912586794
0.01,9208,418.000022,9.932798247451,107.429998508,50.00001769717,57.42998081085,7.430002618,-12.4269806834,107.4299838791
0.01,9209,418.000022,-3.427875215511,107.4722466214,50.00002273377,57.4722238876,7.472251481,-13.644242544,107.4722314181
0.01,9210,418.000022,-10.7987256762,107.366173717,50.00001969155,57.36615402549,7.366177394,4.241277269486,107.3661591511
0.01,9211,418.000022,-2.334960322003,107.5346750658,50.00001631585,57.53465874992,7.534678535,7.538921386497,107.534664758
0.01,9212,418.000022,4.221988117056,107.5883903314,50.00001613738,57.58837419403,7.588395558,0.8239056692352,107.5883766942
0.01,9213,418.000022,4.922983533039,107.5813081022,50.00002144855,57.58128665369,7.581314191,1.831920559098,107.5812941934
0.01,9214,418.000022,26.40464598833,107.476278178,50.0000253246,57.47625285341,7.476285224,-6.436430640852,107.4762658791
0.01,9215,418.000022,-4.956202436758,107.4734617296,50.00001343947,57.47344829009,7.473466067,-5.80010689172,107.473445105
0.01,9216,418.000022,-18.12518916627,107.4479440785,50.00001621848,57.44792786005,7.447947589,-10.77796409923,107.447932386
0.01,9217,418.000022,-8.287667378426,107.4972538709,50.00002281244,57.49723105849,7.497258263,-1.397896737457,107.4972421003
0.01,9218,418.000022,-0.9130431211562,107.4209463742,50.00002098086,57.42092539334,7.420950338,6.632635237963,107.420931437
0.01,9219,418.000022,-15.40581639577,107.5757600558,50.00001936867,57.57574068708,7.57576474,-24.83613667388,107.575746892
0.01,9220,418.000022,-5.817915070964,107.4412999274,50.00001903847,57.44128088894,7.441303948,1.520834734446,107.4412871406
0.01,9221,418.000022,-5.388912979279,107.416466373,50.00001330638,57.41645306658,7.416470231,3.049951763018,107.4164533457
0.01,9222,418.000022,-13.5493354657,107.5522960257,50.00002862028,57.55226740546,7.552301165,-6.518703937143,107.5522831486
0.01,9223,418.000022,-2.617435613716,107.5428022898,50.00002220606,57.54278008369,7.542808072,7.24193470729,107.5427867256
0.01,9224,418.000022,1.318073737053,107.4916828512,50.00002688047,57.4916559707,7.491687501,-2.995759601694,107.4916698146
0.01,9225,418.000022,0.6610011475514,107.5507791121,50.00002830334,57.55075080881,7.550786146,-15.55492297646,107.5507666065
0.01,9226,418.000022,0.172905644593,107.4510603311,50.00002500323,57.45103532784,7.451065136,9.164839602684,107.4510477342
0.01,9227,418.000022,7.845571999689,107.5542711258,50.00002349416,57.55424763166,7.554277354,12.94264510926,107.5542533363
0.01,9228,418.000022,3.244875255478,107.5423137536,50.00002576788,57.54228798569,7.542319228,-10.1655162117,107.5423011978
0.01,9229,418.000022,-3.670513554086,107.3915565249,50.0000176786,57.39153884625,7.391560052,-4.313144199498,107.3915430519
0.01,9230,418.000022,-1.115769457119,107.3155175154,50.00002160489,57.31549591049,7.315522266,-9.235019842422,107.3155016286
0.01,9231,418.000022,-2.461051084185,107.3846070939,50.00002648191,57.384580612,7.384612689,6.813112269042,107.3845908591
0.01,9232,418.000022,-11.65516951485,107.5391948525,50.00002080025,57.5391740523,7.539198944,17.00838335306,107.5391813133
0.01,9233,418.000022,-4.589655894134,107.5388342386,50.00000534349,57.53882889512,7.538837256,-14.60586505936,107.5388262207
0.01,9234,418.000022,24.91912696428,107.4981965528,50.00003031557,57.49816623727,7.498204762,4.624903778274,107.4981830244
0.01,9235,418.000022,-0.5979158041956,107.4381885826,50.0000153382,57.43817324444,7.438192212,-16.33506235681,107.4381781793
0.01,9236,418.000022,-20.34719239942,107.5996794458,50.00002033986,57.59965910594,7.599683616,4.105043043746,107.5996636697
0.01,9237,418.000022,-5.564812089136,107.4466117026,50.00001257859,57.44659912406,7.446614767,8.550832820349,107.4465948157
0.01,9238,418.000022,1.582339540186,107.5569629437,50.00002095178,57.55694199194,7.556968357,-4.789527392342,107.5569485209
0.01,9239,418.000022,-1.207893953819,107.4249760268,50.00002407221,57.42495195459,7.42498056,-4.794049949113,107.4249630436
0.01,9240,418.000022,12.58847953781,107.5337615715,50.00001452884,57.53374704262,7.533766126,-0.8520036738449,107.533752995
0.01,9241,418.000022,-2.677838529014,107.6234772633,50.00002567019,57.62345159315,7.623482608,-4.4429102464,107.6234635734
0.01,9242,418.000022,0.250213554324,107.6017148354,50.000034374,57.60168046141,7.601722093,-12.53264487256,107.6017006622
0.01,9243,418.000022,5.328109908388,107.3665251107,50.00002066322,57.36650444744,7.366531227,-0.624215002182,107.3665113275
0.01,9244,418.000022,-2.567829159959,107.2437677817,50.00001399741,57.24375378432,7.243770474,14.93065638085,107.2437539799
0.01,9245,418.000022,-4.234263909303,107.6402048784,50.00002235604,57.64018252232,7.640211513,-10.5668943148,107.640189696
0.01,9246,418.000022,-2.262130157604,107.5576841064,50.00002045426,57.55766365214,7.55769056,0.9725103803653,107.5576689443
0.01,9247,418.000022,-3.135848641147,107.2135621806,50.00001328367,57.21354889695,7.213565066,2.306099231206,107.2135505796
0.01,9248,418.000022,-2.067484039556,107.5263649523,50.00001845248,57.52634649982,7.526368573,11.18377776009,107.5263519969
0.01,9249,418.000022,13.55782933603,107.4039599828,50.00001587464,57.40394410818,7.403964515,-13.48044565295,107.4039472749
0.01,9250,418.000022,6.373145261321,107.2699222697,50.00000399586,57.26991827385,7.269924023,-12.68126571633,107.2699153014
0.01,9251,418.000022,7.553001653588,107.3282586629,50.00001699936,57.32824166353,7.328261304,4.501940904741,107.3282461832
0.01,9252,418.000022,1.497007576015,107.407471403,50.00002064606,57.40745075695,7.40747582,10.33853951877,107.4074577345
0.01,9253,418.000022,-2.10298330225,107.6374726377,50.00002100084,57.6374516369,7.637478577,-5.178827712912,107.6374606512
0.01,9254,418.000022,-5.821038000953,107.5525933147,50.00002281071,57.55257050397,7.552598403,15.0639459622,107.552576585
0.01,9255,418.000022,-16.49959141439,107.411190037,50.00001019068,57.41117984632,7.411192247,-9.50147217895,107.4111794107
0.01,9256,418.000022,-1.310117743826,107.4206033245,50.00003193368,57.42057139086,7.420609405,17.95402264883,107.4205838202
0.01,9257,418.000022,10.04327984764,107.412959666,50.0000095937,57.41295007234,7.412963492,-7.447048593647,107.4129478781
0.01,9258,418.000022,-4.424469328128,107.4547455693,50.00002523837,57.45472033092,7.454749846,-18.05668950167,107.454734165
0.01,9259,418.000022,8.899088753644,107.3298924274,50.00000775808,57.32988466931,7.329894922,-0.02440460353048,107.3298835778
0.01,9260,418.000022,13.82214145306,107.2588533866,50.00000998848,57.25884339816,7.258856387,-12.67060236253,107.2588417689
0.01,9261,418.000022,2.877039188671,107.5477966712,50.00001100089,57.54778567035,7.547799978,5.403299175257,107.5477792509
0.01,9262,418.000022,-9.143893057278,107.5071962932,50.00002823899,57.50716805425,7.50720164,4.600203823295,107.5071816152
0.01,9263,418.000022,11.21733843715,107.5737081316,50.00001672151,57.57369141013,7.573712928,-7.14667247769,107.5736942475
0.01,9264,418.000022,3.771897353049,107.4904466478,50.00001030865,57.4904363391,7.49044977,3.548780840189,107.490436439
0.01,9265,418.000022,3.784224723788,107.5059820866,50.00003069967,57.50595138695,7.505989191,19.1203375812,107.5059643621
0.01,9266,418.000022,-27.65587188136,107.4594641024,50.00001590877,57.45944819364,7.459467071,1.581612136537,107.4594460663
0.01,9267,418.000022,1.881787439705,107.4979896981,50.00002684766,57.49796285046,7.497996215,-7.84023049675,107.4979745183
0.01,9268,418.000022,6.879628355151,107.5190633548,50.00002536917,57.51903798568,7.519068837,4.682494114078,107.5190508954
0.01,9269,418.000022,-12.38737604244,107.5067044107,50.00002194805,57.50668246269,7.506708119,1.977533448483,107.5066909774
0.01,9270,418.000022,-1.453890449191,107.493755098,50.00001695799,57.49373813997,7.49376068,-17.9063247169,107.4937417579
0.01,9271,418.000022,-1.063561753921,107.5098720449,50.00001819099,57.50985385395,7.509876009,4.243336155227,107.5098558044
0.01,9272,418.000022,2.45911563594,107.4909550412,50.00002282472,57.4909322165,7.490961628,-7.280065651908,107.4909381843
0.01,9273,418.000022,-9.236726069832,107.4336574932,50.00002549826,57.43363199495,7.433662604,-5.176734948948,107.4336388026
0.01,9274,418.000022,4.279395743036,107.5207919487,50.00002360524,57.52076834348,7.520799017,2.076464128151,107.5207749424
0.01,9275,418.000022,-3.356244644815,107.5180379125,50.00001343468,57.51802447778,7.51804073,-9.600067115588,107.5180264823
0.01,9276,418.000022,11.91137328275,107.6369971137,50.00002755211,57.63696956163,7.637003397,-2.11675544234,107.6369831411
0.01,9277,418.000022,7.066748568633,107.4448998618,50.00002169111,57.44487817072,7.444905629,-3.956825650553,107.4448874847
0.01,9278,418.000022,-7.374616708944,107.5505878602,50.00002433686,57.55056352332,7.550592596,3.544117842075,107.5505753674
0.01,9279,418.000022,16.16848634018,107.5773159433,50.00002941898,57.57728652428,7.577324316,4.305997452252,107.5773011977
0.01,9280,418.000022,-2.100098312575,107.3830282088,50.00001599937,57.38301220942,7.383031964,-19.55354363119,107.3830173324
0.01,9281,418.000022,13.38897853649,107.3841685131,50.00001008556,57.38415842759,7.384172367,6.585747338033,107.3841544472
0.01,9282,418.000022,-8.984256194444,107.4981890729,50.00001291313,57.49817615975,7.498192463,-9.071351200339,107.4981762969
0.01,9283,418.000022,-0.5074713551021,107.5951173773,50.00003541714,57.59508196016,7.595125618,3.989778904004,107.5951002833
0.01,9284,418.000022,-5.648367689456,107.373241476,50.00002586841,57.37321560756,7.373245322,-13.46201909921,107.3732285291
0.01,9285,418.000022,-2.911708356267,107.5897139004,50.00001259744,57.589701303,7.589719313,8.953249304333,107.5896970285
0.01,9286,418.000022,19.40289114612,107.5086425467,50.00002309347,57.50861945323,7.508648987,-7.910966146872,107.5086272037
0.01,9287,418.000022,-6.1070652652,107.4628941879,50.00001811249,57.46287607539,7.462898588,-12.24994926084,107.4628812864
0.01,9288,418.000022,-17.04942275364,107.6117919065,50.0000248888,57.61176701774,7.611796454,-10.67446403979,107.6117792475
0.01,9289,418.000022,6.02040643903,107.4869207096,50.00000657355,57.48691413604,7.486923729,7.20546215053,107.4869110957
0.02,9200,209.000011,1.986099866273,107.3259767634,50.00000356676,57.3259731966,7.325977329,-8.338847971595,107.3259693802
0.02,9201,209.000011,10.29076849435,107.4357438171,50.00000472147,57.43573909565,7.435745441,8.32752080405,107.4357347316
0.02,9202,209.000011,1.639834099533,107.2177034643,50.00000620156,57.21769726273,7.217704481,-15.7943623953,107.2176956604
0.02,9203,209.000011,-2.856062490465,107.6296337608,50.00000742475,57.62962633602,7.62963509,-1.339830122657,107.6296205539
0.02,9204,209.000011,16.03357348823,107.2524437061,50.00000711308,57.25243659298,7.252445024,-5.072277251354,107.252435334
0.02,9205,209.000011,7.088520575311,107.8354392451,50.00000136539,57.83543787974,7.835440308,-17.58688905698,107.8354308642
0.02,9206,209.000011,5.043785620358,107.7142259425,50.00000143328,57.71422450921,7.714227102,6.735448516983,107.7142133462
0.02,9207,209.000011,-0.2837206590617,107.530398192,50.00000951103,57.530388681,7.530400625,-7.932175982056,107.5303842539
0.02,9208,209.000011,5.243943002549,107.5166798965,50.00000729598,57.51667260047,7.516681516,-14.14907167668,107.5166657424
0.02,9209,209.000011,-10.71775612029,107.3105858473,50.00000585817,57.31057998914,7.310586779,4.620375536703,107.3105760405
0.02,9210,209.000011,-4.642016024671,107.2910349258,50.00000351745,57.29103140833,7.291035393,4.920323398718,107.2910251695
0.02,9211,209.000011,-12.43975993305,107.6300676279,50.00000786183,57.63005976611,7.630069651,-4.968801361838,107.630054937
0.02,9212,209.000011,-13.09447448145,107.3697025285,50.00000192142,57.36970060712,7.369703018,13.15529312415,107.3696929014
0.02,9213,209.000011,-17.40435814796,107.8773428337,50.00000738062,57.87733545306,7.877344511,6.947282917407,107.8773274325
0.02,9214,209.000011,13.05169512399,107.1696175895,50.00000394765,57.16961364182,7.169618479,-12.59791878706,107.169611032
0.02,9215,209.000011,-0.9606665001011,107.4940640792,50.00000187868,57.49406220054,7.494064843,8.97613722596,107.4940526052
0.02,9216,209.000011,-9.447649443746,107.6821681066,49.99999878932,57.6821693173,7.682168469,-14.47463263269,107.6821622895
0.02,9217,209.000011,3.972656161909,107.2110270825,50.00000341046,57.21102367207,7.211028037,-9.979991842568,107.2110203011
0.02,9218,209.000011,-12.11644511983,107.5093084304,50.00000598046,57.50930244999,7.509309585,-0.7832219810963,107.5092982652
0.02,9219,209.000011,1.006591563632,107.099833064,50.00000264999,57.09983041401,7.099833703,3.824496179168,107.0998229511
0.02,9220,209.000011,10.4139458025,107.3736217863,50.00000267596,57.37361911035,7.373622714,-12.50227122446,107.3736125654
0.02,9221,209.000011,-4.10646314929,107.516825492,50.00000492883,57.51682056317,7.5168268,6.009502588951,107.5168154764
0.02,9222,209.000011,13.7588802598,107.5034417373,50.00000966344,57.50343207382,7.503444808,-14.24461098412,107.5034330888
0.02,9223,209.000011,10.00954177227,107.3688187551,50.00000051946,57.36881823559,7.368819599,10.98743502039,107.368810091
0.02,9224,209.000011,-13.14006091303,107.3092145092,50.00000573519,57.30920877397,7.309215149,-1.948547152734,107.3092046414
0.02,9225,209.000011,16.48678604601,107.7310326346,50.00000811152,57.73102452309,7.731035143,-25.11432704598,107.7310242214
0.02,9226,209.000011,-0.5085994674922,107.6104899244,50.00000888619,57.61048103818,7.610492064,4.996740933763,107.610477932
0.02,9227,209.000011,-21.79294132407,107.8339975874,50.0000073045,57.83399028294,7.833998853,8.69845920243,107.8339866625
0.02,9228,209.000011,2.404938478597,107.482204737,50.00000611729,57.48219861976,7.482206048,4.2378162638,107.4821939485
0.02,9229,209.000011,-3.121991204982,107.1842729089,50.00000361875,57.18426929011,7.184273503,-2.658500567001,107.184265734
0.02,9230,209.000011,8.246108984014,107.5594449685,50.00000924236,57.55943572614,7.559447345,-3.069289031332,107.5594333919
0.02,9231,209.000011,-7.671902166139,107.238051976,50.0000055164,57.23804645964,7.238052683,-0.3773510646936,107.2380408973
0.02,9232,209.000011,-8.874511422057,107.4342414623,50.0000045965,57.43423686575,7.434242776,-1.518136378379,107.4342308608
0.02,9233,209.000011,4.124395353507,107.597654845,49.99999949046,57.59765535452,7.597655392,-19.07758828915,107.5976486449
0.02,9234,209.000011,-4.061295898396,107.2986835962,50.00000822338,57.29867537284,7.298685253,9.446042188485,107.2986740738
0.02,9235,209.000011,-4.887608364488,107.2905990389,50.00000599579,57.29059304307,7.290599848,4.195774458899,107.290588181
0.02,9236,209.000011,-17.35259603237,107.3834270351,50.00000011358,57.38342692154,7.383427305,1.17456739176,107.3834205343
0.02,9237,209.000011,-2.233947545215,107.4857599859,50.00000369853,57.48575628737,7.485761011,6.988745109911,107.4857497648
0.02,9238,209.000011,-17.91077780635,107.6183493004,50.0000056701,57.61834363029,7.618350711,3.580891769313,107.6183375146
0.02,9239,209.000011,-6.613028728775,107.2901420715,50.00000851157,57.29013355996,7.290143429,-12.44523468612,107.2901303362
0.02,9240,209.000011,-7.027737720463,107.3902333904,50.00000330929,57.39023008113,7.390234084,-24.99388324282,107.3902267149
0.02,9241,209.000011,5.930733845057,107.188311376,50.00000433087,57.18830704508,7.188312277,13.08890173724,107.1883025518
0.02,9242,209.000011,0.0898233118035,107.1853336272,50.00000675656,57.18532687063,7.185334573,-25.21946300803,107.1853274669
0.02,9243,209.000011,-3.432827327019,107.535981169,50.00000372582,57.53597744323,7.535982451,-14.11404528835,107.5359743368
0.02,9244,209.000011,4.283680138318,107.5248988814,50.00000099952,57.52489788192,7.524899603,1.036066686612,107.5248913435
0.02,9245,209.000011,3.689142299113,107.5671561961,50.00000530877,57.56715088732,7.567157478,-16.93063494402,107.5671442825
0.02,9246,209.000011,-16.59575073765,107.5244106719,50.00000641831,57.52440425354,7.524411517,6.979373546692,107.524400292
0.02,9247,209.000011,0.8753469919093,107.4677606982,50.00000076902,57.46775992916,7.467761455,11.93439038301,107.467750709
0.02,9248,209.000011,-18.6433252717,107.4990492145,50.00000542877,57.49904378577,7.499050188,2.201176942329,107.4990409863
0.02,9249,209.000011,-0.7122637016173,107.2601196957,50.00000420856,57.26011548712,7.260120981,17.81897097792,107.2601099845
0.03,9200,139.333341,9.822764484207,107.5575557108,50.00000350682,57.55755220394,7.557556717,5.238962491538,107.5575408199
0.03,9201,139.333341,-1.915434904168,107.9949983918,50.0000018116,57.99499658025,7.994998927,-1.823886850556,107.9949822395
0.03,9202,139.333341,-8.90469110583,107.7248938996,50.00000332034,57.72489057928,7.724894906,0.9849077374939,107.7248791126
0.03,9203,139.333341,-11.36286483237,107.358686608,50.00000216613,57.35868444186,7.358686707,-12.72808946927,107.3586746858
0.03,9204,139.333341,6.711256320314,107.5597865813,50.00000386193,57.5597827194,7.559787769,-11.84317413774,107.5597698725
0.03,9205,139.333341,6.181653535499,107.3539861284,50.00000131395,57.35398481447,7.35398657,7.267078896869,107.3539723606
0.03,9206,139.333341,1.766654728011,107.3858235569,49.99999808564,57.38582547123,7.385823691,-22.35195645073,107.3858172309
0.03,9207,139.333341,12.52050721075,107.2271312579,50.00000512219,57.22712613567,7.227132573,11.88286047811,107.2271130611
0.03,9208,139.333341,-8.278531459154,107.7311192239,50.00000337426,57.73111584966,7.731119651,-4.834219634306,107.7311040294
0.03,9209,139.333341,11.40543646007,107.2191018199,50.0000014793,57.21910034064,7.219102106,13.68973880593,107.2190855078
0.03,9210,139.333341,14.26563427705,107.0867121043,50.00000154512,57.08671055922,7.086712973,4.532911187038,107.0867013783
0.03,9211,139.333341,-11.9056288088,107.6038154397,50.00000376817,57.60381167153,7.603815936,9.313207895082,107.6038017453
0.03,9212,139.333341,0.1892772958472,107.0404232984,50.00000013358,57.04042316477,7.040423514,8.866224273496,107.0404126608
0.03,9213,139.333341,-7.745589052185,107.355772064,50.00000289115,57.35576917288,7.355772524,8.935946657892,107.3557540163
0.03,9214,139.333341,-4.065063904421,107.1628965017,50.0000036038,57.16289289787,7.162896896,15.22712287324,107.1628802092
0.03,9215,139.333341,12.29522470036,107.7767404249,50.00000067906,57.77673974588,7.776741332,2.876971612199,107.776727545
0.03,9216,139.333341,-0.3856069141196,108.02606156,49.99999917749,58.02606238253,8.026061729,-3.254098037809,108.0260485621
0.03,9217,139.333341,22.74673731329,107.0198640631,50.00000099937,57.01986306374,7.019864946,-16.74456885109,107.0198510673
0.03,9218,139.333341,-5.018117833479,107.1890885533,50.00000448696,57.18908406632,7.18908953,-7.311055599334,107.1890789385
0.03,9219,139.333341,1.034463859605,107.3299375606,50.00000191665,57.32993564396,7.329938223,-16.54407873319,107.3299243808
0.03,9220,139.333341,0.505048743178,107.3400875735,50.00000011286,57.34008746067,7.340087668,3.538361887407,107.3400776505
0.03,9221,139.333341,-7.42590736399,107.4895283805,50.00000233769,57.48952604281,7.48952874,-7.43315479557,107.4895117648
0.03,9222,139.333341,-14.82830447129,107.7190671673,50.00000404222,57.71906312508,7.71906785,-1.658687072313,107.7190506863
0.03,9223,139.333341,6.010272810177,107.7601052414,49.99999961022,57.76010563123,7.760106079,-7.77218186182,107.760093034
0.03,9224,139.333341,0.06189931542788,107.1079039824,50.00000188387,57.10790209856,7.107904144,-26.16943133092,107.1078951449
0.03,9225,139.333341,-2.236155881348,107.3162453797,50.00000423468,57.31624114505,7.316246063,27.80118545239,107.3162212673
0.03,9226,139.333341,1.724702308093,107.4798189528,50.0000028985,57.47981605435,7.479819814,-1.03995687441,107.4798045436
0.03,9227,139.333341,-10.21179802925,107.5403802101,50.00000322917,57.54037698093,7.540380732,-2.825722062117,107.5403669646
0.03,9228,139.333341,0.3380026894499,107.638717793,50.00000195755,57.63871583544,7.638718089,0.2035022438117,107.6387034079
0.03,9229,139.333341,5.067967337623,107.7651849603,50.00000335729,57.76518160298,7.765185724,-3.007477511617,107.7651714985
0.03,9230,139.333341,-4.406126664637,107.146535632,50.00000351583,57.14653211613,7.14653637,-0.01132637917043,107.1465226399
0.03,9231,139.333341,4.399406837974,107.5847978038,50.0000023929,57.5847954109,7.584798584,13.04980735248,107.5847818238
0.03,9232,139.333341,1.689703440443,106.8885586256,50.00000063209,56.88855799348,6.888558705,-8.176328336084,106.8885468094
0.03,9233,139.333341,2.154414076493,107.6409184494,50.00000012897,57.64091832047,7.640919029,-4.360723151346,107.640905661
0.03,9234,139.333341,-5.703026910692,107.7076660884,50.00000531806,57.70766077038,7.707667476,6.915357854122,107.7076457923
0.03,9235,139.333341,2.161033341746,107.0587078489,50.0000028861,57.05870496281,7.058708542,-1.373740614996,107.0586912762
0.03,9236,139.333341,3.486531861697,107.615792032,50.00000061263,57.61579141942,7.615792818,16.66207255065,107.6157773051
0.03,9237,139.333341,-17.01737375654,107.0707468837,50.00000204154,57.07074484218,7.070747066,6.155914950415,107.070735121
0.03,9238,139.333341,13.28248428195,107.21478104,50.00000212732,57.21477891268,7.214781905,-9.44133956544,107.2147702319
0.03,9239,139.333341,2.724500978162,107.107199312,50.00000433272,57.10719497927,7.107199766,-4.57224971588,107.1071870867
0.03,9240,139.333341,-6.175617799235,107.5304259293,49.99999972569,57.53042620365,7.530425994,-1.429193503426,107.5304145733
0.03,9241,139.333341,1.883101831852,107.5228304909,50.00000409697,57.52282639397,7.522831428,16.02750737772,107.5228155104
0.03,9242,139.333341,-7.05245845307,107.7412946768,50.00000591109,57.74128876574,7.741295558,-2.433345822131,107.7412823676
0.03,9243,139.333341,1.768269557661,107.5136125702,50.00000093383,57.51361163641,7.513612965,-19.69293191652,107.5135998585
0.03,9244,139.333341,-10.26340308491,107.3811046376,50.00000078533,57.38110385224,7.381104761,-5.802462894889,107.3810944747
0.03,9245,139.333341,2.19101482377,107.8356236415,50.00000313123,57.83562051025,7.835624579,18.05472373535,107.8356018155
0.03,9246,139.333341,5.7229337159,107.4976460847,50.00000222455,57.49764386013,7.497646648,-4.905037452292,107.4976318826
0.03,9247,139.333341,2.705130329524,107.6843840441,50.00000095751,57.68438308662,7.684384433,13.74357055232,107.6843689095
0.03,9248,139.333341,-5.904954062168,107.4553685548,50.00000273164,57.45536582313,7.455369099,-3.48909071522,107.4553528471
0.03,9249,139.333341,-5.045668464217,107.0887785342,50.00000114668,57.08877738747,7.088778705,3.783366225291,107.0887668224
0.03,9250,139.333341,5.754406124677,107.8253834021,50.00000042372,57.82538297837,7.82538377,-0.5328940015411,107.82537051
0.03,9251,139.333341,5.226840556023,107.2706087969,50.00000323984,57.27060555707,7.270609406,7.531604469007,107.2705976136
0.03,9252,139.333341,6.903176700697,107.4744339467,50.00000254202,57.47443140464,7.474434627,-9.79247760566,107.4744214165
0.03,9253,139.333341,10.18908035842,107.2306600056,50.00000211832,57.23065788724,7.230661161,8.279576121967,107.2306469789
0.03,9254,139.333341,-10.28752207727,108.2077991239,50.0000014895,58.20779763439,8.20779959,25.56800351797,108.2077761869
0.03,9255,139.333341,-15.95757208351,107.5667750535,50.00000103491,57.56677401859,7.566775235,4.606881309081,107.5667604772
0.03,9256,139.333341,4.053536812215,107.2582486677,50.00000171806,57.25824694965,7.258249159,-1.776937271927,107.2582329617
0.03,9257,139.333341,2.723209117508,107.5374354553,49.99999922579,57.53743622951,7.537435596,3.504555744498,107.5374235358
0.03,9258,139.333341,-26.27008146183,108.3269336646,50.00000570285,58.32692796173,8.326934522,-9.974636996815,108.3269155093
0.03,9259,139.333341,1.178711200126,107.1255448722,49.9999990227,57.12554584949,7.125544931,6.096595860373,107.125534534
0.03,9260,139.333341,13.30387767092,107.1896093986,50.0000010235,57.18960837513,7.189609925,7.809378333462,107.1895990606
0.03,9261,139.333341,7.816125221387,107.8086826583,49.99999983003,57.8086828283,7.808683206,9.62321454428,107.8086694301
0.03,9262,139.333341,4.740961473686,107.3650148092,50.00000264698,57.3650121622,7.365015402,2.368488900488,107.3649992679
0.03,9263,139.333341,5.302114830285,107.5740151682,49.99999970746,57.57401546071,7.574015373,-2.038969645241,107.5740037342
0.03,9264,139.333341,-4.41338340124,107.3052974794,49.99999915355,57.30529832588,7.305297514,14.89425664379,107.3052848036
0.03,9265,139.333341,3.407915830268,107.758838766,50.00000575249,57.75883301352,7.758840504,5.083129122179,107.7588180961
0.03,9266,139.333341,-6.266244049416,107.953763417,50.00000247919,57.95376093776,7.953764093,-2.37544234258,107.9537467472
0.03,9267,139.333341,-15.32200889646,107.824006741,50.00000509178,57.82400164924,7.824007675,-8.415975498318,107.8239928856
0.03,9268,139.333341,-18.96638258867,107.7497395694,50.00000227464,57.74973729471,7.749739774,9.50326201653,107.749726612
0.03,9269,139.333341,5.508507062778,107.2571772933,50.00000143231,57.25717586101,7.257177725,-5.606523410069,107.2571659058
0.03,9270,139.333341,0.1602681017696,107.6060122282,50.00000258728,57.60600964087,7.606012755,16.91087673852,107.6059978426
0.03,9271,139.333341,-11.16483703818,107.3797903127,50.00000047962,57.37978983313,7.37979054,13.16630958308,107.379778089
0.03,9272,139.333341,-6.876463841542,107.8455966844,50.00000103902,57.84559564536,7.845596936,-1.934796207428,107.8455820229
0.03,9273,139.333341,-2.085290273835,107.4765175233,50.00000275046,57.47651477283,7.47651816,-6.107227274031,107.4765060027
0.03,9274,139.333341,12.25644060059,106.8941195442,50.00000229009,56.89411725413,6.894120083,-10.39752376926,106.8941065673
0.03,9275,139.333341,7.913452056554,107.2557143456,50.00000068362,57.25571366195,7.255714691,15.03947380384,107.2557019577
0.03,9276,139.333341,8.511417493658,107.188093024,50.00000419743,57.1880888266,7.188094037,12.49614272916,107.1880778877
0.03,9277,139.333341,-1.526341508496,107.6261300488,50.00000089259,57.62612915622,7.626130294,4.297140096801,107.6261182643
0.03,9278,139.333341,15.02167518301,106.982367806,50.00000246389,56.98236534211,6.98236858,15.08386442682,106.9823541651
0.03,9279,139.333341,1.456991565774,107.7120989666,50.00000297365,57.71209599297,7.71210007,-14.80584934023,107.7120843803
0.03,9280,139.333341,11.59381402069,107.5954263925,50.0000012745,57.59542511797,7.595427133,-1.565827022596,107.5954114083
0.03,9281,139.333341,-6.874903731604,107.4155291459,50.00000102673,57.4155281192,7.415529447,26.48889918919,107.415512063
0.03,9282,139.333341,-8.361349266022,107.5151789912,50.000000467,57.51517852423,7.515179205,-12.1597284469,107.5151666537
0.03,9283,139.333341,-23.63903467283,107.7654921766,50.00000633838,57.76548583822,7.765492982,-13.64876403301,107.7654766741
0.03,9284,139.333341,8.606626579902,107.6615713038,50.00000471883,57.66156658493,7.661572849,7.863790161048,107.6615541361
0.03,9285,139.333341,-9.494175167821,107.4262651928,50.00000026019,57.42626493258,7.426265305,7.389503678834,107.4262544934
0.03,9286,139.333341,0.05730170976136,107.2471053618,50.00000172067,57.24710364108,7.247105984,5.087894351457,107.2470934891
0.03,9287,139.333341,2.801313486845,107.1499044858,49.99999870362,57.14990578216,7.149904665,-16.80635161609,107.1498921783
0.03,9288,139.333341,14.73732776645,107.5253745029,50.00000331752,57.52537118536,7.525375816,15.25041832713,107.5253588093
0.03,9289,139.333341,6.185679961172,107.4152284308,49.9999999438,57.41522848699,7.415228749,-12.29706836459,107.4152189753
0.03,9290,139.333341,-7.550270500952,107.0255561135,50.00000211816,57.02555399536,7.025556191,-1.774284699861,107.0255416834
0.03,9291,139.333341,-9.528798375909,107.6044406992,50.00000066098,57.60444003821,7.604440913,1.948232961773,107.6044272117
0.03,9292,139.333341,11.01216459131,106.9370411807,50.00000305711,56.93703812363,6.937041733,12.20145348615,106.937029381
0.03,9293,139.333341,-3.310359034121,107.7529609517,50.00000063108,57.7529603206,7.752961259,2.841650709576,107.7529487356
0.03,9294,139.333341,-12.9981369179,107.335947751,50.00000025867,57.33594749237,7.335947904,1.764854553609,107.3359326715
0.03,9295,139.333341,5.139663475199,107.9674529758,50.00000196719,57.9674510086,7.967453447,-10.28688597027,107.967437884
0.03,9296,139.333341,-10.47022299337,107.8340463181,50.00000318265,57.83404313549,7.834046667,11.23315163889,107.8340314535
0.03,9297,139.333341,-13.94989450197,107.0675950013,50.00000470437,57.06759029695,7.067595415,-24.99239865446,107.0675836886
0.03,9298,139.333341,-18.41285420846,107.5204018468,50.00000032728,57.5204015195,7.520401869,10.83690828304,107.5203860673
0.03,9299,139.333341,0.9229467457066,107.3031497655,50.00000281466,57.30314695083,7.303150269,-16.72468033697,107.3031386073
0.05,9200,83.600004,10.00337123861,106.6723026599,50.00000090931,56.67230175059,6.67230295,1.192590381345,106.6722973483
0.05,9201,83.600004,-8.04376357509,107.9377379407,50.00000098869,57.93773695205,7.937738033,-9.669586881792,107.9377289195
0.05,9202,83.600004,8.221726408378,107.1764165342,50.00000192397,57.17641461019,7.176416979,-5.806094858761,107.1764092266
0.05,9203,83.600004,18.66573221829,107.4957726697,50.00000144717,57.49577122251,7.495773578,-0.6596925451434,107.4957658904
0.05,9204,83.600004,-15.63765963629,107.3740326368,50.00000112565,57.3740315111,7.374032667,-11.47023515512,107.3740262403
0.05,9205,83.600004,8.428991688551,107.6058787713,50.00000029345,57.60587847781,7.605878854,0.7166029297881,107.6058716375
0.05,9206,83.600004,3.815557929305,108.0145951893,49.99999856878,58.01459662055,8.014595281,-12.92556195891,108.0145863976
0.05,9207,83.600004,11.21382982479,107.2101990655,50.00000237296,57.21019669251,7.210199802,6.510052289815,107.2101899531
0.05,9208,83.600004,-2.30895576852,107.5730197112,50.00000106249,57.57301864875,7.573019978,-12.24290933619,107.5730090155
0.05,9209,83.600004,-6.095534817152,107.8156176924,50.00000205301,57.81561563934,7.815618024,-10.55874171214,107.8156066881
0.05,9210,83.600004,0.1138014923639,107.3395790755,49.99999992969,57.33957914582,7.339579169,-1.979888256182,107.3395714954
0.05,9211,83.600004,-6.436088294399,107.6467410034,50.00000115092,57.6467398525,7.646741076,-7.624897011907,107.6467345422
0.05,9212,83.600004,-3.252535507478,106.9679126054,50.00000042182,56.96791218359,6.967912737,7.632733346461,106.9679050517
0.05,9213,83.600004,-3.400270516394,107.7304583254,50.00000201981,57.73045630564,7.730458761,7.075322607738,107.7304472916
0.05,9214,83.600004,0.6692773054913,106.9102312596,50.00000125502,56.91023000457,6.910231403,-10.58694402068,106.9102238235
0.05,9215,83.600004,4.023204795503,107.5090374721,50.00000008166,57.50903739042,7.509037524,-4.040711747611,107.5090279073
0.05,9216,83.600004,-7.164409152077,108.107712798,49.99999944944,58.10771334854,8.107712804,7.254744327072,108.1077048601
0.05,9217,83.600004,-10.17053875705,107.0698766646,50.00000033402,57.06987633062,7.069876752,-6.846015054391,107.0698708315
0.05,9218,83.600004,-17.23805882603,107.8441185453,50.00000260354,57.84411594172,7.844118977,-5.320445303583,107.844106593
0.05,9219,83.600004,-22.8479484493,107.3568371264,50.00000002823,57.35683709812,7.356837127,0.08624375437913,107.3568305737
0.05,9220,83.600004,1.273828136285,107.3421937124,50.00000128334,57.34219242908,7.342194038,3.282551467623,107.3421864831
0.05,9221,83.600004,1.646330657015,108.3932277328,50.00000123877,58.393226494,8.393228264,-17.84490562533,108.3932194306
0.05,9222,83.600004,3.560113709901,107.5561532013,50.00000194391,57.55615125736,7.556153951,7.166162134357,107.5561441989
0.05,9223,83.600004,3.093818415373,107.4136224079,49.99999934643,57.41362306152,7.413622482,-17.13041002435,107.4136169835
0.05,9224,83.600004,-12.39081205059,107.7079825367,50.00000142148,57.70798111518,7.707982729,-3.449807588547,107.7079758498
0.05,9225,83.600004,-10.59032170234,107.1015480829,50.00000146,57.10154662294,7.101548171,0.9994065534912,107.1015436071
0.05,9226,83.600004,22.98516616362,107.170246177,50.00000162068,57.17024455631,7.170246953,12.85084787162,107.1702363267
0.05,9227,83.600004,6.91549936893,107.5059184212,50.00000126669,57.50591715446,7.505918669,-4.503362297044,107.5059110314
0.05,9228,83.600004,3.962365597751,107.1907179525,50.00000136148,57.19071659106,7.190718291,3.282456256501,107.1907112147
0.05,9229,83.600004,-2.389984743997,108.0938253146,50.00000106552,58.09382424906,8.093825623,-3.037988501885,108.0938186743
0.05,9230,83.600004,-0.7659383520127,107.0741423306,50.00000200846,57.07414032218,7.074142596,0.1275786700559,107.0741332275
0.05,9231,83.600004,17.49527685726,107.9404416383,50.00000115526,57.940440483,7.94044235,23.20978039093,107.940432051
0.05,9232,83.600004,-4.313637529839,107.3767341433,50.00000121248,57.37673293082,7.376734426,0.2538785323182,107.3767269861
0.05,9233,83.600004,1.877365719987,107.0241705516,49.99999864676,57.02417190484,7.024170564,-9.391117228295,107.0241669173
0.05,9234,83.600004,-2.477646653078,107.3186564527,50.00000172196,57.31865473076,7.318656684,-7.562325298367,107.3186485186
0.05,9235,83.600004,-5.352795315779,107.4648177823,50.00000119636,57.46481658592,7.464817997,11.67820194136,107.4648088221
0.05,9236,83.600004,20.24112230474,106.9880122471,49.99999936511,56.98801288203,6.988012352,-18.06740894412,106.9880079671
0.05,9237,83.600004,-2.760880277832,107.3286890674,50.00000046283,57.32868860458,7.328689132,-0.1399660501005,107.3286821308
0.05,9238,83.600004,0.02443093076037,107.8462291104,50.00000130083,57.84622780961,7.846229579,16.94574207644,107.8462194809
0.05,9239,83.600004,-9.621528790897,107.6965985446,50.00000158775,57.69659695686,7.69659887,-12.04181150297,107.696591485
0.05,9240,83.600004,-7.10422406957,107.3757199733,49.99999967803,57.37572029531,7.375719995,4.724603532192,107.3757116614
0.05,9241,83.600004,-15.70308653333,107.8492876234,50.00000153495,57.84928608842,7.84928782,-0.08649476163262,107.8492802746
0.05,9242,83.600004,3.936654771631,108.1294481136,50.00000327585,58.12944483772,8.129449214,0.3814249252749,108.1294370851
0.05,9243,83.600004,0.4788448995648,107.290126921,50.00000071653,57.2901262045,7.290127153,8.984502681131,107.2901167872
0.05,9244,83.600004,4.857076109222,107.280532487,49.99999964716,57.28053283985,7.280532581,18.33647609347,107.2805240031
0.05,9245,83.600004,21.0916288652,106.9972641649,50.00000017142,56.99726399345,6.997264389,2.908520697111,106.9972564861
0.05,9246,83.600004,-5.35231961702,107.0260154223,50.00000095335,57.02601446893,7.026015498,6.82784558045,107.0260084425
0.05,9247,83.600004,-3.256513341736,107.7457232828,49.99999927668,57.74572400609,7.745723306,-2.793800908811,107.745715101
0.05,9248,83.600004,-13.89215816005,107.3746196895,50.00000069155,57.37461899794,7.374619736,-14.45993682999,107.3746114506
0.05,9249,83.600004,-1.746221955078,106.9420360844,50.00000081133,56.94203527308,6.942036218,10.0299482974,106.942028057
0.05,9250,83.600004,7.140632950369,107.5247159094,49.99999939689,57.52471651252,7.524715933,0.5446297695542,107.5247073023
0.05,9251,83.600004,-18.18965636787,107.9461818844,50.00000158267,57.9461803017,7.946182062,4.571601668052,107.9461720588
0.05,9252,83.600004,-13.48717463415,107.1047672722,50.00000059688,57.1047666753,7.104767281,3.44883605296,107.104761174
0.05,9253,83.600004,8.972410933717,107.5712759241,50.00000023827,57.57127568586,7.571276174,-18.67645736622,107.5712692181
0.05,9254,83.600004,-4.351857892987,107.751544441,50.00000093778,57.75154350322,7.751544679,9.235146170766,107.7515321221
0.05,9255,83.600004,5.014163590414,107.2413719228,49.99999966509,57.24137225769,7.24137206,-0.2793245000129,107.24136646
0.05,9256,83.600004,-0.7598937241917,107.6678913924,50.00000157315,57.66788981923,7.667891792,0.6364056019134,107.667881783
0.05,9257,83.600004,9.30560363271,107.7274435069,49.99999793176,57.72744557517,7.727443507,6.159223568182,107.7274380613
0.05,9258,83.600004,-6.711776682066,107.0229800135,50.0000012493,57.02297876423,7.022980249,0.307049163776,107.0229690017
0.05,9259,83.600004,1.56790774556,107.2587135591,49.99999916783,57.25871439132,7.258713569,8.921064026552,107.2587083652
0.05,9260,83.600004,-5.069811187487,107.3299728827,49.9999994524,57.32997343028,7.329972959,14.74339782208,107.3299653976
0.05,9261,83.600004,14.6661210105,107.5730191261,49.99999953716,57.57301958895,7.573019323,-2.898476837651,107.5730119773
0.05,9262,83.600004,23.89474907351,107.8356086367,50.00000156598,57.83560707075,7.835609745,-1.096908520774,107.8356005788
0.05,9263,83.600004,-12.71589549005,108.1344701974,50.00000010007,58.13447009732,8.134470284,8.066386045766,108.134462316
0.05,9264,83.600004,-29.81482909796,108.1632343447,49.99999906706,58.16323527769,8.163234415,10.89152609489,108.1632269459
0.05,9265,83.600004,-12.92028431609,107.2434417228,50.00000181237,57.24343991047,7.243442006,-14.88331043957,107.2434342087
0.05,9266,83.600004,-0.9266436922095,107.1771340462,50.0000004482,57.17713359804,7.177134136,9.458028125043,107.1771257944
0.05,9267,83.600004,6.36444926896,107.7323803368,50.00000159799,57.73237873879,7.732380843,-8.512588668335,107.7323716437
0.05,9268,83.600004,-8.498784114096,107.6581807512,50.00000072941,57.65818002183,7.658180842,7.566141402237,107.658172601
0.05,9269,83.600004,4.268758132122,107.505954181,50.00000042802,57.50595375297,7.505954392,-1.875382202989,107.5059472205
0.05,9270,83.600004,7.703734604252,107.1573776993,50.0000006961,57.15737700324,7.157377866,8.021899156603,107.1573707694
0.05,9271,83.600004,-1.345157829791,106.9999621586,49.99999991718,56.99996224138,6.999962165,2.977009437223,106.9999543959
0.05,9272,83.600004,0.6363965233044,107.9870954264,49.99999968547,57.98709574093,7.987095556,6.799403199325,107.9870893769
0.05,9273,83.600004,3.320859677884,107.3345658466,50.00000117532,57.33456467126,7.334566084,-10.22181071398,107.3345575977
0.05,9274,83.600004,9.38095637839,107.4120850837,50.00000103523,57.41208404851,7.412085282,10.63309096999,107.4120776166
0.05,9275,83.600004,1.535281768055,107.4147189191,50.0000002972,57.41471862186,7.414719044,3.745741389925,107.4147107584
0.05,9276,83.600004,18.59665165817,107.0985477801,50.00000223138,57.09854554867,7.09854839,1.604516305571,107.0985381058
0.05,9277,83.600004,-8.858538065438,107.7387927238,50.00000016066,57.73879256318,7.738792782,14.94348751625,107.7387849978
0.05,9278,83.600004,4.880935441769,106.9543672707,50.00000136898,56.95436590169,6.954367743,10.07805095746,106.954359207
0.05,9279,83.600004,-13.9622282254,107.2306689979,50.00000148556,57.2306675123,7.230669045,-8.625005252584,107.230659346
0.05,9280,83.600004,11.59418666862,107.9384222069,49.99999964351,57.93842256334,7.938422719,-2.558708338169,107.9384148835
0.05,9281,83.600004,2.326962532418,107.1618884331,49.99999987396,57.16188855914,7.161888607,-16.33800259655,107.1618797514
0.05,9282,83.600004,-1.206388660735,107.3385507631,50.00000011615,57.33855064691,7.33855082,-14.296722717,107.3385446134
0.05,9283,83.600004,23.19155209688,107.3706984277,50.00000181829,57.37069660937,7.370699467,-2.495296756122,107.3706908169
0.05,9284,83.600004,2.431115527628,107.2784623539,50.00000105803,57.27846129586,7.278462721,7.11777095252,107.2784525501
0.05,9285,83.600004,-21.50254895186,108.2180260267,49.99999962976,58.21802639697,8.218026045,12.31574625624,108.2180166586
0.05,9286,83.600004,-5.352431448942,107.5672083667,50.00000154799,57.56720681875,7.56720888,9.071266543286,107.5671966401
0.05,9287,83.600004,12.37036005463,107.5393432576,50.00000000952,57.53934324807,7.539343555,17.39606124991,107.5393348579
0.05,9288,83.600004,-5.815333957481,107.9676695023,50.0000017617,57.96766774065,7.967669715,2.0634490929,107.9676611428
0.05,9289,83.600004,4.277473341485,107.7886583534,49.9999992245,57.78865912893,7.788658477,9.51065251932,107.7886494016
0.1,9200,41.800002,20.5179739008,106.721288254,50.00000035204,56.721287902,6.721288594,5.937771345306,106.7212809277
0.1,9201,41.800002,-8.668884725512,107.6401035512,50.00000007226,57.64010347892,7.640103585,-15.6447503516,107.6400980416
0.1,9202,41.800002,2.42336659738,106.8402039276,50.00000074326,56.84020318431,6.84020407,6.77392853716,106.8401957444
0.1,9203,41.800002,1.077801067897,107.0888954252,50.00000040386,57.08889502132,7.088895527,0.8089324510895,107.0888892011
0.1,9204,41.800002,-14.10679095919,107.4721256221,50.00000033691,57.47212528515,7.472125624,10.22502097068,107.4721181396
0.1,9205,41.800002,-4.979898276272,108.5664475312,49.99999984077,58.56644769041,8.566447535,13.73012494744,108.566437033
0.1,9206,41.800002,4.738273498256,107.3861960306,49.99999905321,57.3861969774,7.386196052,4.057455042376,107.3861920553
0.1,9207,41.800002,-7.210477750581,107.2384802879,50.00000115072,57.23847913717,7.238480411,-18.1326171407,107.2384749401
0.1,9208,41.800002,2.338954266922,107.4381368369,50.00000041902,57.43813641787,7.438136918,-6.266125918779,107.4381301072
0.1,9209,41.800002,3.961260889028,107.255968848,50.00000044072,57.25596840728,7.255968918,10.92651664381,107.2559634446
0.1,9210,41.800002,-7.574201940595,108.2427699425,50.00000016583,58.24276977669,8.242770003,-10.68673524932,108.2427621895
0.1,9211,41.800002,-17.40567953585,107.7103907986,50.00000091276,57.71038988581,7.710390867,6.564876945754,107.710383863
0.1,9212,41.800002,8.722453242138,106.4557151628,50.00000010773,56.45571505503,6.455715174,0.7804734596652,106.4557102077
0.1,9213,41.800002,-16.00646279187,109.033548502,50.00000019964,59.03354830235,9.033548574,9.714712472276,109.0335374202
0.1,9214,41.800002,-29.52834066332,108.6173528878,50.00000074047,58.61735214732,8.617352893,23.79443395328,108.6173413863
0.1,9215,41.800002,26.37819337434,107.0966271669,49.99999969027,57.09662747667,7.096627284,-3.034485549376,107.0966204017
0.1,9216,41.800002,-5.182547784077,108.7317949257,49.99999960993,58.73179531573,8.73179496,7.911102340804,108.7317855496
0.1,9217,41.800002,8.247112619553,108.1290247603,49.99999996614,58.12902479414,8.129024791,19.31240079063,108.12901449
0.1,9218,41.800002,-18.24099267275,107.7579261833,50.00000071925,57.7579254641,7.757926246,-7.097781971646,107.7579214559
0.1,9219,41.800002,-14.00768889837,108.509997094,49.99999977749,58.50999731651,8.509997095,-4.484444276789,108.5099909202
0.1,9220,41.800002,6.696625648022,107.0657564983,50.00000020221,57.06575629613,7.065756564,-11.68066569309,107.0657500718
0.1,9221,41.800002,-9.14610160932,108.8028558845,50.00000012806,58.80285575645,8.802855959,-7.81420426318,108.8028468141
0.1,9222,41.800002,-8.622958356829,107.6489895701,50.00000049763,57.64898907244,7.64898967,-16.71812634572,107.6489813691
0.1,9223,41.800002,3.086365267203,107.4861945689,49.99999934217,57.48619522672,7.486194569,6.343261229718,107.4861883669
0.1,9224,41.800002,-3.403429319651,107.6683456227,50.00000060519,57.66834501755,7.668345709,-9.720567425863,107.6683382928
0.1,9225,41.800002,-6.411187327658,107.457138267,50.00000034895,57.45713791801,7.457138327,-4.394935159477,107.4571304158
0.1,9226,41.800002,-0.4002549101647,107.4684694403,50.00000074078,57.46846869953,7.468469588,-4.441196641481,107.4684627177
0.1,9227,41.800002,-1.119253154972,107.2871047756,50.00000040461,57.28710437095,7.287104868,-3.116965059949,107.2870985982
0.1,9228,41.800002,-15.26385074944,107.2093086742,50.00000027989,57.20930839432,7.209308699,3.71823432408,107.2093015225
0.1,9229,41.800002,-2.471935703112,107.6331162108,50.0000002027,57.63311600808,7.633116227,4.392004177076,107.6331102495
0.1,9230,41.800002,-2.692347309316,106.6803509282,50.000000702,56.68035022617,6.680351097,-15.70065160845,106.6803446251
0.1,9231,41.800002,10.04935908955,107.7357172364,50.00000037259,57.73571686377,7.735717479,-0.2459798517104,107.7357069375
0.1,9232,41.800002,-2.544241161792,108.709037103,50.00000024063,58.70903686235,8.709037247,-15.86277122905,108.7090312449
0.1,9233,41.800002,8.707202021645,108.2030779017,49.99999923958,58.20307866209,8.203077904,-6.408802557065,108.2030720154
0.1,9234,41.800002,0.7610913161366,106.9167431563,50.00000056675,56.91674258956,6.916743442,3.487375469168,106.9167358698
0.1,9235,41.800002,10.67268134258,106.1712021901,50.00000036029,56.17120182978,6.171202264,16.19009638326,106.1711964822
0.1,9236,41.800002,0.6185087208468,108.6339244209,49.9999996761,58.63392474478,8.633924425,11.69974231575,108.6339168429
0.1,9237,41.800002,-2.559589165259,108.4244304729,50.00000028861,58.42443018432,8.424430517,8.30824952218,108.4244239673
0.1,9238,41.800002,-8.241589501099,108.5375237663,50.00000018908,58.53752357718,8.537523796,-6.766216747557,108.5375143753
0.1,9239,41.800002,5.417746480997,107.7103596227,50.00000098256,57.71035864018,7.71036001,13.51724618425,107.7103485677
0.1,9240,41.800002,14.64871249245,107.2610863538,49.99999966412,57.26108668973,7.261086454,-8.368006581654,107.2610801735
0.1,9241,41.800002,7.724409509676,107.9220315476,50.00000033396,57.92203121362,7.922031783,5.464618223404,107.9220231227
0.1,9242,41.800002,-3.305523567356,107.7402593332,50.00000125621,57.74025807701,7.740259659,7.504423708103,107.7402503383
0.1,9243,41.800002,-5.566224760692,108.1212140043,50.000000104,58.12121390032,8.121214012,-2.022053052733,108.1212092247
0.1,9244,41.800002,-0.4567748067035,108.2395961881,49.99999949894,58.23959668913,8.23959619,-22.7273964821,108.239588914
0.1,9245,41.800002,-16.18227692641,107.7158424388,49.99999994104,57.71584249779,7.715842452,-0.06032883543095,107.7158351709
0.1,9246,41.800002,-4.616328839166,107.7055228112,50.00000035428,57.7055224569,7.705522865,13.87628393143,107.7055160674
0.1,9247,41.800002,2.053663325681,107.9364332931,49.9999991043,57.93643418878,7.936433294,-7.884403768569,107.9364276168
0.1,9248,41.800002,-9.064057612919,108.2985618336,50.00000020856,58.29856162502,8.298561903,-7.211683760005,108.2985557403
0.1,9249,41.800002,-25.47080510223,107.6995372623,50.00000018592,57.69953707642,7.699537264,15.39890538992,107.6995264684
0.1,9250,41.800002,17.436117712,107.7533755936,49.99999970512,57.75337588851,7.753375733,-0.9943795789944,107.7533686591
0.1,9251,41.800002,-4.696723794675,107.8436940509,50.00000073187,57.84369331904,7.843694112,1.5591469652,107.84368666
0.1,9252,41.800002,-10.08867784686,107.3126077361,50.00000027534,57.31260746072,7.312607754,2.982463161692,107.3126017546
0.1,9253,41.800002,-7.80317101974,108.024493826,49.99999989031,58.02449393573,8.024493826,-5.517042791064,108.0244855876
0.1,9254,41.800002,-9.721266551907,107.8119143747,49.999999901,57.81191447366,7.811914379,10.99694367597,107.8119074879
0.1,9255,41.800002,2.895952887029,107.9363539751,49.99999976282,57.9363542123,7.936353999,-9.722944676331,107.9363486924
0.1,9256,41.800002,3.94324767236,107.4813751267,50.00000065428,57.48137447238,7.48137534,-0.2723604064797,107.4813635292
0.1,9257,41.800002,8.336385623357,108.0562064341,49.99999902701,58.05620740708,8.05620644,-0.6990761090567,108.0562002112
0.1,9258,41.800002,-30.85899294844,107.9000680727,50.00000057235,57.90006750033,7.900068077,12.12013003797,107.9000563358
0.1,9259,41.800002,4.867403268336,107.8472060117,49.99999953641,57.84720647532,7.847206012,0.6969861981109,107.847200558
0.1,9260,41.800002,-2.830781971512,107.5561603851,49.9999999087,57.5561604764,7.556160385,-2.532525062832,107.5561530453
0.1,9261,41.800002,4.322711490604,106.8412266501,49.99999936336,56.84122728678,6.841226653,18.72056554398,106.8412212892
0.1,9262,41.800002,-12.47656602627,107.7189537359,50.0000004304,57.71895330548,7.718953768,10.41174184677,107.7189430959
0.1,9263,41.800002,5.421339603079,107.6093576275,49.99999941293,57.60935821458,7.609357637,2.781459262507,107.6093500154
0.1,9264,41.800002,8.765753475378,107.8372495996,49.9999996587,57.8372499409,7.837249645,-20.18155254829,107.8372442629
0.1,9265,41.800002,-6.476204903093,106.8792755832,50.00000082992,56.87927475331,6.879275787,-9.33514334528,106.8792688409
0.1,9266,41.800002,24.22347978394,106.8959347372,50.00000005714,56.89593468004,6.895934892,4.473126476671,106.8959282102
0.1,9267,41.800002,-0.2905174256167,107.8950762517,50.00000047221,57.89507577951,7.895076609,-8.432454038262,107.8950690013
0.1,9268,41.800002,9.829993397486,107.6722937736,50.00000041544,57.6722933582,7.672293913,-2.590573269738,107.6722860722
0.1,9269,41.800002,8.534484086413,107.5642395458,49.99999994279,57.56423960302,7.56423973,3.69698123741,107.5642328482
0.1,9270,41.800002,3.423159919607,108.6655662894,50.00000020938,58.66556607998,8.665566468,1.340386037103,108.6655584928
0.1,9271,41.800002,8.45581692304,107.011610297,49.99999958669,57.01161071032,7.011610357,-4.497550749063,107.0116029421
0.1,9272,41.800002,-12.19138512771,108.3335558501,49.99999942907,58.33355642098,8.333555851,1.003032952823,108.3335481673
0.1,9273,41.800002,-1.46005625776,108.2701325814,50.00000063196,58.27013194943,8.270132767,-3.258762797927,108.2701243388
0.1,9274,41.800002,-16.22328302294,108.0739697647,50.00000038569,58.07396937906,8.07396977,0.4995538859626,108.0739605518
0.1,9275,41.800002,-12.34920010505,107.6496883704,49.99999994258,57.64968842785,7.649688371,-19.58545122671,107.6496832938
0.1,9276,41.800002,-2.135173696989,107.3085895814,50.00000054805,57.30858903338,7.308589622,-2.355207947937,107.3085840812
0.1,9277,41.800002,9.682456554024,107.1442847882,49.9999999453,57.14428484294,7.144284864,7.244315125138,107.1442778428
0.1,9278,41.800002,-10.79325699232,106.5396724251,50.00000045162,56.53967197347,6.539672425,-4.821852867703,106.5396667544
0.1,9279,41.800002,18.07440828988,106.7257478868,50.0000003873,56.72574749954,6.725748227,-19.52763027764,106.7257410224
0.1,9280,41.800002,-2.646588854115,107.8598072942,49.99999949119,57.85980780304,7.859807295,2.203757572912,107.859800491
0.1,9281,41.800002,-1.87092351827,107.4187160717,49.99999955409,57.41871651763,7.418716073,7.463755618317,107.4187105128
0.1,9282,41.800002,-16.40697127618,108.231516153,49.99999962643,58.2315165266,8.231516168,-7.111850674714,108.2315093904
0.1,9283,41.800002,6.213489419913,107.5839685016,50.00000091797,57.58396758362,7.583968874,3.789800474209,107.583960616
0.1,9284,41.800002,-23.25198907528,107.8687008569,50.00000034067,57.86870051619,7.868700859,1.488082655935,107.8686924273
0.1,9285,41.800002,4.175129611455,107.4539310707,49.99999972378,57.45393134693,7.453931075,5.796913428138,107.4539250327
0.1,9286,41.800002,-7.5164542967,107.6478046309,50.00000052278,57.64780410816,7.647804696,6.062990068529,107.6477944925
0.1,9287,41.800002,-19.03919142902,107.8954428549,49.99999957784,57.89544327701,7.895442874,3.766556984483,107.8954348442
0.1,9288,41.800002,-11.94173836486,107.5238922288,50.00000060387,57.52389162496,7.523892309,2.361390261616,107.5238854506
0.1,9289,41.800002,12.89317821024,108.9737770705,49.99999956219,58.9737775083,8.973777104,-10.13411627984,108.9737696236
0.15,9200,27.866668,2.454065911781,108.458407665,49.99999993558,58.45840772942,8.458407845,-2.003435545626,108.4583999863
0.15,9201,27.866668,6.008104317169,107.844242809,50.00000009902,57.84424270995,7.844242922,3.781294898106,107.8442371234
0.15,9202,27.866668,-11.62965652085,107.7841540351,50.0000003537,57.78415368143,7.784154109,11.01488803096,107.7841454906
0.15,9203,27.866668,0.6959492599416,107.5173730797,50.00000030126,57.51737277847,7.517373185,-2.404847645444,107.5173660106
0.15,9204,27.866668,-2.859146195911,107.4264478351,50.00000016826,57.42644766684,7.42644794,-5.422565398402,107.4264381368
0.15,9205,27.866668,-14.82731182246,108.6771135489,49.99999980536,58.6771137435,8.677113636,5.916724902777,108.6771074811
0.15,9206,27.866668,-3.581903035393,107.5462287579,49.99999921661,57.54622954132,7.54622876,-7.122367060967,107.5462226118
0.15,9207,27.866668,-19.65054212345,108.6176772436,50.00000065138,58.61767659225,8.617677274,-16.13496883025,108.6176671379
0.15,9208,27.866668,-15.83671233053,108.0302091454,50.00000026261,58.03020888279,8.030209147,-1.583818333121,108.0302019116
0.15,9209,27.866668,15.13775182043,108.8428450082,50.00000010334,58.84284490484,8.842845344,3.359027230185,108.842837326
0.15,9210,27.866668,4.907210689062,109.4088636282,49.99999991142,59.40886371676,9.408863659,8.186758076616,109.40885483
0.15,9211,27.866668,14.53767125018,107.4437182769,50.00000045171,57.44371782523,7.443718615,-8.16760984221,107.4437110077
0.15,9212,27.866668,-6.210132489287,105.3061870856,50.00000003566,55.30618704998,5.306187096,-1.980607500709,105.3061838053
0.15,9213,27.866668,2.702559316343,107.7058864466,50.00000012888,57.70588631769,7.705886493,4.844411271941,107.7058781802
0.15,9214,27.866668,4.154397773574,108.0160702635,50.00000035338,58.01606991011,8.016070395,7.038791937578,108.0160600444
0.15,9215,27.866668,2.070994230337,109.3539735059,49.99999979146,59.35397371443,9.35397356,-14.86529085876,109.3539675622
0.15,9216,27.866668,-6.232209325504,108.9656844731,49.99999956691,58.96568490617,8.965684489,12.63800938572,108.9656776834
0.15,9217,27.866668,2.798026333108,108.536885022,49.99999985611,58.53688516592,8.536885104,-16.07681851484,108.536879525
0.15,9218,27.866668,3.074351853996,109.67455807,50.00000049076,59.67455757923,9.674558299,14.09859186773,109.6745476064
0.15,9219,27.866668,-8.857707585085,108.621408903,49.99999979767,58.62140910531,8.621408911,8.250219637354,108.6213999301
0.15,9220,27.866668,-3.982725118959,107.4234332415,50.00000011373,57.42343312772,7.423433262,-1.049027267868,107.4234285426
0.15,9221,27.866668,-3.555702267052,109.4541193914,49.99999993162,59.4541194598,9.4541194,1.716594480992,109.4541101445
0.15,9222,27.866668,-7.475025578283,108.3393165738,50.00000035745,58.33931621635,8.339316648,-11.93370769269,108.3393068217
0.15,9223,27.866668,-7.737767826975,107.0143628823,49.9999995452,57.01436333712,7.014362895,-8.826079199259,107.0143574528
0.15,9224,27.866668,-7.142310599917,108.5041843134,50.00000011502,58.50418419843,8.50418436,-5.975747706813,108.5041765709
0.15,9225,27.866668,-9.114505315162,109.3559929528,50.0000003075,59.3559926453,9.355993031,6.276450995171,109.3559849093
0.15,9226,27.866668,-4.885064939195,106.974428835,50.00000021448,56.97442862051,6.974428885,-11.10753491718,106.9744243458
0.15,9227,27.866668,-16.49712914755,108.9914791872,50.00000010104,58.99147908614,8.991479199,-4.229479876175,108.9914704601
0.15,9228,27.866668,-18.71517758476,108.4634848616,50.00000020054,58.46348466104,8.463484865,3.046319268613,108.4634773835
0.15,9229,27.866668,0.9946649912291,107.6246675633,49.99999995022,57.62466761308,7.624667569,18.54652856298,107.6246614072
0.15,9230,27.866668,2.812846848181,107.9245801701,50.00000061044,57.92457955964,7.924580436,7.628665854625,107.9245705836
0.15,9231,27.866668,-10.82542596731,108.5191372023,50.00000002194,58.51913718033,8.519137212,-9.437131162931,108.5191293965
0.15,9232,27.866668,2.65731923076,108.8524846262,50.00000005265,58.85248457359,8.852484733,7.282246114258,108.8524775627
0.15,9233,27.866668,-9.862715661651,108.0525917597,49.99999927858,58.05259248111,8.052591837,8.112259115598,108.0525854035
0.15,9234,27.866668,0.2736934868964,106.6532203972,50.00000036024,56.65322003697,6.653220544,-5.859315384951,106.6532151598
0.15,9235,27.866668,0.491439782763,108.2139950914,50.0000002829,58.21399480851,8.213995193,3.851349943276,108.2139883776
0.15,9236,27.866668,-4.014262029942,108.9801719368,49.99999951049,58.98017242628,8.98017194,3.938363133551,108.9801659136
0.15,9237,27.866668,-9.231564715199,109.703601277,49.99999999818,59.70360127878,9.703601277,2.297266639608,109.7035913991
0.15,9238,27.866668,-5.728625720689,108.6624962166,50.00000013535,58.66249608128,8.662496242,-12.11317208607,108.6624866805
0.15,9239,27.866668,-2.570371177988,108.0491272664,50.0000003277,58.04912693866,8.049127392,-15.90266278597,108.049120043
0.15,9240,27.866668,4.045660285482,106.879197671,49.9999996376,56.8791980334,6.879197683,2.814462518541,106.8791920643
0.15,9241,27.866668,-7.626149212717,108.3714067747,50.00000022738,58.37140654728,8.371406813,5.787414611493,108.3713979591
0.15,9242,27.866668,2.429042375338,107.9683237872,50.00000058948,57.96832319772,7.96832407,2.972726025583,107.9683120708
0.15,9243,27.866668,7.657464117007,108.21729431,49.99999964983,58.21729466021,8.21729432,8.426085265533,108.2172858514
0.15,9244,27.866668,-5.266281903618,107.5296741736,49.99999955348,57.52967462014,7.529674197,6.964388601276,107.5296675652
0.15,9245,27.866668,-17.64480028733,108.9810329609,49.99999995573,58.98103300512,8.981032972,-0.270488218925,108.9810267562
0.15,9246,27.866668,-8.679466939388,107.9070570378,50.00000020965,57.90705682819,7.907057053,3.963706226244,107.9070508576
0.15,9247,27.866668,-16.11625552658,109.0990459662,49.99999956193,59.09904640426,9.099046046,4.52049763772,109.099038509
0.15,9248,27.866668,-6.46810924502,108.4978981135,50.00000013661,58.49789797692,8.497898164,-9.659351891003,108.4978906953
0.15,9249,27.866668,1.263255605391,106.051895907,50.00000001842,56.05189588856,6.051895918,-8.704636017769,106.051891693
0.15,9250,27.866668,-37.21989680121,109.3741629073,49.99999952907,59.37416337821,9.374163105,10.40924978862,109.3741560181
0.15,9251,27.866668,-12.0454116804,108.8137464405,50.00000044085,58.81374599963,8.813746443,-16.73607146331,108.8137376495
0.15,9252,27.866668,5.756840527119,106.1428520602,50.00000027359,56.14285178657,6.142852117,-10.9124318987,106.1428459861
0.15,9253,27.866668,-12.42922033897,108.0145084892,49.99999975683,58.01450873233,8.01450849,6.15921941519,108.0145023254
0.15,9254,27.866668,-6.687774194279,110.0767043747,50.00000009876,60.07670427591,10.07670444,-3.506574308905,110.0766942541
0.15,9255,27.866668,-12.06089403307,108.2030373383,49.99999970446,58.20303763383,8.203037376,-17.74037488197,108.203031773
0.15,9256,27.866668,3.360333515148,108.3883310043,50.00000020633,58.38833079802,8.388331075,6.034654284403,108.3883202527
0.15,9257,27.866668,-23.71558086287,109.0787526141,49.99999906844,59.07875354562,9.078752757,9.925648045163,109.0787454983
0.15,9258,27.866668,-2.271848851029,107.0280926829,50.00000027419,57.02809240869,7.028092706,4.693030938273,107.0280873945
0.15,9259,27.866668,-9.886117307996,108.8005996758,49.99999992768,58.8005997481,8.800599679,-9.601839668715,108.8005921844
0.15,9260,27.866668,8.792274931114,106.6639801551,49.99999974738,56.66398040771,6.663980195,-5.576050248513,106.6639766231
0.15,9261,27.866668,-11.68305730229,108.1451546801,49.99999961385,58.14515506624,8.145154704,-6.559264037656,108.1451480188
0.15,9262,27.866668,-2.490193568983,108.7797059187,50.00000017863,58.77970574009,8.779705972,0.171633142512,108.7796974427
0.15,9263,27.866668,-23.32660384789,108.3905520443,49.99999958278,58.39055246148,8.390552103,5.0415451433,108.3905459318
0.15,9264,27.866668,-0.1835420962443,108.2503901036,49.99999942783,58.25039067572,8.250390116,9.746578961812,108.2503842568
0.15,9265,27.866668,-11.09334550448,108.2701358045,50.00000046576,58.27013533874,8.270135932,-9.150402423181,108.2701279085
0.15,9266,27.866668,-10.08975039526,108.6494003254,49.99999994391,58.64940038147,8.649400333,3.188646694223,108.6493924137
0.15,9267,27.866668,-8.002517921107,107.918006933,50.00000033237,57.9180066006,7.918006999,-14.60971832253,107.9179981895
0.15,9268,27.866668,2.635707597501,108.6353500849,50.00000027756,58.63534980734,8.635350407,5.804451143023,108.635340984
0.15,9269,27.866668,-9.855790560118,108.9006346483,50.00000005034,58.90063459799,8.900634657,6.257777191434,108.9006266849
0.15,9270,27.866668,10.20054248521,108.2834986409,49.99999994551,58.28349869539,8.283498746,8.321632292428,108.2834897097
0.15,9271,27.866668,1.197331793995,105.8212872639,49.99999948699,55.82128777692,5.821287266,-5.735864116568,105.8212829823
0.15,9272,27.866668,-23.76792016496,108.7429327833,49.99999951855,58.74293326477,8.742932885,4.910353054621,108.7429271833
0.15,9273,27.866668,-10.96642183388,108.7023998275,50.00000036933,58.70239945819,8.702399905,-11.23470723063,108.702391582
0.15,9274,27.866668,-3.748787095373,110.5174784842,50.00000023988,60.51747824432,10.51747856,12.16214214201,110.5174673644
0.15,9275,27.866668,12.8824136627,108.1102232123,49.99999983463,58.11022337767,8.110223297,3.037107810194,108.1102149414
0.15,9276,27.866668,-9.490475451843,107.7479239209,50.00000037059,57.74792355029,7.747923996,19.14307088432,107.7479138101
0.15,9277,27.866668,-15.42797830788,107.6861715693,49.99999974045,57.68617182884,7.68617164,-13.86327137634,107.6861668983
0.15,9278,27.866668,17.49941156655,105.6667408855,50.00000021309,55.66674067246,5.666741107,-21.86857076939,105.6667375145
0.15,9279,27.866668,2.820871084399,106.1515378398,50.00000022946,56.15153761037,6.151537925,-5.506598259506,106.1515315916
0.15,9280,27.866668,-4.840126148824,109.2368279929,49.99999956071,59.23682843219,9.236827994,1.677217672764,109.2368188431
0.15,9281,27.866668,14.88963788813,105.8925978303,49.99999949743,55.89259833289,5.892597898,-7.520525768382,105.8925943491
0.15,9282,27.866668,-12.63499471212,108.5467153214,49.99999957602,58.5467157454,8.546715356,-11.99861238599,108.5467095911
0.15,9283,27.866668,-1.169029707715,109.5685018678,50.00000038911,59.56850147868,9.568502107,-6.684106330743,109.568493112
0.15,9284,27.866668,-7.119424162317,107.5026340293,50.00000025074,57.50263377855,7.502634103,-12.62223034149,107.5026264268
0.15,9285,27.866668,-7.979457147577,108.410362398,49.99999968383,58.41036271416,8.410362402,-3.494683187928,108.4103578454
0.15,9286,27.866668,7.035048330646,106.268038407,50.00000020626,56.26803820079,6.26803861,-0.7288016007694,106.2680304668
0.15,9287,27.866668,8.593085289484,106.9166749955,49.99999991786,56.91667507763,6.916675023,2.794809250648,106.9166700703
0.15,9288,27.866668,8.513576657659,107.6687238937,50.00000010792,57.66872378578,7.668724123,3.101140945186,107.6687178546
0.15,9289,27.866668,4.896773816083,109.5960857534,49.99999947179,59.5960862816,9.596085755,-0.6115202995003,109.5960801613
0.15,9290,27.866668,-0.2096565347898,105.6075565014,50.00000028754,55.60755621387,5.607556524,-16.57563516505,105.6075534329
0.15,9291,27.866668,-12.67232131955,108.3717294337,49.99999951596,58.37172991771,8.371729441,-14.41138745974,108.3717237271
0.15,9292,27.866668,-9.041682622501,106.636587833,50.00000044897,56.63658738406,6.636587835,-3.878011034861,106.6365811821
0.15,9293,27.866668,-22.71832916163,107.8572718685,49.99999981528,57.85727205319,7.857271924,20.60140312274,107.8572644096
0.15,9294,27.866668,-2.545819130973,108.0315967776,49.99999978333,58.0315969943,8.031596778,-6.760266328958,108.0315886059
0.15,9295,27.866668,-18.9019200394,108.4137469675,49.99999993075,58.41374703675,8.413747017,-11.63911605151,108.4137412201
0.15,9296,27.866668,-12.2080005186,108.2000980522,50.0000000847,58.20009796748,8.200098072,-13.63307401416,108.2000894188
0.15,9297,27.866668,9.90364371144,107.1286595019,50.00000038535,57.12865911655,7.128659937,-8.64699295425,107.1286528855
0.15,9298,27.866668,-25.6890759972,110.1682088462,49.99999985574,60.16820899049,10.16820887,-1.01681089129,110.1682011269
0.15,9299,27.866668,-16.18055470331,108.4675340272,50.00000032214,58.4675337051,8.467534027,1.068603473638,108.4675270739
0.2,9200,20.900001,5.967880440837,105.0535646985,49.99999993228,55.05356476619,5.053564705,0.534770637806,105.0535597424
0.2,9201,20.900001,6.894641158756,107.4356063916,49.99999997273,57.4356064189,7.435606413,-2.528797914095,107.4356013049
0.2,9202,20.900001,-3.188601693777,107.1009671286,50.00000024513,57.10096688345,7.100967197,-7.386824994165,107.1009605588
0.2,9203,20.900001,-2.434127928718,106.5955986606,50.0000002308,56.59559842975,6.595598677,-28.94719779541,106.5955949078
0.2,9204,20.900001,2.651733266816,107.6690458277,50.00000005709,57.6690457706,7.669045881,-4.886695761761,107.6690380343
0.2,9205,20.900001,-5.399142246461,110.4981172944,49.99999997836,60.49811731601,10.4981173,-2.482485202164,110.4981086838
0.2,9206,20.900001,-9.356125872458,108.930319858,49.99999925941,58.93032059861,8.930319961,-17.90533960194,108.9303151927
0.2,9207,20.900001,4.885093476241,107.870673906,50.0000004145,57.87067349153,7.870674145,9.088643076087,107.8706661544
0.2,9208,20.900001,-8.456647760001,108.1420009044,50.00000022487,58.14200067953,8.142000931,5.86768367046,108.1419935399
0.2,9209,20.900001,-12.64337329714,110.6380307543,50.00000005504,60.63803069929,10.63803076,-2.141280371727,110.638018278
0.2,9210,20.900001,-4.332968560996,111.113664248,49.99999991232,61.11366433565,11.11366425,10.88454523698,111.1136556153
0.2,9211,20.900001,-5.200999675334,107.7384497511,50.00000029299,57.73844945808,7.738449775,4.445976182657,107.7384442057
0.2,9212,20.900001,3.374532318797,105.3592482325,50.00000001498,55.35924821755,5.359248266,-20.22426237952,105.3592447281
0.2,9213,20.900001,0.6145903464824,106.6620554862,50.00000007216,56.66205541404,6.662055492,-10.1504636191,106.6620517722
0.2,9214,20.900001,8.628863681005,107.5483018668,50.00000020977,57.54830165707,7.548302043,5.261004660272,107.5482964516
0.2,9215,20.900001,-19.68143026093,111.1864209465,49.99999978113,61.18642116539,11.18642098,-7.059611933586,111.1864141414
0.2,9216,20.900001,-27.65638410546,111.6765292025,49.99999982994,61.67652937261,11.67652932,9.610012171651,111.676519145
0.2,9217,20.900001,-14.01042068375,109.5478840443,49.99999983583,59.54788420846,9.547884062,3.384659833741,109.5478775042
0.2,9218,20.900001,3.650710730869,110.620967642,50.00000003138,60.62096761066,10.62096773,4.632766941976,110.6209556812
0.2,9219,20.900001,-12.703730339,110.2391128773,49.99999974367,60.23911313363,10.23911288,4.037663925143,110.2391045648
0.2,9220,20.900001,-3.823720222413,107.2447445971,50.00000004983,57.24474454727,7.244744624,-8.777631426739,107.2447390674
0.2,9221,20.900001,-6.636405886537,110.0138748831,49.99999995832,60.01387492483,10.01387488,-5.765700978186,110.0138657036
0.2,9222,20.900001,9.971114958837,105.6135236392,50.00000026466,55.61352337455,5.613523687,-0.6986060284707,105.6135184513
0.2,9223,20.900001,-16.29794626904,107.8388251543,49.99999961646,57.83882553781,7.838825251,4.08972180603,107.8388211259
0.2,9224,20.900001,-4.623651416877,109.8724669785,50.00000013572,59.87246684279,9.872467061,2.926722156886,109.8724560649
0.2,9225,20.900001,7.533558352177,108.8439198501,50.00000029655,58.84391955357,8.843919987,4.521591930291,108.8439103856
0.2,9226,20.900001,-13.9607760823,107.5395656169,50.00000017154,57.53956544539,7.539565631,-3.818487414218,107.5395584917
0.2,9227,20.900001,-10.40666293909,107.9947253986,50.00000010389,57.9947252947,7.994725404,14.3322555832,107.9947165504
0.2,9228,20.900001,-1.326379393674,107.5340153436,50.00000015333,57.53401519029,7.534015389,25.91749793831,107.5340048638
0.2,9229,20.900001,-9.346367355768,109.0663632699,49.99999996149,59.06636330839,9.066363274,1.571606784986,109.0663552463
0.2,9230,20.900001,-13.43568403691,110.044274097,50.000000301,60.04427379603,10.04427414,-10.71348645143,110.0442624586
0.2,9231,20.900001,-19.18989507428,110.7141447533,49.99999990674,60.7141448466,10.71414475,-7.203696168765,110.7141314177
0.2,9232,20.900001,-0.5412541925511,108.9323259671,50.00000006078,58.9323259063,8.932325987,10.41923635871,108.9323177923
0.2,9233,20.900001,-24.91583057896,109.0414704439,49.99999938612,59.04147105776,9.041470584,-6.283799810162,109.0414629556
0.2,9234,20.900001,-7.945993705533,107.2629258054,50.00000013488,57.26292567048,7.262925844,2.469437188192,107.2629196716
0.2,9235,20.900001,6.700845666257,106.6741545071,50.00000008186,56.67415442521,6.674154534,13.82323147121,106.6741475395
0.2,9236,20.900001,-20.36453807523,111.0210455816,49.99999963301,61.02104594864,11.02104561,4.166622886446,111.0210359994
0.2,9237,20.900001,-1.292399761123,110.1534261895,49.99999998152,60.153426208,10.1534262,5.192879958838,110.1534134895
0.2,9238,20.900001,2.514497238135,109.2110792097,50.00000015734,59.21107905236,9.211079267,-2.33145166181,109.2110714572
0.2,9239,20.900001,6.343314111198,108.9510426169,50.00000031557,58.95104230136,8.951042966,2.318101011477,108.9510308523
0.2,9240,20.900001,-19.92392762932,107.6380033913,49.99999966829,57.63800372298,7.638003449,3.538523085708,107.6379960611
0.2,9241,20.900001,-7.887464540467,107.4758347051,50.00000012198,57.47583458315,7.47583471,-0.0807394538772,107.4758283592
0.2,9242,20.900001,8.956963845091,106.7207002543,50.00000029786,56.72069995644,6.720700566,11.26634071995,106.720693017
0.2,9243,20.900001,-18.97844047976,109.9167751268,49.99999969541,59.91677543135,9.916775233,-26.4926671853,109.9167679866
0.2,9244,20.900001,-28.28706927212,109.7213579022,49.99999971536,59.72135818682,9.721358033,5.174511513832,109.7213504357
0.2,9245,20.900001,-9.313931779497,109.5365286296,49.9999999774,59.53652865222,9.53652863,-6.693792224464,109.5365204427
0.2,9246,20.900001,-14.35413858165,108.7530001755,50.00000022788,58.75299994763,8.753000181,21.70094533519,108.7529885654
0.2,9247,20.900001,-1.901222349926,110.0359148586,49.99999971949,60.03591513913,10.03591487,-20.41513665433,110.0359080352
0.2,9248,20.900001,4.108493057982,107.2436378102,50.00000009014,57.24363772009,7.243637833,11.81915333664,107.2436315029
0.2,9249,20.900001,-0.9124466300737,105.5968858272,49.99999993481,55.59688589236,5.596885835,2.971614424943,105.5968806529
0.2,9250,20.900001,-25.52668766971,109.6577144599,49.99999988666,59.65771457327,9.657714566,6.123574653868,109.6577069966
0.2,9251,20.900001,-1.709004625385,108.8961275965,50.00000025052,58.89612734597,8.896127741,6.957253142036,108.896117391
0.2,9252,20.900001,-0.9536636057362,107.348857716,50.00000002687,57.34885768916,7.348857794,-0.1314802703508,107.3488523543
0.2,9253,20.900001,-21.3128102899,108.9515190162,49.99999986502,58.95151915115,8.951519031,-4.356732446114,108.9515127224
0.2,9254,20.900001,10.1574502617,108.1468448621,50.0000000011,58.14684486102,8.14684491,7.245108357765,108.1468393724
0.2,9255,20.900001,-1.487692070586,108.8218115796,49.99999975585,58.82181182375,8.821811582,1.481802307363,108.8218052686
0.2,9256,20.900001,-12.18599185596,108.6420977524,50.00000009784,58.64209765452,8.642097753,-1.739998894456,108.6420890867
0.2,9257,20.900001,-42.55040232934,111.393695066,49.99999940383,61.39369566215,11.39369536,17.5277394532,111.3936830077
0.2,9258,20.900001,0.8708340999821,105.6871107504,50.00000012663,55.68711062374,5.687110781,0.3028062341509,105.687104513
0.2,9259,20.900001,-4.297073882172,109.3219825628,50.00000007706,59.32198248576,9.321982563,1.452650970918,109.3219745574
0.2,9260,20.900001,-13.05644535475,108.3873487075,49.99999981741,58.38734889008,8.387348708,2.753876388326,108.387339288
0.2,9261,20.900001,-17.56097232159,107.8869573276,49.99999970706,57.88695762049,7.886957404,-16.3003748638,107.8869524852
0.2,9262,20.900001,2.42703381895,108.265231139,50.0000000913,58.2652310477,8.265231189,-9.151790533207,108.2652252734
0.2,9263,20.900001,-30.98873742833,109.0334244856,49.99999967487,59.03342481073,9.033424654,14.05502535988,109.0334158488
0.2,9264,20.900001,-0.4803079742139,109.7774841291,49.99999968004,59.77748444909,9.777484143,-5.692934469597,109.7774782617
0.2,9265,20.900001,9.504734481486,107.0422257812,50.00000013008,57.04222565111,7.042226199,8.465854378193,107.0422191696
0.2,9266,20.900001,-4.402107521171,109.3221438412,49.99999995318,59.322143888,9.322143869,7.93364608253,109.3221356903
0.2,9267,20.900001,-8.319452846122,109.3595994514,50.00000023322,59.35959921816,9.359599515,-5.049561830224,109.3595898216
0.2,9268,20.900001,-4.701443503743,107.3039202535,50.00000015313,57.30392010032,7.303920279,-4.167831489934,107.3039142358
0.2,9269,20.900001,-19.72254259875,109.2020863126,50.00000001809,59.20208629446,9.202086316,15.6327120582,109.2020758864
0.2,9270,20.900001,-5.231751911935,108.5967829745,49.9999997988,58.59678317566,8.596782979,5.317052259308,108.5967737254
0.2,9271,20.900001,-17.89048621108,106.4352459052,49.99999965145,56.43524625372,6.435245936,-3.427664424805,106.4352410658
0.2,9272,20.900001,-15.9817767835,110.3507831875,49.99999983991,60.35078334764,10.35078322,-3.095575986707,110.3507774454
0.2,9273,20.900001,-1.549750591996,108.2787644746,50.00000004919,58.27876442545,8.278764532,-6.267985496002,108.2787570973
0.2,9274,20.900001,-1.874528322886,111.3497715446,50.00000011369,61.34977143092,11.34977162,6.969608464549,111.3497605122
0.2,9275,20.900001,13.16761127304,106.4047898432,49.99999975319,56.40479009005,6.4047899,4.486466725357,106.4047825004
0.2,9276,20.900001,3.450139958522,105.7318647651,50.00000027063,55.73186449446,5.731864845,13.07526786764,105.7318588584
0.2,9277,20.900001,-18.160003317,106.8832895243,49.99999984126,56.88328968308,6.883289559,-0.5932485135482,106.883285325
0.2,9278,20.900001,22.80975299477,104.5902165957,50.00000003073,54.59021656492,4.590216812,4.760482184247,104.5902133889
0.2,9279,20.900001,-13.98613088859,106.7411112619,50.00000019461,56.74111106729,6.741111279,-6.342873405955,106.741105656
0.2,9280,20.900001,-34.28796633455,111.6588092757,49.99999958162,61.65880969405,11.65880944,-11.49413151648,111.6588025893
0.2,9281,20.900001,-18.30173237122,106.181228867,49.99999950709,56.18122935995,6.181228913,0.3673413989672,106.1812242753
0.2,9282,20.900001,-14.3515368576,109.8391837232,49.99999992234,59.83918380091,9.839183756,-2.32680430398,109.8391783534
0.2,9283,20.900001,-6.535589120806,109.1944034177,50.00000012879,59.19440328895,9.194403509,-1.667299674113,109.1943948168
0.2,9284,20.900001,8.888462981579,106.8910162315,50.00000008593,56.89101614555,6.891016311,12.55266569524,106.8910084188
0.2,9285,20.900001,-17.2429183331,110.1195007308,49.99999976095,60.11950096988,10.11950075,-1.636981751564,110.1194919729
0.2,9286,20.900001,3.48874282782,105.8160708538,50.00000003972,55.81607081409,5.816070931,-4.432201718241,105.8160667285
0.2,9287,20.900001,-10.98281015185,108.7242336135,49.9999998042,58.72423380933,8.724233622,-5.020508451439,108.7242272914
0.2,9288,20.900001,1.146895267349,107.5158469834,50.00000006763,57.51584691581,7.515847012,-9.557573824646,107.5158406866
0.2,9289,20.900001,-7.53474046499,110.8434480152,49.99999962027,60.84344839497,10.84344802,5.773960276597,110.8434385473
0.2,9290,20.900001,3.555304187731,106.598007313,50.00000020167,56.59800711133,6.598007349,-3.534839057213,106.5979999539
0.2,9291,20.900001,-17.75206701627,109.3339828035,49.9999996062,59.33398319725,9.33398286,2.667723093275,109.3339730134
0.2,9292,20.900001,-0.7128604295728,107.9165586912,50.00000016915,57.91655852206,7.916558833,-9.260348431402,107.9165504405
0.2,9293,20.900001,-13.94159942573,108.5977523359,49.99999988123,58.59775245469,8.597752341,14.02700117659,108.597743783
0.2,9294,20.900001,1.240168301845,107.8701839904,49.99999988252,57.87018410791,7.87018399,-3.740415359968,107.8701780674
0.2,9295,20.900001,-19.99684118668,108.8916204016,50.00000000049,58.89162040112,8.891620465,0.3155888343429,108.8916110837
0.2,9296,20.900001,-14.99842484765,109.4545391096,50.00000002149,59.45453908813,9.454539129,4.11993992481,109.4545322702
0.2,9297,20.900001,5.150250170479,106.0870561161,50.0000001249,56.08705599121,6.0870564,13.68991587622,106.0870481236
0.2,9298,20.900001,-18.60934538979,111.5478288469,49.99999995254,61.54782889438,11.5478289,0.4704572301353,111.547818964
0.2,9299,20.900001,2.33946602204,108.837560121,50.00000027082,58.83755985017,8.837560272,-1.658706357434,108.8375528887
