eta,N,L0,M,n_runs,nu_mean,nu_sd,c_s_mass,eta_rec,delta_sigma,L_eff_true
0.020002,100,196.349548,50,10,0.001298510435,3.26757e-05,1.479726,0.02,0.032430,195.308333
0.020002,100,196.349548,200,10,0.0007919023866,1.82951e-05,1.487575,0.02,0.032430,195.308333
0.020002,100,196.349548,500,10,0.0005205410616,7.1491e-06,1.475800,0.02,0.032430,195.308333
0.020002,100,196.349548,1000,10,0.0003770616492,5.64743e-06,1.487575,0.02,0.032430,195.308333
0.020002,100,196.349548,2000,10,0.0002674017699,5.83938e-06,1.479725,0.02,0.032430,195.308333
0.020001,400,392.699097,50,10,0.0008428309679,2.93555e-05,1.483824,0.02,0.023193,391.662500
0.020001,400,392.699097,200,10,0.0006458797915,1.20107e-05,1.475974,0.02,0.023193,391.662500
0.020001,400,392.699097,500,10,0.0004681313161,9.31045e-06,1.456346,0.02,0.023193,391.662500
0.020001,400,392.699097,1000,10,0.0003586491658,1.13293e-05,1.487750,0.02,0.023193,391.662500
0.020001,400,392.699097,2000,10,0.0002596059953,3.56542e-06,1.475973,0.02,0.023193,391.662500
0.020000,900,589.048645,50,10,0.0005914260552,2.00027e-05,1.468180,0.02,0.013997,588.016646
0.020000,900,589.048645,200,10,0.000513157545,1.32555e-05,1.468180,0.02,0.013997,588.016646
0.020000,900,589.048645,500,10,0.000416318882,7.85018e-06,1.472105,0.02,0.013997,588.016646
0.020000,900,589.048645,1000,10,0.0003296746737,6.21641e-06,1.472105,0.02,0.013997,588.016646
0.020000,900,589.048645,2000,10,0.0002521248694,3.12771e-06,1.491733,0.02,0.013997,588.016646
0.020000,1600,785.398193,50,10,0.0004586405493,1.25313e-05,1.483911,0.02,0.004720,784.370833
0.020000,1600,785.398193,200,10,0.0004197647937,1.0563e-05,1.479985,0.02,0.004720,784.370833
0.020000,1600,785.398193,500,10,0.0003651227177,7.10847e-06,1.487837,0.02,0.004720,784.370833
0.020000,1600,785.398193,1000,10,0.0003012229226,4.23356e-06,1.472134,0.02,0.004720,784.370833
0.020000,1600,785.398193,2000,10,0.0002350274464,3.04367e-06,1.464283,0.02,0.004720,784.370833
0.050012,100,78.539818,50,10,0.003534259053,7.59702e-05,1.598055,0.05,0.037964,77.495836
0.050012,100,78.539818,200,10,0.002110421104,3.77832e-05,1.573019,0.05,0.037964,77.495836
0.050012,100,78.539818,500,10,0.00140201906,2.34581e-05,1.577190,0.05,0.037964,77.495836
0.050012,100,78.539818,1000,10,0.001004868848,1.28753e-05,1.573017,0.05,0.037964,77.495836
0.050012,100,78.539818,2000,10,0.000722106722,1.26685e-05,1.585534,0.05,0.037964,77.495836
0.050005,400,157.079636,50,10,0.002261236232,4.85866e-05,1.586006,0.05,0.034261,156.037505
0.050005,400,157.079636,200,10,0.00172371373,3.86586e-05,1.569311,0.05,0.034261,156.037505
0.050005,400,157.079636,500,10,0.00126954692,1.62666e-05,1.573485,0.05,0.034261,156.037505
0.050005,400,157.079636,1000,10,0.0009521067475,1.70457e-05,1.573485,0.05,0.034261,156.037505
0.050005,400,157.079636,2000,10,0.0006909899163,9.71156e-06,1.565137,0.05,0.034261,156.037505
0.050003,900,235.619446,50,10,0.001580580066,2.98037e-05,1.565291,0.05,0.030558,234.579167
0.050003,900,235.619446,200,10,0.001371409327,3.10793e-05,1.565292,0.05,0.030558,234.579167
0.050003,900,235.619446,500,10,0.00110964089,1.55955e-05,1.565291,0.05,0.030558,234.579167
0.050003,900,235.619446,1000,10,0.0008810462517,1.21003e-05,1.569466,0.05,0.030558,234.579167
0.050003,900,235.619446,2000,10,0.0006613937844,9.13215e-06,1.561117,0.05,0.030558,234.579167
0.050002,1600,314.159271,50,10,0.001234589175,2.96992e-05,1.594588,0.05,0.026855,313.120843
0.050002,1600,314.159271,200,10,0.001118110411,1.43262e-05,1.573717,0.05,0.026855,313.120843
0.050002,1600,314.159271,500,10,0.0009648637301,1.32514e-05,1.569542,0.05,0.026855,313.120843
0.050002,1600,314.159271,1000,10,0.0008044943192,1.10489e-05,1.569542,0.05,0.026855,313.120843
0.050002,1600,314.159271,2000,10,0.0006361029457,1.66902e-05,1.582065,0.05,0.026855,313.120843
0.100051,100,39.269909,50,10,0.007791937882,0.000146926,1.737833,0.10,0.039815,38.225001
0.100051,100,39.269909,200,10,0.004764685826,7.97209e-05,1.751734,0.10,0.039815,38.225001
0.100051,100,39.269909,500,10,0.00315695844,3.5214e-05,1.751734,0.10,0.039815,38.225001
0.100051,100,39.269909,1000,10,0.002286692847,1.89794e-05,1.765635,0.10,0.039815,38.225001
0.100051,100,39.269909,2000,10,0.001630261522,2.4289e-05,1.765634,0.10,0.039815,38.225001
0.100024,400,78.539818,50,10,0.00509836195,0.000259112,1.775984,0.10,0.037964,77.495836
0.100024,400,78.539818,200,10,0.003825215982,9.729e-05,1.729614,0.10,0.037964,77.495836
0.100024,400,78.539818,500,10,0.002855062257,2.38219e-05,1.757433,0.10,0.037964,77.495836
0.100024,400,78.539818,1000,10,0.002141176376,1.78654e-05,1.757433,0.10,0.037964,77.495836
0.100024,400,78.539818,2000,10,0.001558120344,2.60699e-05,1.752795,0.10,0.037964,77.495836
0.100015,900,117.809723,50,35,0.003561768082,9.71955e-05,1.755795,0.10,0.036112,116.766667
0.100015,900,117.809723,200,35,0.003083411245,6.28777e-05,1.751819,0.10,0.036112,116.766667
0.100015,900,117.809723,500,35,0.002498639624,3.75211e-05,1.754469,0.10,0.036112,116.766667
0.100015,900,117.809723,1000,35,0.001980117604,3.61999e-05,1.755794,0.10,0.036112,116.766667
0.100015,900,117.809723,2000,35,0.001497789667,1.90109e-05,1.759769,0.10,0.036112,116.766667
0.100011,1600,157.079636,50,35,0.002722006802,5.55079e-05,1.751992,0.10,0.034261,156.037505
0.100011,1600,157.079636,200,35,0.002486553179,5.60229e-05,1.744041,0.10,0.034261,156.037505
0.100011,1600,157.079636,500,35,0.002153091263,2.80514e-05,1.745366,0.10,0.034261,156.037505
0.100011,1600,157.079636,1000,35,0.001796590813,3.04892e-05,1.746691,0.10,0.034261,156.037505
0.100011,1600,157.079636,2000,34,0.001412220837,2.65572e-05,1.750316,0.10,0.034261,156.037505
0.100011,1600,157.079636,3200,10,0.001171364907,9.77356e-06,1.757954,0.10,0.034261,156.037505
0.100008,2500,196.349548,50,10,0.002177146339,4.07025e-05,1.734866,0.10,0.032430,195.308333
0.100008,2500,196.349548,200,10,0.002078862944,5.68e-05,1.753421,0.10,0.032430,195.308333
0.100008,2500,196.349548,500,10,0.001877272086,5.1292e-05,1.753421,0.10,0.032430,195.308333
0.100008,2500,196.349548,1000,10,0.001627747981,2.08562e-05,1.748781,0.10,0.032430,195.308333
0.100008,2500,196.349548,2000,10,0.001333425572,1.99713e-05,1.758058,0.10,0.032430,195.308333
0.100008,2500,196.349548,5000,10,0.0009309538329,1.19282e-05,1.748780,0.10,0.032430,195.308333
0.300152,100,13.089969,50,10,0.04127039771,0.00119525,2.903628,0.30,0.013270,12.058334
0.300152,100,13.089969,200,10,0.02471632616,0.000525795,2.866537,0.30,0.013270,12.058334
0.300152,100,13.089969,500,10,0.01654559538,0.000312236,2.896153,0.30,0.013270,12.058334
0.300152,100,13.089969,1000,10,0.0119509796,0.000205249,2.910962,0.30,0.013270,12.058334
0.300152,100,13.089969,2000,10,0.008455192855,0.000177016,2.888728,0.30,0.013270,12.058334
0.300152,400,26.179939,50,10,0.02552409677,0.000652491,2.884526,0.30,0.026545,25.141666
0.300152,400,26.179939,200,10,0.01971406169,0.000532832,2.891913,0.30,0.026545,25.141666
0.300152,400,26.179939,500,10,0.01448127326,0.000247543,2.891916,0.30,0.026545,25.141666
0.300152,400,26.179939,1000,10,0.0108881802,0.000158072,2.899328,0.30,0.026545,25.141666
0.300152,400,26.179939,2000,10,0.00796453875,8.56669e-05,2.906742,0.30,0.026545,25.141666
0.300152,900,39.269909,50,35,0.01771650933,0.000526962,2.859005,0.30,0.039815,38.225001
0.300152,900,39.269909,200,35,0.01542892454,0.000396137,2.869605,0.30,0.039815,38.225001
0.300152,900,39.269909,500,35,0.01252077367,0.000257209,2.878073,0.30,0.039815,38.225001
0.300152,900,39.269909,1000,35,0.009922248882,0.000115712,2.880191,0.30,0.039815,38.225001
0.300152,900,39.269909,2000,35,0.007488369972,0.000119122,2.880187,0.30,0.039815,38.225001
0.300033,1600,52.359879,50,35,0.01360114967,0.000337947,2.879744,0.30,0.011424,51.329167
0.300033,1600,52.359879,200,35,0.01243528062,0.000269622,2.869127,0.30,0.011424,51.329167
0.300033,1600,52.359879,500,35,0.01074356,0.000193305,2.864887,0.30,0.011424,51.329167
0.300033,1600,52.359879,1000,35,0.008951260257,0.000162016,2.862769,0.30,0.011424,51.329167
0.300033,1600,52.359879,2000,35,0.0070372079,0.000116336,2.869125,0.30,0.011424,51.329167
0.300033,1600,52.359879,3200,10,0.005833124496,6.33882e-05,2.879730,0.30,0.011424,51.329167
0.300057,2500,65.449844,50,10,0.01098626939,0.00020839,2.887207,0.30,0.024689,64.412500
0.300057,2500,65.449844,200,10,0.0102726018,0.000226754,2.857526,0.30,0.024689,64.412500
0.300057,2500,65.449844,500,10,0.009469194884,0.000162626,2.916899,0.30,0.024689,64.412500
0.300057,2500,65.449844,1000,10,0.008127611772,0.000132483,2.879789,0.30,0.024689,64.412500
0.300057,2500,65.449844,2000,10,0.006639943747,0.000125948,2.887209,0.30,0.024689,64.412500
0.300057,2500,65.449844,5000,10,0.004636405542,5.78707e-05,2.872354,0.30,0.024689,64.412500
0.501318,100,7.853982,50,10,0.1377115078,0.00557323,5.470487,0.50,0.041298,6.808333
0.501318,100,7.853982,200,10,0.08373983621,0.00209918,5.483518,0.50,0.041298,6.808333
0.501318,100,7.853982,500,10,0.05656184722,0.00141956,5.590056,0.50,0.041298,6.808333
0.501318,100,7.853982,1000,10,0.04045291725,0.00076339,5.563349,0.50,0.041298,6.808333
0.501318,100,7.853982,2000,10,0.02883985114,0.000544239,5.563264,0.50,0.041298,6.808333
0.500652,400,15.707963,50,10,0.08248606588,0.00271068,5.436490,0.50,0.040927,14.662500
0.500652,400,15.707963,200,10,0.06385802348,0.00115204,5.463091,0.50,0.040927,14.662500
0.500652,400,15.707963,500,10,0.04748160115,0.00096715,5.529913,0.50,0.040927,14.662500
0.500652,400,15.707963,1000,10,0.03526477218,0.00107275,5.476425,0.50,0.040927,14.662500
0.500652,400,15.707963,2000,10,0.02573006426,0.000418375,5.476469,0.50,0.040927,14.662500
0.500431,900,23.561945,50,10,0.05880008394,0.0035587,5.589478,0.50,0.040558,22.516666
0.500431,900,23.561945,200,10,0.04906527738,0.00112159,5.375480,0.50,0.040558,22.516666
0.500431,900,23.561945,500,10,0.04098360595,0.000520488,5.549290,0.50,0.040558,22.516666
0.500431,900,23.561945,1000,10,0.03182837148,0.000527826,5.442297,0.50,0.040558,22.516666
0.500431,900,23.561945,2000,10,0.0242570896,0.000335023,5.495772,0.50,0.040558,22.516666
0.500320,1600,31.415928,50,10,0.04303792912,0.00142836,5.391655,0.50,0.040192,30.370832
0.500320,1600,31.415928,200,10,0.0398863185,0.000929717,5.445160,0.50,0.040192,30.370832
0.500320,1600,31.415928,500,10,0.03434143548,0.000915876,5.418389,0.50,0.040192,30.370832
0.500320,1600,31.415928,1000,10,0.02905791531,0.000223575,5.498688,0.50,0.040192,30.370832
0.500320,1600,31.415928,2000,10,0.02279365532,0.000314811,5.498644,0.50,0.040192,30.370832
0.600304,100,6.544985,50,10,0.2615999969,0.0212038,8.420337,0.60,0.006636,5.516667
0.600304,100,6.544985,200,10,0.1552511395,0.0065005,8.237547,0.60,0.006636,5.516667
0.600304,100,6.544985,500,10,0.1014077678,0.00386059,8.120817,0.60,0.006636,5.516667
0.600304,100,6.544985,1000,10,0.07304771222,0.00200829,8.140087,0.60,0.006636,5.516667
0.600304,100,6.544985,2000,10,0.05220194606,0.00179686,8.159421,0.60,0.006636,5.516667
0.600304,400,13.089969,50,10,0.1516400769,0.00756701,8.219233,0.60,0.013270,12.058334
0.600304,400,13.089969,200,10,0.1154377227,0.00447205,8.121758,0.60,0.013270,12.058334
0.600304,400,13.089969,500,10,0.08682422029,0.00209513,8.315974,0.60,0.013270,12.058334
0.600304,400,13.089969,1000,10,0.06404827637,0.00208472,8.179802,0.60,0.013270,12.058334
0.600304,400,13.089969,2000,10,0.04717504656,0.000784889,8.257554,0.60,0.013270,12.058334
0.600304,900,19.634954,50,10,0.1049938078,0.00334271,8.244529,0.60,0.019908,18.600000
0.600304,900,19.634954,200,10,0.09066819315,0.00317066,8.205534,0.60,0.019908,18.600000
0.600304,900,19.634954,500,10,0.074926116,0.00264916,8.380489,0.60,0.019908,18.600000
0.600304,900,19.634954,1000,10,0.05878169051,0.00159619,8.302688,0.60,0.019908,18.600000
0.600304,900,19.634954,2000,10,0.04415431469,0.00156798,8.263652,0.60,0.019908,18.600000
0.600304,1600,26.179939,50,10,0.07877461645,0.00250078,8.169479,0.60,0.026545,25.141666
0.600304,1600,26.179939,200,10,0.07297762378,0.0025913,8.247337,0.60,0.026545,25.141666
0.600304,1600,26.179939,500,10,0.06299329799,0.00186398,8.227794,0.60,0.026545,25.141666
0.600304,1600,26.179939,1000,10,0.05252266006,0.000838064,8.227705,0.60,0.026545,25.141666
0.600304,1600,26.179939,2000,10,0.04178435704,0.000718676,8.344353,0.60,0.026545,25.141666
0.652234,100,6.041524,50,10,0.3605999957,0.020871,10.511111,0.65,0.041382,4.995833
0.652234,100,6.041524,200,10,0.2266321995,0.00818673,10.889700,0.65,0.041382,4.995833
0.652234,100,6.041524,500,10,0.1518148147,0.00559046,11.009658,0.65,0.041382,4.995833
0.652234,100,6.041524,1000,10,0.1076660436,0.00270426,10.865066,0.65,0.041382,4.995833
0.652234,100,6.041524,2000,10,0.0769274305,0.00114618,10.888926,0.65,0.041382,4.995833
0.651107,400,12.083049,50,10,0.215224798,0.0104688,10.678076,0.65,0.041097,11.037500
0.651107,400,12.083049,200,10,0.1639364737,0.009366,10.557505,0.65,0.041097,11.037500
0.651107,400,12.083049,500,10,0.120413317,0.004509,10.556748,0.65,0.041097,11.037500
0.651107,400,12.083049,1000,10,0.08968486238,0.00278952,10.484263,0.65,0.041097,11.037500
0.651107,400,12.083049,2000,10,0.0633245375,0.00213225,10.145992,0.65,0.041097,11.037500
0.650733,900,18.124573,50,10,0.1426094718,0.0105223,10.282631,0.65,0.040812,17.079167
0.650733,900,18.124573,200,10,0.1257641906,0.00669508,10.451114,0.65,0.040812,17.079167
0.650733,900,18.124573,500,10,0.09964272993,0.00223474,10.233767,0.65,0.040812,17.079167
0.650733,900,18.124573,1000,10,0.08020891505,0.00215389,10.402867,0.65,0.040812,17.079167
0.650733,900,18.124573,2000,10,0.06025198795,0.00207747,10.354377,0.65,0.040812,17.079167
0.650545,1600,24.166098,50,10,0.1078862735,0.00636034,10.289250,0.65,0.040527,23.120834
0.650545,1600,24.166098,200,10,0.09760453362,0.00319211,10.143865,0.65,0.040527,23.120834
0.650545,1600,24.166098,500,10,0.08686888923,0.00200429,10.434287,0.65,0.040527,23.120834
0.650545,1600,24.166098,1000,10,0.07192672776,0.00260347,10.361717,0.65,0.040527,23.120834
0.650545,1600,24.166098,2000,10,0.05615731005,0.00217055,10.313230,0.65,0.040527,23.120834
