eta,L0,c_s,c_s_err,c_s_err_scaled,c_s_scatter_mass,chi2_red,n_masses,trajectories_used,trajectories_discarded,KR,dev_KR_pct,eta_rec,delta_sigma,L_eff_true
0.006545,600,1.44297,0.002052,0.002376,0.00251,1.340,9,224,1,1.43290,+0.703,0.006545,0.000000,598.975000
0.009817,400,1.45388,0.002266,0.004337,0.00396,3.661,9,224,1,1.44238,+0.797,0.009817,0.000000,398.975000
0.013090,300,1.46003,0.002181,0.002472,0.00233,1.285,9,225,0,1.45195,+0.556,0.013090,0.000000,298.975000
0.019637,199.9995,1.47729,0.002732,0.004421,0.00344,2.619,9,225,0,1.47138,+0.401,0.019635,0.040649,198.954175
0.026184,149.9996,1.50356,0.002364,0.004424,0.00278,3.502,9,225,0,1.49119,+0.829,0.026180,0.040873,148.954163
0.039278,99.9998,1.54240,0.002573,0.004191,0.00436,2.653,9,225,0,1.53199,+0.680,0.039270,0.041260,98.954170
0.052374,74.9998,1.58696,0.002263,0.002565,0.00265,1.284,9,225,0,1.57444,+0.795,0.052360,0.041270,73.954165
0.078573,49.9999,1.67795,0.002044,0.005258,0.00525,6.617,9,225,0,1.66466,+0.799,0.078540,0.041463,48.954168
0.112267,34.9999,1.81044,0.003135,0.005291,0.00453,2.848,9,225,0,1.79216,+1.020,0.112200,0.041468,33.954166
0.130991,29.9999,1.89547,0.003234,0.004726,0.00400,2.136,9,225,0,1.86924,+1.403,0.130900,0.041468,28.954166
0.157210,24.9999,2.01442,0.002771,0.002771,0.00175,0.299,9,225,0,1.98555,+1.454,0.157080,0.041468,23.954166
0.196350,20.0000,2.21096,0.003180,0.005548,0.00430,3.044,9,225,0,2.17981,+1.429,0.196350,0.000000,18.975000
0.261799,15.0000,2.61299,0.004236,0.007659,0.00803,3.269,9,225,0,2.57255,+1.572,0.261799,0.000000,13.975000
0.392699,10.0000,3.80884,0.008167,0.011193,0.00844,1.878,9,225,0,3.74608,+1.675,0.392699,0.000000,8.975000
0.523599,7.5000,6.08815,0.017126,0.017126,0.01604,0.486,9,225,0,5.93213,+2.630,0.523599,0.000000,6.475000
0.551157,7.1400,6.72335,0.024456,0.035758,0.03036,2.138,9,225,0,6.63378,+1.350,0.549999,0.030000,6.100000
0.571198,6.8895,7.19927,0.030356,0.051640,0.04898,2.894,9,225,0,7.22532,-0.361,0.569996,0.029001,5.850000
0.590895,6.6559,7.91096,0.032985,0.091206,0.04860,7.646,9,225,0,7.88662,+0.309,0.590001,0.020134,5.620833
0.610018,6.4377,8.57748,0.034067,0.065691,0.07002,3.718,9,225,0,8.61639,-0.452,0.609999,0.000399,5.412500
0.630420,6.2333,9.50302,0.041658,0.129429,0.10259,9.653,9,225,0,9.49995,+0.032,0.630002,0.008268,5.204166
0.652234,6.0415,10.98533,0.047913,0.052764,0.03771,1.213,9,225,0,10.54876,+4.139,0.650003,0.041334,4.995833
0.670803,5.8612,12.97662,0.039217,0.039217,0.04392,0.805,9,225,0,11.40491,+13.781,0.669998,0.014066,4.829167
0.680489,5.7750,14.50280,0.049073,0.049073,0.03570,0.595,9,225,0,11.67835,+24.185,0.679998,0.008334,4.745833
0.690460,5.6913,16.50586,0.047294,0.109465,0.07565,5.357,9,225,0,11.52719,+43.191,0.689999,0.007600,4.662500
0.695556,5.6503,17.74646,0.051150,0.151370,0.07919,8.758,9,225,0,,,0.695006,0.008934,4.620833
0.700727,5.6100,19.22032,0.060097,0.225932,0.11735,14.133,9,225,0,,,0.699998,0.011667,4.579167
0.705976,5.5702,18.35590,0.200284,0.674047,1.01484,11.326,9,225,0,,,0.705000,0.015400,4.537500
0.711304,5.5310,17.07276,0.151034,0.511692,0.68537,11.478,9,225,0,,,0.709997,0.020334,4.495833
0.716713,5.4923,16.39291,0.141183,0.190732,0.35999,1.825,9,225,0,,,0.714999,0.026267,4.454167
0.722205,5.4542,16.69588,0.105367,0.231328,0.16111,4.820,9,225,0,,,0.719994,0.033399,4.412501
0.727782,5.4165,17.78164,0.023373,0.134460,0.10290,33.094,9,225,0,,,0.725005,0.041334,4.370833
0.730603,5.3794,18.56553,0.027587,0.098594,0.05629,12.773,9,225,0,,,0.730005,0.008799,4.350000
0.742108,5.3067,22.68524,0.034181,0.134725,0.07047,15.536,9,225,0,,,0.740006,0.030067,4.266666
0.750978,5.2360,27.80076,0.045696,0.214136,0.11693,21.959,9,225,0,,,0.749998,0.013667,4.204167
0.760063,5.1671,37.40264,0.064821,0.191792,0.12646,8.754,9,225,0,,,0.759999,0.000867,4.141667
