eta,N,L0,M,n_runs,nu_mean,nu_sd,c_s_mass
0.02,100,196.349548,50,10,0.001294238088,2.26193e-05,1.474979
0.02,100,196.349548,200,10,0.0007945348842,1.66014e-05,1.492644
0.02,100,196.349548,500,10,0.0005202084301,5.8941e-06,1.474979
0.02,100,196.349548,1000,10,0.0003760765531,5.21736e-06,1.483812
0.02,100,196.349548,2000,10,0.000267054064,2.24303e-06,1.477923
0.02,400,392.699097,50,10,0.0008579039943,1.37678e-05,1.510406
0.02,400,392.699097,200,10,0.0006454670253,9.50634e-06,1.475074
0.02,400,392.699097,500,10,0.0004703516701,6.38759e-06,1.463297
0.02,400,392.699097,1000,10,0.0003555829314,4.02885e-06,1.475074
0.02,400,392.699097,2000,10,0.0002589223084,2.44114e-06,1.472130
0.02,900,589.048645,50,10,0.0005847204078,1.94083e-05,1.451551
0.02,900,589.048645,200,10,0.0005114556938,9.76277e-06,1.463328
0.02,900,589.048645,500,10,0.0004163296653,5.55106e-06,1.472161
0.02,900,589.048645,1000,10,0.0003283644906,5.20115e-06,1.466273
0.02,900,589.048645,2000,10,0.0002483162738,2.82477e-06,1.469217
0.02,1600,785.398193,50,10,0.0004604724675,1.1511e-05,1.489843
0.02,1600,785.398193,200,10,0.0004142084022,8.06781e-06,1.460399
0.02,1600,785.398193,500,10,0.0003605560322,7.95178e-06,1.469232
0.02,1600,785.398193,1000,10,0.0003024356883,2.5402e-06,1.478066
0.02,1600,785.398193,2000,10,0.000234403445,3.30436e-06,1.460399
0.05,100,78.539818,50,10,0.003488207081,5.83634e-05,1.577618
0.05,100,78.539818,200,10,0.002116073316,4.51331e-05,1.577618
0.05,100,78.539818,500,10,0.001402055034,1.94509e-05,1.577617
0.05,100,78.539818,1000,10,0.001005561231,1.64583e-05,1.574486
0.05,100,78.539818,2000,10,0.0007183249251,9.96542e-06,1.577617
0.05,400,157.079636,50,10,0.002240466277,6.24122e-05,1.571611
0.05,400,157.079636,200,10,0.001729489091,3.2619e-05,1.574743
0.05,400,157.079636,500,10,0.001265370387,1.86362e-05,1.568481
0.05,400,157.079636,1000,10,0.0009489744591,1.39763e-05,1.568481
0.05,400,157.079636,2000,10,0.0006896257755,4.37032e-06,1.562219
0.05,900,235.619446,50,10,0.001599588601,3.39823e-05,1.584219
0.05,900,235.619446,200,10,0.001376930006,1.1565e-05,1.571696
0.05,900,235.619446,500,10,0.001109669758,1.47956e-05,1.565434
0.05,900,235.619446,1000,10,0.0008822405044,7.41006e-06,1.571696
0.05,900,235.619446,2000,10,0.0006658320827,5.59242e-06,1.571696
0.05,1600,314.159271,50,10,0.00122896527,1.99561e-05,1.587392
0.05,1600,314.159271,200,10,0.001112207653,1.81623e-05,1.565476
0.05,1600,314.159271,500,10,0.0009642474532,1.09252e-05,1.568607
0.05,1600,314.159271,1000,10,0.0008055851673,6.76623e-06,1.571738
0.05,1600,314.159271,2000,10,0.0006281470202,9.28833e-06,1.562344
0.10,100,39.269909,50,10,0.007791937882,0.000146926,1.738737
0.10,100,39.269909,200,10,0.004764685826,7.97209e-05,1.752646
0.10,100,39.269909,500,10,0.00315695844,3.5214e-05,1.752646
0.10,100,39.269909,1000,10,0.002286692847,1.89794e-05,1.766555
0.10,100,39.269909,2000,10,0.001630261522,2.4289e-05,1.766553
0.10,400,78.539818,50,10,0.00509836195,0.000259112,1.776419
0.10,400,78.539818,200,10,0.003825215982,9.729e-05,1.730038
0.10,400,78.539818,500,10,0.002855062257,2.38219e-05,1.757864
0.10,400,78.539818,1000,10,0.002141176376,1.78654e-05,1.757864
0.10,400,78.539818,2000,10,0.001558120344,2.60699e-05,1.753225
0.10,900,117.809723,50,35,0.003561768082,9.71955e-05,1.756066
0.10,900,117.809723,200,35,0.003083411245,6.28777e-05,1.752090
0.10,900,117.809723,500,35,0.002498639624,3.75211e-05,1.754740
0.10,900,117.809723,1000,35,0.001980117604,3.61999e-05,1.756066
0.10,900,117.809723,2000,35,0.001497789667,1.90109e-05,1.760041
0.10,1600,157.079636,50,35,0.002722006802,5.55079e-05,1.752184
0.10,1600,157.079636,200,35,0.002486553179,5.60229e-05,1.744233
0.10,1600,157.079636,500,35,0.002153091263,2.80514e-05,1.745557
0.10,1600,157.079636,1000,35,0.001796590813,3.04892e-05,1.746883
0.10,1600,157.079636,2000,34,0.001412220837,2.65572e-05,1.750509
0.10,1600,157.079636,3200,10,0.001171364907,9.77356e-06,1.758147
0.10,2500,196.349548,50,10,0.002177146339,4.07025e-05,1.735010
0.10,2500,196.349548,200,10,0.002078862944,5.68e-05,1.753567
0.10,2500,196.349548,500,10,0.001877272086,5.1292e-05,1.753567
0.10,2500,196.349548,1000,10,0.001627747981,2.08562e-05,1.748926
0.10,2500,196.349548,2000,10,0.001333425572,1.99713e-05,1.758204
0.10,2500,196.349548,5000,10,0.0009309538329,1.19282e-05,1.748925
0.30,100,13.089969,50,10,0.04127039771,0.00119525,2.905225
0.30,100,13.089969,200,10,0.02471632616,0.000525795,2.868115
0.30,100,13.089969,500,10,0.01654559538,0.000312236,2.897747
0.30,100,13.089969,1000,10,0.0119509796,0.000205249,2.912564
0.30,100,13.089969,2000,10,0.008455192855,0.000177016,2.890318
0.30,400,26.179939,50,10,0.02552409677,0.000652491,2.886049
0.30,400,26.179939,200,10,0.01971406169,0.000532832,2.893439
0.30,400,26.179939,500,10,0.01448127326,0.000247543,2.893443
0.30,400,26.179939,1000,10,0.0108881802,0.000158072,2.900859
0.30,400,26.179939,2000,10,0.00796453875,8.56669e-05,2.908277
0.30,900,39.269909,50,35,0.01771650933,0.000526962,2.860494
0.30,900,39.269909,200,35,0.01542892454,0.000396137,2.871099
0.30,900,39.269909,500,35,0.01252077367,0.000257209,2.879573
0.30,900,39.269909,1000,35,0.009922248882,0.000115712,2.881691
0.30,900,39.269909,2000,35,0.007488369972,0.000119122,2.881687
0.30,1600,52.359879,50,35,0.01360114967,0.000337947,2.880064
0.30,1600,52.359879,200,35,0.01243528062,0.000269622,2.869447
0.30,1600,52.359879,500,35,0.01074356,0.000193305,2.865206
0.30,1600,52.359879,1000,35,0.008951260257,0.000162016,2.863088
0.30,1600,52.359879,2000,35,0.0070372079,0.000116336,2.869445
0.30,1600,52.359879,3200,10,0.005833124496,6.33882e-05,2.880050
0.30,2500,65.449844,50,10,0.01098626939,0.00020839,2.887760
0.30,2500,65.449844,200,10,0.0102726018,0.000226754,2.858074
0.30,2500,65.449844,500,10,0.009469194884,0.000162626,2.917458
0.30,2500,65.449844,1000,10,0.008127611772,0.000132483,2.880340
0.30,2500,65.449844,2000,10,0.006639943747,0.000125948,2.887762
0.30,2500,65.449844,5000,10,0.004636405542,5.78707e-05,2.872904
0.50,100,7.853982,50,10,0.1377115078,0.00557323,5.487079
0.50,100,7.853982,200,10,0.08373983621,0.00209918,5.500149
0.50,100,7.853982,500,10,0.05656184722,0.00141956,5.607009
0.50,100,7.853982,1000,10,0.04045291725,0.00076339,5.580223
0.50,100,7.853982,2000,10,0.02883985114,0.000544239,5.580137
0.50,400,15.707963,50,10,0.08248606588,0.00271068,5.444078
0.50,400,15.707963,200,10,0.06385802348,0.00115204,5.470716
0.50,400,15.707963,500,10,0.04748160115,0.00096715,5.537630
0.50,400,15.707963,1000,10,0.03526477218,0.00107275,5.484068
0.50,400,15.707963,2000,10,0.02573006426,0.000418375,5.484112
0.50,900,23.561945,50,10,0.05880008394,0.0035587,5.594512
0.50,900,23.561945,200,10,0.04906527738,0.00112159,5.380322
0.50,900,23.561945,500,10,0.04098360595,0.000520488,5.554289
0.50,900,23.561945,1000,10,0.03182837148,0.000527826,5.447198
0.50,900,23.561945,2000,10,0.0242570896,0.000335023,5.500721
0.50,1600,31.415928,50,10,0.04303792912,0.00142836,5.395223
0.50,1600,31.415928,200,10,0.0398863185,0.000929717,5.448763
0.50,1600,31.415928,500,10,0.03434143548,0.000915876,5.421974
0.50,1600,31.415928,1000,10,0.02905791531,0.000223575,5.502326
0.50,1600,31.415928,2000,10,0.02279365532,0.000314811,5.502282
0.60,100,6.544985,50,10,0.2615999969,0.0212038,8.425401
0.60,100,6.544985,200,10,0.1552511395,0.0065005,8.242502
0.60,100,6.544985,500,10,0.1014077678,0.00386059,8.125702
0.60,100,6.544985,1000,10,0.07304771222,0.00200829,8.144983
0.60,100,6.544985,2000,10,0.05220194606,0.00179686,8.164329
0.60,400,13.089969,50,10,0.1516400769,0.00756701,8.223755
0.60,400,13.089969,200,10,0.1154377227,0.00447205,8.126227
0.60,400,13.089969,500,10,0.08682422029,0.00209513,8.320550
0.60,400,13.089969,1000,10,0.06404827637,0.00208472,8.184303
0.60,400,13.089969,2000,10,0.04717504656,0.000784889,8.262097
0.60,900,19.634954,50,10,0.1049938078,0.00334271,8.248941
0.60,900,19.634954,200,10,0.09066819315,0.00317066,8.209925
0.60,900,19.634954,500,10,0.074926116,0.00264916,8.384974
0.60,900,19.634954,1000,10,0.05878169051,0.00159619,8.307131
0.60,900,19.634954,2000,10,0.04415431469,0.00156798,8.268074
0.60,1600,26.179939,50,10,0.07877461645,0.00250078,8.173793
0.60,1600,26.179939,200,10,0.07297762378,0.0025913,8.251691
0.60,1600,26.179939,500,10,0.06299329799,0.00186398,8.232138
0.60,1600,26.179939,1000,10,0.05252266006,0.000838064,8.232048
0.60,1600,26.179939,2000,10,0.04178435704,0.000718676,8.348759
0.65,100,6.041524,50,10,0.3605999957,0.020871,10.554644
0.65,100,6.041524,200,10,0.2266321995,0.00818673,10.934801
0.65,100,6.041524,500,10,0.1518148147,0.00559046,11.055256
0.65,100,6.041524,1000,10,0.1076660436,0.00270426,10.910065
0.65,100,6.041524,2000,10,0.0769274305,0.00114618,10.934024
0.65,400,12.083049,50,10,0.215224798,0.0104688,10.697956
0.65,400,12.083049,200,10,0.1639364737,0.009366,10.577160
0.65,400,12.083049,500,10,0.120413317,0.004509,10.576402
0.65,400,12.083049,1000,10,0.08968486238,0.00278952,10.503782
0.65,400,12.083049,2000,10,0.0633245375,0.00213225,10.164881
0.65,900,18.124573,50,10,0.1426094718,0.0105223,10.294917
0.65,900,18.124573,200,10,0.1257641906,0.00669508,10.463601
0.65,900,18.124573,500,10,0.09964272993,0.00223474,10.245994
0.65,900,18.124573,1000,10,0.08020891505,0.00215389,10.415297
0.65,900,18.124573,2000,10,0.06025198795,0.00207747,10.366749
0.65,1600,24.166098,50,10,0.1078862735,0.00636034,10.298267
0.65,1600,24.166098,200,10,0.09760453362,0.00319211,10.152756
0.65,1600,24.166098,500,10,0.08686888923,0.00200429,10.443432
0.65,1600,24.166098,1000,10,0.07192672776,0.00260347,10.370798
0.65,1600,24.166098,2000,10,0.05615731005,0.00217055,10.322269
