cell,eta_lab,M,alpha,n,tau_r,s_tau_r,Ginv,s_Ginv,Gamma,P1,s_P1,tau_T,om_fit,nu,Q,window,ok
e0p10_H_H5_L39.25,0.10,25,0.5,25,488.52195047352694,40.30609459100986,244.26097523676347,20.15304729550493,0.004093981852936985,8.179134953687587,0.28149686308348226,1634.5688372408126,0.050279171453791925,0.008009736534986364,12.292838786010241,2568.861101890528,True
e0p10_H_H5_L39.25,0.10,50,1.0,25,844.4130267023585,85.18416512015158,422.20651335117924,42.59208256007579,0.0023685091735385633,8.777021870356897,0.3238622724381539,2777.5561002961376,0.04032535723746664,0.006390394585613408,16.952450012012758,3214.9433017400715,True
e0p10_H_H5_L39.25,0.10,100,2.0,25,1543.5150424528133,95.50280173833274,771.7575212264067,47.75140086916637,0.0012957437698966525,8.589723109096473,0.3032305398734304,5716.383370890711,0.03059664579062594,0.004866567073267056,23.598448583391118,4232.639579842441,True
e0p10_H_H5_L39.25,0.10,150,3.0,25,2598.3180317351425,190.11928693007934,1299.1590158675713,95.05964346503967,0.0007697287151043673,9.33504201174323,0.1463044078492973,6781.537342511882,0.02567534630402615,0.004080846932840816,33.311369299504015,5055.03623353071,True
e0p10_H_H5_L39.25,0.10,250,5.0,25,3576.4516314963594,469.95049536305424,1788.2258157481797,234.97524768152712,0.0005592134903731987,9.061521552437018,0.252778336595306,11364.933646481637,0.02030555437093844,0.0032301032863334763,36.29264647356527,6386.186025135097,True
e0p10_H_H5_L39.25,0.10,375,7.5,25,6305.243390612217,505.56685737163104,3152.6216953061084,252.78342868581552,0.00031719631996724666,8.113602070701953,0.22812070997920308,15745.328674377684,0.01670137413155944,0.0026503279103688676,52.499037149476266,7736.686317126518,True
e0p10_H_H5_L39.25,0.10,500,10.0,25,7719.581943682013,880.9973529778026,3859.7909718410065,440.4986764889013,0.0002590813873848276,8.303181551442693,0.1722651447103047,17167.96137935505,0.014536004506504309,0.002312694182221868,56.08695496196468,8883.831666029251,True
e0p10_H_H5_L39.25,0.10,750,15.0,25,8241.153768057078,788.3436728950933,4120.576884028539,394.17183644754664,0.00024268446582710918,10.236330030597449,0.2515720398121198,31417.62408103505,0.011966113689370924,0.0018997599283742124,49.185445918211784,10822.836207537346,True
e0p10_H_H5_L39.25,0.10,1000,20.0,25,13068.59673635143,1983.365605978041,6534.298368175715,991.6828029890205,0.00015303861924492837,9.894613745446543,0.1667362585409975,26249.355658914814,0.01039179988738911,0.0016504058125827161,67.75940350002314,12472.576246149663,True
e0p10_H_H10_L39.25,0.10,50,0.5,25,643.9410878838726,71.3772947274041,321.9705439419363,35.68864736370205,0.0031058741826405665,4.41905007541295,0.19686827502388507,3018.2456272263066,0.0494966973344755,0.00786158136153938,15.903983740907877,2568.861101890528,True
e0p10_H_H10_L39.25,0.10,100,1.0,25,1015.3851025901533,84.14624332378555,507.69255129507667,42.07312166189278,0.0019696960245902616,4.43073928142683,0.182669590913093,4389.737001783035,0.03974636297042332,0.0063293438282152606,20.190140838509638,3214.9433017400715,True
e0p10_H_H10_L39.25,0.10,200,2.0,25,2141.4305969315806,205.903952551174,1070.7152984657903,102.951976275587,0.0009339550872513757,4.483076815427511,0.1677161006753719,8840.4580334145,0.03021031477086898,0.004811695205022596,32.37069215373012,4232.639579842441,True
e0p10_H_H10_L39.25,0.10,300,3.0,25,3491.02799578563,170.6018123820481,1745.513997892815,85.30090619102405,0.0005728971530490161,5.21226927291682,0.12576594937734636,10839.786809121018,0.02529840787328212,0.0040198323282138885,44.08706045672746,5055.03623353071,True
e0p10_H_H10_L39.25,0.10,500,5.0,25,4762.864618855223,329.7023954308527,2381.4323094276115,164.85119771542634,0.0004199153576783187,4.284976312691086,0.10185955183748861,15405.365654738162,0.01999132150501771,0.0031824634940257964,47.61913919237143,6386.186025135097,True
e0p10_H_H10_L39.25,0.10,750,7.5,25,6579.98337832103,662.5929977517205,3289.991689160515,331.29649887586027,0.000303952135591918,4.272223033052939,0.07598268992709677,15665.750753648443,0.016482101281764402,0.002624460958286412,54.251879165971246,7736.686317126518,True
e0p10_H_H10_L39.25,0.10,1000,10.0,25,9602.726564078626,773.2460813778773,4801.363282039313,386.62304068893866,0.0002082741799065168,4.248964460919277,0.06445201839930499,21592.647795946792,0.014364545410858687,0.00228341387021478,68.88569906256856,8883.831666029251,True
e0p10_H_H10_L39.25,0.10,1500,15.0,25,14557.88039833363,953.6439816500559,7278.940199166815,476.82199082502797,0.00013738263711995672,3.765111682303896,0.04534977804704541,21866.667528233622,0.011786845051457957,0.001876831153688796,85.83674164456212,10822.836207537346,True
e0p10_H_H10_L39.25,0.10,2000,20.0,25,18391.7975551172,1534.717793821741,9195.8987775586,767.3588969108705,0.00010874412868053426,4.600004659842632,0.054500154922896456,23557.298636002597,0.010253289461311012,0.0016298520137881759,94.17209324464481,12472.576246149663,True
e0p10_H_H20_L39.25,0.10,100,0.5,25,614.2427470184226,35.304264833713965,307.1213735092113,17.652132416856983,0.0032560417029067748,2.3802031512950212,0.10367588615293366,3444.9680368065733,0.049269708260534846,0.0077929621233113035,15.038082917944292,2568.861101890528,True
e0p10_H_H20_L39.25,0.10,200,1.0,25,1108.1626010486182,110.13536937279592,554.0813005243091,55.06768468639796,0.001804789295458505,2.237033210443823,0.07862066522454968,4066.3480530374986,0.03940524414175745,0.0062819983428860846,21.87012067673019,3214.9433017400715,True
e0p10_H_H20_L39.25,0.10,400,2.0,25,2248.4493589293475,172.93578026101164,1124.2246794646737,86.46789013050582,0.0008895019103086882,2.3141560806785733,0.0561922107602286,9131.429936068345,0.030041324449612897,0.004772906470573924,33.714436653705675,4232.639579842441,True
e0p10_H_H20_L39.25,0.10,600,3.0,25,3175.6663842853686,281.9794012711699,1587.8331921426843,140.98970063558494,0.0006297890766791194,2.1118860595477216,0.03520945915526126,8240.855664110271,0.025117711526553364,0.004000022391646716,39.9068241261182,5055.03623353071,True
e0p10_H_H20_L39.25,0.10,1000,5.0,25,5339.54334495413,534.3927300621598,2669.771672477065,267.1963650310799,0.00037456386638194455,2.2434926790539587,0.018878727813121977,10640.286373600251,0.019875297053921017,0.003164911991596672,53.09035470025589,6386.186025135097,True
e0p10_H_H20_L39.25,0.10,1500,7.5,25,8328.165506862197,963.4624866093156,4164.082753431098,481.7312433046578,0.0002401489257570651,1.8271903511368126,0.01871223385397418,14310.345709435602,0.016396995351419974,0.0026094581260786036,68.27308890010765,7736.686317126518,True
e0p10_H_H20_L39.25,0.10,2000,10.0,25,11184.344805851695,1233.0394765402268,5592.172402925848,616.5197382701134,0.00017882138245179922,2.1525790071872097,0.01990753468460842,21504.65818974293,0.01427428265832204,0.0022708008127348,79.78834581458746,8883.831666029251,True
e0p10_H_H20_L39.25,0.10,3000,15.0,25,17565.252378616395,1885.0521770391483,8782.626189308197,942.5260885195742,0.00011386115934404462,2.164831554127371,0.011705884923344937,21518.727622259485,0.011733760390905807,0.0018653667663460602,102.93628772382324,10822.836207537346,True
e0p10_H_H20_L39.25,0.10,4000,20.0,25,25410.33209072211,3519.1638433776757,12705.166045361055,1759.5819216888378,7.870814095854519e-05,2.395002373761106,0.018627218839549365,35436.35493497387,0.010186026065183354,0.001621502033027856,129.44274411014837,12472.576246149663,True
e0p10_H_H40_L39.25,0.10,200,0.5,25,721.9422691029598,60.15316742773556,360.9711345514799,30.07658371386778,0.0027703046151946117,1.1067306380006907,0.026957286087306544,3342.0026315897862,0.04906740499195425,0.007814795517292954,17.72433547688351,2568.861101890528,True
e0p10_H_H40_L39.25,0.10,400,1.0,25,1291.206299614989,104.83058071865759,645.6031498074944,52.41529035932879,0.0015489391591385195,1.1506805684783459,0.02474656827766918,6058.735754817389,0.039270792135566494,0.006244620328152524,25.330954068321848,3214.9433017400715,True
e0p10_H_H40_L39.25,0.10,800,2.0,25,2459.8793672717206,269.0100417465597,1229.9396836358603,134.50502087327985,0.0008130480000806796,1.0921517670214633,0.01534167877826085,9821.5225757964,0.029904035901069118,0.004753039070002656,36.73119575489732,4232.639579842441,True
e0p10_H_H40_L39.25,0.10,1200,3.0,25,3383.73333969785,283.1903028170493,1691.866669848925,141.59515140852466,0.000591063124430068,1.2135211593036397,0.013171327255039268,8255.982561822213,0.025038874950231643,0.003979420057616828,42.30247600241232,5055.03623353071,True
e0p10_H_H40_L39.25,0.10,2000,5.0,25,5348.209837670383,358.41168501084223,2674.1049188351917,179.20584250542112,0.0003739569053392221,1.0749305207812747,0.014792956437863018,12936.261136117791,0.01981368182616928,0.0031548825616371633,53.0080110144623,6386.186025135097,True
e0p10_H_H40_L39.25,0.10,3000,7.5,25,8306.592991083227,807.8842135127413,4153.296495541614,403.94210675637066,0.0002407726010106568,1.151308430478744,0.00824196393138804,19218.2032957572,0.016365872340581084,0.0026053194137454078,67.98823700139512,7736.686317126518,True
e0p10_H_H40_L39.25,0.10,4000,10.0,25,13725.341018137009,1580.001824417688,6862.6705090685045,790.000912208844,0.00014571586945323617,1.2548122604489,0.006626342582148221,16877.70320409296,0.014225090335601731,0.002264043817656232,97.62428006836758,8883.831666029251,True
e0p10_H_H40_L39.25,0.10,6000,15.0,25,17523.96878232646,2260.111043110299,8761.98439116323,1130.0555215551494,0.00011412939756073239,1.0927267922459187,0.009838251517304395,28328.822798447945,0.011682216788131325,0.001857970387415256,102.28716254434057,10822.836207537346,True
e0p10_H_H40_L39.25,0.10,8000,20.0,25,17099.28969853283,1579.10191874171,8549.644849266415,789.550959370855,0.00011696392278631352,0.9867021019166603,0.008439786288809674,26069.192946943418,0.01014681438979287,0.001614757817798392,86.74317989471055,12472.576246149663,True
e0p10_L_H10_L19.625,0.10,25,0.5,25,159.15229349489508,3.8667751562763644,79.57614674744754,1.9333875781381822,0.012566579821635756,2.0901379528904758,0.12562965529006315,765.997333807523,0.10184198200000977,0.01618369035978969,8.091710467593119,1250.844985022291,True
e0p10_L_H10_L19.625,0.10,50,1.0,25,296.00170685091194,18.529389743461625,148.00085342545597,9.264694871730812,0.006756717794898885,2.210880596196319,0.07752431559677718,1611.4697603901107,0.08202865011688286,0.01302410655749592,12.111335332516177,1564.4715641741634,True
e0p10_L_H10_L19.625,0.10,100,2.0,25,545.0001417394374,31.746972959963408,272.5000708697187,15.873486479981704,0.0036697238162484605,2.287267184981589,0.12361173940296398,2844.22791714201,0.06233368829943291,0.009938085159690956,17.01567577930284,2060.66657298912,True
e0p10_L_H10_L19.625,0.10,150,3.0,25,791.8967376700427,57.28222697291557,395.94836883502137,28.641113486457787,0.002525581814978172,2.257159558666892,0.0820159628591054,3995.4365405899803,0.052112734624513705,0.008263634446928571,20.55841003958664,2461.4329274732186,True
e0p10_L_H10_L19.625,0.10,250,5.0,25,1357.7898035333635,140.9249842957791,678.8949017666818,70.46249214788955,0.0014729820439035696,2.1043754192707933,0.06816888798803353,4548.322420803624,0.04112719955615254,0.006549958949063937,27.939652083146644,3107.6783555310317,True
e0p10_L_H10_L19.625,0.10,375,7.5,25,1941.1612876960696,72.00978568738617,970.5806438480348,36.004892843693085,0.0010303110888708095,2.297608381085095,0.03708392696952252,6100.002079104157,0.034030070424523044,0.005410018866588923,32.99212385588344,3767.2066025773775,True
e0p10_L_H10_L19.625,0.10,500,10.0,25,2292.826534431022,171.5742875481702,1146.413267215511,85.7871437740851,0.0008722857878545581,2.17524586861944,0.05615119545947371,8377.155605071785,0.029619876601496772,0.004699604171862885,33.8518456833235,4325.111600060266,True
e0p10_L_H10_L19.625,0.10,750,15.0,25,3752.6189299459215,226.4377061192093,1876.3094649729608,113.21885305960465,0.0005329611232411551,2.007404248489611,0.03403261132953093,10035.94380206333,0.02427219931037719,0.003860508714957128,45.51230958187891,5269.936664386574,True
e0p10_L_H10_L19.625,0.10,1000,20.0,25,4843.938085748089,370.3973403019324,2421.9690428740446,185.1986701509662,0.0004128871931465085,2.2131965952700816,0.048964409955353796,10372.516719191022,0.021085512611542456,0.0033518299797987076,51.007077068051174,6074.178711520994,True
e0p10_L_H10_L78.5,0.10,100,0.5,25,2129.7444338880914,267.85134936529806,1064.8722169440457,133.92567468264903,0.0009390798107868614,8.87217452502925,0.39489209557578137,6284.84340252978,0.024535886128710275,0.003915475093291165,26.19761951455518,5204.897215934059,True
e0p10_L_H10_L78.5,0.10,200,1.0,25,3718.953182786437,233.38753085734197,1859.4765913932185,116.69376542867099,0.0005377857428421548,9.067221056232647,0.5078865492213868,11486.608199722536,0.019553626690378773,0.0031164590091988797,36.4109493746344,6514.95054613489,True
e0p10_L_H10_L78.5,0.10,400,2.0,25,8466.233143365984,1087.2685419155866,4233.116571682992,543.6342709577933,0.0002362325683845797,9.750963904100695,0.1774173190908642,14825.337510448866,0.014894174291334007,0.00236686617247584,62.95261851765622,8573.268410482335,True
e0p10_L_H10_L78.5,0.10,600,3.0,25,11553.449017574676,979.0239455878431,5776.724508787338,489.51197279392153,0.00017310848015667654,8.797258400385642,0.10862396665328049,16393.10007489214,0.012461421266011189,0.00197889759549084,71.82652337509708,10243.848153609035,True
e0p10_L_H10_L78.5,0.10,1000,5.0,25,19731.98241160789,1830.721447454285,9865.991205803944,915.3607237271425,0.00010135829022548916,8.495113380304481,0.1405751628163831,25974.60439776225,0.00986127104295609,0.001568534008331448,97.23318944148157,12945.37641520056,True
e0p10_L_H10_L78.5,0.10,1500,7.5,25,28929.069340127997,4182.855932191669,14464.534670063998,2091.4279660958346,6.913461254094913e-05,8.739416376325694,0.06088328604366002,34802.05817940956,0.00814275230825206,0.0012952985125834037,117.7210702939145,15687.845003526398,True
e0p10_L_H10_L78.5,0.10,2000,10.0,25,34258.19751755476,6572.00187793995,17129.09875877738,3286.000938969975,5.838018766092844e-05,8.395002713396163,0.04338045377147797,31832.704324030638,0.007079081804075302,0.0011236402457002641,120.93212038550136,17997.130184011843,True
e0p10_L_H10_L78.5,0.10,3000,15.0,25,48947.854470777565,5763.954550653622,24473.927235388783,2881.977275326811,4.0859809313889806e-05,7.471856856486902,0.048098612551843625,56635.86043472527,0.005816111880226657,0.000925029349694888,142.24566673973789,21921.809550659087,True
e0p10_L_H10_L78.5,0.10,4000,20.0,25,66478.64987878545,6572.47463105094,33239.324939392725,3286.23731552547,3.0084846844012644e-05,7.199109551972084,0.03660335107620097,54958.80754322656,0.005048229188302271,0.0008029842066602321,167.70231855738766,25239.79514156504,True
e0p10_aspect_H19.7917_L19.7917,0.10,50,0.5,25,195.76431669979763,12.261454462920812,97.88215834989882,6.130727231460406,0.010216366464103758,1.1130291287079928,0.06259279907530345,1261.8304369774467,0.10040620625729973,0.01608841299136714,9.894562854452492,1261.4897710509288,True
e0p10_aspect_H19.7917_L19.7917,0.10,100,1.0,25,315.39616255711894,23.494075207129463,157.69808127855947,11.747037603564731,0.006341231243223499,1.1656071369103596,0.037185302809124625,1986.3898183697886,0.08045997736281234,0.012792422121903355,12.675323708700358,1577.7833438682208,True
e0p10_aspect_H19.7917_L19.7917,0.10,200,2.0,25,569.9287585523949,30.247435210008568,284.96437927619746,15.123717605004284,0.00350921052848772,1.066722074654688,0.06052940868646281,3927.6634899325195,0.06121823244715168,0.00971165401721526,17.3885611404668,2077.876627843842,True
e0p10_aspect_H19.7917_L19.7917,0.10,300,3.0,25,898.1916792655447,55.12513944414025,449.09583963277237,27.562569722070126,0.0022266962010106892,1.0693203555918394,0.03228196276472064,5113.814212636733,0.05122020676142793,0.00814710167256152,22.989103543582612,2479.303355193042,True
e0p10_aspect_H19.7917_L19.7917,0.10,500,5.0,25,1427.6113644592283,145.56004117882654,713.8056822296141,72.78002058941327,0.0014009414955572237,1.110969636974373,0.025970596241494958,6770.434081326056,0.040591635764628715,0.006451286826529057,28.93384964996412,3134.1250453797174,True
e0p10_aspect_H19.7917_L19.7917,0.10,750,7.5,25,2303.798356941732,150.15440542228373,1151.899178470866,75.07720271114187,0.0008681315332887809,1.1303423055182957,0.039179447525425314,9977.18127159345,0.03347326538282253,0.005327494582998808,38.558253449413705,3799.2665160671218,True
e0p10_aspect_H19.7917_L19.7917,0.10,1000,10.0,25,2917.7046855021795,226.34709642699877,1458.8523427510897,113.17354821349939,0.000685470332188801,1.1419075778810164,0.011353221516500414,9109.69503920184,0.029139541653227127,0.004644350435744568,42.571228905098536,4361.244996762794,True
e0p10_aspect_H19.7917_L19.7917,0.10,1500,15.0,25,4529.418629968529,336.65988197234094,2264.7093149842644,168.32994098617047,0.00044155777228608613,1.1062376663495321,0.014106938335819478,10925.457833802317,0.023877359861905183,0.0037963005397583277,54.01979371703402,5314.792993385309,True
e0p10_aspect_H19.7917_L19.7917,0.10,2000,20.0,25,4785.240815785821,394.6749790889148,2392.6204078929104,197.3374895444574,0.0004179517974105478,1.0844053113448813,0.012043302473491503,10637.992311214779,0.020740165491766153,0.003299347029999456,49.59999911620433,6119.216757842539,True
e0p10_aspect_H14_L28,0.10,50,0.5,25,323.73550874262565,17.73388222592553,161.86775437131283,8.866941112962765,0.006177882703593162,2.2245631952021943,0.07669770591313435,1509.1516218257368,0.07000619809277076,0.01121101858747546,11.402111475242709,1810.849902437685,True
e0p10_aspect_H14_L28,0.10,100,1.0,25,557.3903599230376,46.7358870003088,278.6951799615188,23.3679435001544,0.0035881496053791683,2.2146042289337426,0.07250144112282174,2920.0868011379875,0.05599872777247856,0.008921368498922968,15.622150031964503,2268.0331317057276,True
e0p10_aspect_H14_L28,0.10,200,2.0,25,1241.7504042155633,90.0314049785681,620.8752021077817,45.01570248928405,0.0016106296347561384,2.375739090484529,0.06444567097445582,4510.666799847735,0.04267156656556363,0.006805034408615781,26.546942443127204,2988.3064109953416,True
e0p10_aspect_H14_L28,0.10,300,3.0,25,1574.5923820664352,93.03287676122642,787.2961910332176,46.51643838061321,0.0012701699962343752,2.2343060261368604,0.06109928062316203,8936.209140923842,0.03582305025573508,0.0057131707781645676,28.261501056703892,3563.401699490524,True
e0p10_aspect_H14_L28,0.10,500,5.0,25,2757.9079662416348,263.8866061638329,1378.9539831208174,131.94330308191644,0.000725187361029135,2.101359085453241,0.04209502350877643,6195.0147718728,0.028200142318426106,0.004487522010288336,38.880893236576796,4507.352797416225,True
e0p10_aspect_H14_L28,0.10,750,7.5,25,3989.8369817609864,296.9508411255864,1994.9184908804932,148.4754205627932,0.0005012736132184688,2.2483475958423336,0.031908863495739424,14663.140523027872,0.023335920520541675,0.0037182751106663,46.606505763166865,5463.079849195274,True
e0p10_aspect_H14_L28,0.10,1000,10.0,25,5534.773783966655,531.1201366410494,2767.3868919833276,265.5600683205247,0.0003613517151854836,2.2354828368549957,0.03434109632844787,12718.180999075526,0.020333215561684565,0.003228064602562396,56.12960234887895,6269.218411962191,True
e0p10_aspect_H14_L28,0.10,1500,15.0,25,7809.004519648477,657.6294226335713,3904.5022598242385,328.81471131678563,0.00025611459117071047,2.1130094481346355,0.017933502754857774,14950.661733118775,0.016656691185068115,0.0026490939254326523,64.98945629584514,7639.927461738792,True
e0p10_aspect_H14_L28,0.10,2000,20.0,25,11735.00642570148,1295.0883501489204,5867.50321285074,647.5441750744602,0.00017043024327789805,2.3364343502698173,0.022828843817155813,14676.64267830584,0.014476123293490824,0.0023013997525732923,84.84480707885301,8797.642773264166,True
e0p10_aspect_H9.91667_L39.625,0.10,50,0.5,25,596.9934627412326,25.208835258585026,298.4967313706163,12.604417629292513,0.0033501204365229405,4.465241933050967,0.2806145673381826,2415.833985291052,0.04900499000822101,0.007829664910785213,14.684617003991804,2593.0797086235993,True
e0p10_aspect_H9.91667_L39.625,0.10,100,1.0,25,1109.846804123014,84.49953841988872,554.923402061507,42.24976920994436,0.001802050510548051,4.787638277144635,0.1543786594008949,4209.724366048219,0.03931626994128689,0.006237985791398897,21.749901260532656,3246.7528875253815,True
e0p10_aspect_H9.91667_L39.625,0.10,200,2.0,25,1947.3048239377442,178.18259844770483,973.6524119688721,89.09129922385242,0.0010270605687483986,4.611790573057256,0.19272807046545123,5675.062684935645,0.029824673319519896,0.00474413990563572,29.02293307455065,4275.851607883681,True
e0p10_aspect_H9.91667_L39.625,0.10,300,3.0,25,3189.1117988286937,206.25164304474796,1594.5558994143469,103.12582152237398,0.0006271338623922077,4.941254761276938,0.11285133315370563,7800.3767528448325,0.0250780496226432,0.0039900274867521075,39.97564727947153,5101.091723186244,True
e0p10_aspect_H9.91667_L39.625,0.10,500,5.0,25,5926.290495881943,430.07561216067234,2963.1452479409713,215.03780608033617,0.0003374792378790339,4.243823754263241,0.04849922805014349,13452.822627610802,0.019807601722650035,0.003154515679840852,58.730743542653414,6451.383382689758,True
e0p10_aspect_H9.91667_L39.625,0.10,750,7.5,25,8339.015123222502,620.3379793475826,4169.507561611251,310.1689896737913,0.00023983647594431112,4.557980524633633,0.06943417658738933,17067.022718272343,0.01635109373031019,0.0025993676192127,68.09768350994243,7812.021649765089,True
e0p10_aspect_H9.91667_L39.625,0.10,1000,10.0,25,12173.353256860122,1173.232031105953,6086.676628430061,586.6160155529765,0.00016429326889638466,5.154586276948721,0.07003602282542719,17237.060027382115,0.01423879439993305,0.002263811793990176,86.57657795578707,8980.11623982669,True
e0p10_aspect_H9.91667_L39.625,0.10,1500,15.0,25,12982.656246411485,1164.5585187552915,6491.3281232057425,582.2792593776458,0.00015405167956694663,4.552586754255732,0.03704448280123504,16574.228118704137,0.011684833460695513,0.001854492203671024,75.63772234837064,10940.13628405591,True
e0p10_aspect_H9.91667_L39.625,0.10,2000,20.0,25,20651.89572545433,1473.8574948430912,10325.947862727166,736.9287474215456,9.684340975704791e-05,4.463835562274047,0.04867859625259225,26394.11509121907,0.010138882791654836,0.001612042281763444,104.58905159100092,12592.065170451744,True
e0p10_aspect_H7_L56.0417,0.10,50,0.5,25,968.1146032309177,54.67229366012434,484.05730161545887,27.33614683006217,0.0020658711203460213,8.570880268826219,0.34848757457357965,4072.6538978947056,0.034687200817233595,0.005536477115337345,16.83876178045272,3691.0083117130393,True
e0p10_aspect_H7_L56.0417,0.10,100,1.0,25,1917.8291589045841,93.4178950643702,958.9145794522921,46.7089475321851,0.0010428457564710038,8.795120719353298,0.39995616790383903,5858.528347081905,0.027730044504322076,0.004424054848700228,26.65509856181956,4625.756301760223,True
e0p10_aspect_H7_L56.0417,0.10,200,2.0,25,3959.1568485172297,428.0684330193461,1979.5784242586149,214.03421650967306,0.0005051580618103153,9.668831944412801,0.35692834534565926,10812.59655553398,0.021089134972280797,0.0033684915996988955,41.897494124390064,6086.274721107515,True
e0p10_aspect_H7_L56.0417,0.10,300,3.0,25,5887.240661284874,634.1611650132238,2943.620330642437,317.0805825066119,0.0003397177243240988,8.904799911948766,0.3145866814626134,13838.047459259493,0.01767164435660435,0.002809233917333928,51.957657814120026,7264.321622471414,True
e0p10_aspect_H7_L56.0417,0.10,500,5.0,25,9386.95872861214,1177.2886415122396,4693.47936430607,588.6443207561198,0.00021306155250303306,9.680591458597052,0.1430214703193839,13228.497094691038,0.013974389616878965,0.002222291571694156,65.53537974120871,9194.382746105435,True
e0p10_aspect_H7_L56.0417,0.10,750,7.5,25,14951.44144862948,1427.002201322332,7475.72072431474,713.501100661166,0.0001337663667327092,8.662816253687025,0.08294139168109846,19427.30518790305,0.011531184851502617,0.0018337281668221721,86.13266665275358,11126.609949214519,True
e0p10_aspect_H7_L56.0417,0.10,1000,10.0,25,18364.41908609635,1599.486028950669,9182.209543048175,799.7430144753345,0.00010890624912356713,8.749088546222628,0.10186885817069641,22281.74683757578,0.010040647567832607,0.001595129742943532,92.02865624851549,12794.298228255566,True
e0p10_aspect_H7_L56.0417,0.10,1500,15.0,25,25712.22707795688,1821.2651833226348,12856.11353897844,910.6325916613174,7.778400501583163e-05,8.080487180523994,0.041086404731207206,26251.504846973607,0.008221130407053696,0.001306467999631744,105.53301463348049,15581.956803350513,True
e0p10_aspect_H7_L56.0417,0.10,2000,20.0,25,31228.61018901602,4209.464763132467,15614.30509450801,2104.7323815662335,6.404383633772649e-05,8.4394810484787,0.08844822323232229,34790.29882553011,0.0071560214007467095,0.001138116276699196,111.6578249608365,17948.754348412775,True
epi8_H_H5_L10,0.39,25,0.5,25,36.245363304936966,1.0574455567448966,18.122681652468483,0.5287227783724483,0.055179471734735815,0.1005189965608229,0.0024470783997307603,211.58310144162658,0.46437338475067413,0.0743583013681643,8.467043484382835,292.93000042239333,True
epi8_H_H5_L10,0.39,50,1.0,25,59.92973842849658,3.1053819675830483,29.96486921424829,1.5526909837915241,0.033372413303392634,0.10299652394777742,0.004583973030717794,304.9570604333845,0.3751443393079469,0.05955901338898575,11.2134628812638,366.3849988492792,True
epi8_H_H5_L10,0.39,100,2.0,25,152.36128553736887,12.22241717548719,76.18064276868444,6.111208587743595,0.013126694179207817,0.102562248376339,0.00362543342617714,675.9486582422809,0.2855252245994346,0.04547329941135221,21.76611741156821,483.02165654205055,True
epi8_H_H5_L10,0.39,150,3.0,25,214.32431677627002,17.12588671598525,107.16215838813501,8.562943357992625,0.009331652283244044,0.10386525695954395,0.005511625921658841,1010.24140635909,0.23875420463389682,0.03794815039217172,25.551237202319466,576.2633148460517,True
epi8_H_H5_L10,0.39,250,5.0,25,326.63378151407125,22.279201051594857,163.31689075703562,11.139600525797428,0.006123065381447206,0.10090179918354086,0.003919286297470804,1059.0307648522942,0.1895296592411976,0.030206339016885356,30.996243494254767,729.0099017224703,True
epi8_H_H5_L10,0.39,375,7.5,25,480.53063222581136,32.22037701272385,240.26531611290568,16.110188506361926,0.004162065570588138,0.10515766201913318,0.0019914221208726358,1711.8824117409076,0.15593470656729458,0.02480272072005023,37.44296858453306,882.1316745439618,True
epi8_H_H5_L10,0.39,500,10.0,25,675.6009858955589,41.52178527389685,337.80049294777945,20.760892636948427,0.0029603272371618175,0.11316132857558468,0.0026988090681936004,1763.4388156158857,0.1359664187550183,0.021624289488933822,45.89675637526152,1013.9849995670073,True
epi8_H_H5_L10,0.39,750,15.0,25,902.285933524622,88.36943556519236,451.142966762311,44.18471778259618,0.0022165922416493298,0.10249782191598278,0.0023440991272405164,3075.5246077893194,0.11146111517770159,0.017736664885231082,50.27661385403449,1235.6616776312035,True
epi8_H_H5_L10,0.39,1000,20.0,25,1197.7063552622324,79.00710988489699,598.8531776311162,39.503554942448496,0.0016698583849144803,0.09734349529398297,0.001813901017011093,2835.3457780245813,0.09692760853568656,0.015425148572055916,58.040291167545625,1422.278227620438,True
epi8_H_H10_L10,0.39,50,0.5,25,41.688737999730776,2.0173826288612804,20.844368999865388,1.0086913144306402,0.04797458728572968,0.051391413007649676,0.003071170602936426,309.47035731854635,0.4553395250333573,0.07319623929493503,9.5864406824306,292.93000042239333,True
epi8_H_H10_L10,0.39,100,1.0,25,82.83783345489151,5.7098749128762085,41.418916727445755,2.8549374564381043,0.024143557558021837,0.052432245302119755,0.0024035263693971765,462.26329592977254,0.3658339235890846,0.05824834373802697,15.158707935348012,366.3849988492792,True
epi8_H_H10_L10,0.39,200,2.0,25,156.13312322156207,10.728856959644705,78.06656161078104,5.364428479822353,0.012809581712919958,0.05636222019555748,0.002944135643639178,799.9968793773936,0.27702221487021383,0.044063403204908674,21.613393302465756,483.02165654205055,True
epi8_H_H10_L10,0.39,300,3.0,25,228.74608397385677,20.081629613209618,114.37304198692838,10.040814806604809,0.008743319077884537,0.05282308711723015,0.0018339656393684897,882.8302320550048,0.2324724649856528,0.037072904748859686,26.64159094933349,576.2633148460517,True
epi8_H_H10_L10,0.39,500,5.0,25,326.5230849162875,32.0594431132185,163.26154245814374,16.02972155660925,0.006125141199473694,0.05299515040355204,0.0014243392698306326,1412.6263951906164,0.1838499412020723,0.02923920864268635,29.99365404883582,729.0099017224703,True
epi8_H_H10_L10,0.39,750,7.5,25,450.99760901718247,34.66118608168077,225.49880450859123,17.330593040840384,0.004434613310608044,0.0481413511049624,0.0005675235317254665,1868.150443838973,0.15162800123596393,0.024126983768635438,34.18433565763707,882.1316745439618,True
epi8_H_H10_L10,0.39,1000,10.0,25,800.6282771597096,75.0649506817159,400.3141385798548,37.53247534085795,0.002498038174588529,0.054610050193889356,0.0016526429582934391,2311.154244847373,0.1320936625560762,0.021035900311824403,52.910504373825546,1013.9849995670073,True
epi8_H_H10_L10,0.39,1500,15.0,25,866.8520799237428,62.2504909258566,433.4260399618714,31.1252454629283,0.0023071987093529734,0.056901732415642295,0.0011128987588257036,2475.3297908614877,0.10840670507390468,0.017204986391138984,46.85427278751607,1235.6616776312035,True
epi8_H_H10_L10,0.39,2000,20.0,25,1468.154308432692,102.78239407838514,734.077154216346,51.39119703919257,0.001362254627127766,0.06005548391681697,0.0009729671629210234,3157.7497656021956,0.09423291512448106,0.014985958359016886,69.12037698408109,1422.278227620438,True
epi8_H_H20_L10,0.39,100,0.5,25,44.12912939138882,2.7000657054810246,22.06456469569441,1.3500328527405123,0.04532153766872799,0.027157491979433308,0.0013238961888780004,347.00992766670805,0.44931261881232054,0.07158302371092265,9.923966086753042,292.93000042239333,True
epi8_H_H20_L10,0.39,200,1.0,25,78.33925052328692,4.169606879003193,39.16962526164346,2.0848034395015964,0.02552998639431054,0.026755173366969802,0.0010172520240657877,588.3164141580552,0.36005688817874265,0.05763669790091288,14.184968523370193,366.3849988492792,True
epi8_H_H20_L10,0.39,400,2.0,25,131.940167530078,14.74511881861113,65.970083765039,7.372559409305565,0.015158386088482613,0.0274240989233526,0.0011499328378893907,719.2684951630397,0.27281773470855425,0.0433833356229771,17.982490706569465,483.02165654205055,True
epi8_H_H20_L10,0.39,600,3.0,25,206.61566127192316,13.41062788286703,103.30783063596158,6.705313941433515,0.00967980833441196,0.029560278951621843,0.00071919465966596,833.6779998505115,0.22881926028064192,0.03647551486532924,23.676338534400323,576.2633148460517,True
epi8_H_H20_L10,0.39,1000,5.0,25,346.3780167562412,32.17964449764923,173.1890083781206,16.089822248824614,0.005774038487573744,0.028553187938079507,0.0003653596520944233,1142.0385128803987,0.18147237777934616,0.02893698040074918,31.488603770033116,729.0099017224703,True
epi8_H_H20_L10,0.39,1500,7.5,25,671.9721974476868,82.52553218637328,335.9860987238434,41.26276609318664,0.0029763136147544266,0.02805111940618499,0.000535616653625635,1521.56098112805,0.1496628475785634,0.023845804634489678,50.33999393563994,882.1316745439618,True
epi8_H_H20_L10,0.39,2000,10.0,25,793.5959142800817,73.65418404486282,396.79795714004086,36.82709202243141,0.002520174265027964,0.02969296090637033,0.0003984784664113454,2136.3134468274643,0.13031884497440002,0.020700242056426395,51.60891393459098,1013.9849995670073,True
epi8_H_H20_L10,0.39,3000,15.0,25,1033.4442479008092,85.39860499025171,516.7221239504046,42.699302495125856,0.0019352761448549489,0.02740292822396978,0.00016789308269114976,1959.896268916959,0.1068879716880182,0.016994260158724434,55.17459925270144,1235.6616776312035,True
epi8_H_H20_L10,0.39,4000,20.0,25,1376.9239616682983,63.55938545126729,688.4619808341491,31.779692725633645,0.001452513033164718,0.026678467203977284,0.00015707775348620804,3326.598528645521,0.0927918403474699,0.014749471321226669,63.80229256344903,1422.278227620438,True
epi8_H_H40_L10,0.39,200,0.5,25,42.14072026197355,1.594964099842438,21.070360130986774,0.797482049921219,0.04746003361040643,0.013940777439886485,0.0005575784949631305,478.03395602049784,0.4454141947502327,0.07059868877830493,9.346488198456022,292.93000042239333,True
epi8_H_H40_L10,0.39,400,1.0,25,79.03387574997134,4.262030840371355,39.51693787498567,2.1310154201856775,0.025305604476833787,0.01382259550593121,0.0003056462925648208,553.7232345121597,0.35708843875975943,0.05691582959288555,14.131759016914017,366.3849988492792,True
epi8_H_H40_L10,0.39,800,2.0,25,148.625690068329,11.715971645977664,74.3128450341645,5.857985822988832,0.013456623811674296,0.014579508578179436,0.00023820631751596329,848.7885154459733,0.27116982429719116,0.04312623690297856,20.136561878742626,483.02165654205055,True
epi8_H_H40_L10,0.39,1200,3.0,25,216.08151840136676,17.322243855634888,108.04075920068338,8.661121927817444,0.009255766133062074,0.013225916665752097,0.0001739393855923275,1213.9854853658005,0.22698772814250304,0.03604483843766776,24.468682118299277,576.2633148460517,True
epi8_H_H40_L10,0.39,2000,5.0,25,384.48013726633985,27.708554937880944,192.24006863316993,13.854277468940472,0.00520182918738022,0.013913544311768567,0.0001766148777622736,1190.471334769456,0.1804897044725095,0.028711682984032375,34.68026691597788,729.0099017224703,True
epi8_H_H40_L10,0.39,3000,7.5,24,479.4137786525701,31.191935280427398,239.70688932628505,15.595967640213699,0.004171761616074441,0.01321742483663459,0.00016541288787249418,1598.0949603547633,0.14853729004330393,0.023667800101986144,35.64661347883913,882.1316745439618,True
epi8_H_H40_L10,0.39,4000,10.0,25,631.7990875902475,39.12485764699367,315.89954379512375,19.562428823496834,0.0031655632926413744,0.013641836675446188,0.0001237963816463312,1977.2394131622352,0.129378654566141,0.020625212564043323,40.93806395882233,1013.9849995670073,True
epi8_H_H40_L10,0.39,6000,15.0,25,935.9377475423263,79.06442999199847,467.96887377116315,39.53221499599923,0.002136894259529321,0.012891486535800984,0.00012351010573836423,1779.3232979024394,0.10611682588147689,0.016877550245387146,49.6256542644087,1235.6616776312035,True
epi8_H_H40_L10,0.39,8000,20.0,25,1798.7094949432778,178.59420874398066,899.3547474716389,89.29710437199033,0.0011119082907065378,0.015121809025119509,7.037079224444724e-05,2365.5521071593653,0.09205812331137833,0.014642489089845364,82.74196089624753,1422.278227620438,True
epi8_L_H10_L5,0.39,25,0.5,25,9.6706302924733,0.44450571696411695,4.83531514623665,0.22225285848205847,0.206811752648285,0.021996569154555497,0.0008071226316699044,72.81885053853541,0.9911300914606705,0.15709415059561127,4.772705836233757,130.16500029042717,True
epi8_L_H10_L5,0.39,50,1.0,25,16.331511217814267,0.7985955468223755,8.165755608907133,0.3992977734111878,0.12246264129056335,0.022001534241331246,0.0017302262770107146,227.53785006284932,0.798921455495368,0.1276674156625596,6.550226435124224,162.8599986120986,True
epi8_L_H10_L5,0.39,100,2.0,25,31.090544491063955,1.8575833341663395,15.545272245531978,0.9287916670831697,0.06432823975066888,0.022761132096718033,0.0009211073664967324,227.32431342868443,0.6058387330056098,0.09681061018237555,9.45586271029074,214.67329708183158,True
epi8_L_H10_L5,0.39,150,3.0,25,46.02586865616523,3.4172337687203465,23.012934328082615,1.7086168843601732,0.04345382408620977,0.02110764065097762,0.0010975140729642425,332.3877623492442,0.5113184953333819,0.0814915621940326,11.78323420329652,256.29499660873927,True
epi8_L_H10_L5,0.39,250,5.0,25,78.93449151280588,5.454307546251249,39.46724575640294,2.7271537731256243,0.025337466064192377,0.022156012622065492,0.0007398272246914581,471.1158094226565,0.40383061491906846,0.0639088361335129,15.848114376382705,323.8499879437473,True
epi8_L_H10_L5,0.39,375,7.5,25,109.42769119282649,8.210599391887296,54.71384559641324,4.105299695943648,0.01827690942026482,0.021642949115119763,0.0007310978874312648,703.0343026043893,0.33288711145258487,0.052734693097292736,18.128986757474095,392.1133333529922,True
epi8_L_H10_L5,0.39,500,10.0,25,154.66740446361302,9.406308383947733,77.33370223180651,4.703154191973867,0.012930972798929454,0.021783833129478666,0.00042399066373899146,655.9646524184312,0.29010450247429515,0.04615794627259475,22.428237561025767,450.65999976306824,True
epi8_L_H10_L5,0.39,750,15.0,25,225.82949080406766,17.862907699828213,112.91474540203383,8.931453849914107,0.008856239248819914,0.023919341015257455,0.0007842863411767846,1056.2502158927825,0.23806927360309954,0.03791612029083553,26.900132575842058,548.768318408461,True
epi8_L_H10_L5,0.39,1000,20.0,25,274.5933715549082,21.623605694542277,137.2966857774541,10.811802847271139,0.007283497007501787,0.022842560407018323,0.0006073916847101621,1169.1496863889363,0.20661082122224741,0.03289493430481117,28.377161093324794,631.8383259884718,True
epi8_L_H10_L20,0.39,100,0.5,25,154.50637030710135,11.049978707285801,77.25318515355067,5.5249893536429004,0.01294445009629533,0.11409152889106652,0.003306906567949179,773.4063811020742,0.21844050789259223,0.03474947804244888,16.867260350515938,617.7699997699957,True
epi8_L_H10_L20,0.39,200,1.0,25,348.1160514529927,41.10023269011132,174.05802572649634,20.55011634505566,0.005745210517160157,0.11084796760741958,0.004098861679031433,930.2216735897258,0.17444496986660252,0.02777751389110832,30.378567787775165,773.9483430766028,True
epi8_L_H10_L20,0.39,400,2.0,25,667.6219558055659,84.11192266055333,333.81097790278295,42.055961330276666,0.002995707349957897,0.12059886891692378,0.0030790730181501787,1651.9565029095954,0.13255765842192874,0.021103874000692052,44.26318580404097,1019.1116028739947,True
epi8_L_H10_L20,0.39,600,3.0,25,861.2638304744676,73.69463918058408,430.6319152372338,36.84731959029204,0.0023221688049969613,0.11753634617358896,0.0018381800026526357,2210.2995096702166,0.11116969976956309,0.017702317818788157,47.89787158568719,1217.1132876972504,True
epi8_L_H10_L20,0.39,1000,5.0,25,1501.9893466699912,178.62851003079408,750.9946733349956,89.31425501539704,0.0013315673672613798,0.1092885801676014,0.0012071384363542344,2244.1582393082595,0.08794197061058594,0.01400111254014159,66.06619143672447,1538.789786710147,True
epi8_L_H10_L20,0.39,1500,7.5,25,1808.3374663946545,160.47351112215523,904.1687331973272,80.23675556107762,0.0011059882556033469,0.10193407282520903,0.0005874274495718092,2891.1885332858183,0.07255931976057182,0.011551009896868277,65.62197681520219,1864.7849555276532,True
epi8_L_H10_L20,0.39,2000,10.0,25,2651.9740674260856,449.34892449979117,1325.9870337130428,224.67446224989558,0.0007541551874755438,0.11693231437354597,0.0016540131078921856,4090.0263751874973,0.06316865916229567,0.010048540361788769,83.71863272748446,2139.0566558047035,True
epi8_L_H10_L20,0.39,3000,15.0,25,4379.741671148626,713.0161568702493,2189.870835574313,356.5080784351247,0.0004566479372915806,0.10694926837084723,0.0008419096930735277,3643.4739184357786,0.051859419414241756,0.008254456064130297,113.57606774381713,2605.5266488294574,True
epi8_L_H10_L20,0.39,4000,20.0,25,5930.704078957518,964.6329798525684,2965.352039478759,482.3164899262842,0.00033722808849898886,0.11406752052134837,0.00131563543389038,8337.463463766391,0.04504789778749322,0.00717595424502722,133.70134877564684,3003.496258512928,True
epi8_aspect_H7.08333_L14.125,0.39,50,0.5,25,86.02307707681817,6.42034977137445,43.011538538409084,3.210174885687225,0.023249575206592647,0.1073032908621164,0.004629099380401675,358.0362336139136,0.3182336447152471,0.05060215490410305,13.675205391061509,427.44494111168797,True
epi8_aspect_H7.08333_L14.125,0.39,100,1.0,25,134.40308848715702,10.36802483756713,67.20154424357851,5.184012418783565,0.014880610427275348,0.10748744393313017,0.004370088792950796,636.0059480353805,0.25442935468699857,0.04067403265126941,17.1741935982523,534.9432660057159,True
epi8_aspect_H7.08333_L14.125,0.39,200,2.0,25,295.4842006560973,28.189152014524943,147.74210032804865,14.094576007262472,0.006768551399902843,0.11170697714901112,0.00616826387444444,1107.3517601134333,0.1938370891057752,0.030856306095959112,28.643631058005873,704.5133055196181,True
epi8_aspect_H7.08333_L14.125,0.39,300,3.0,25,392.5975996780631,33.28598162918495,196.29879983903155,16.642990814592476,0.005094274650787562,0.11018457394804256,0.00261387923830827,2094.7547949766317,0.16214025139307478,0.025829997355574227,31.85824695257473,841.138229545441,True
epi8_aspect_H7.08333_L14.125,0.39,500,5.0,25,667.556437653161,55.58297864388388,333.7782188265805,27.79148932194194,0.0029960013673617364,0.1034743089179046,0.002496319266679058,2292.5984699937317,0.128481194573925,0.020373002643695123,42.726065571431526,1062.3483389503651,True
epi8_aspect_H7.08333_L14.125,0.39,750,7.5,25,1238.3542725660795,90.96261153277987,619.1771362830398,45.48130576638994,0.0016150467150693973,0.12117100522493339,0.003065557183304652,3746.3789698687006,0.10591415948742004,0.016823446281999582,65.45001423729266,1287.9716647505584,True
epi8_aspect_H7.08333_L14.125,0.39,1000,10.0,25,1492.4729336203252,113.29787775813239,746.2364668101626,56.64893887906619,0.0013400578026889606,0.10621917172840539,0.0013514618221535364,2298.26687373452,0.09219744241525192,0.014667742925113199,68.77326235601925,1478.293339427891,True
epi8_aspect_H7.08333_L14.125,0.39,1500,15.0,25,1911.3204810833763,178.62907937655905,955.6602405416882,89.31453968827952,0.0010463969908732198,0.10579669988803199,0.001602774383351019,4149.646060806463,0.07571326989362703,0.012063985601358084,72.43929191082991,1803.0831863034277,True
epi8_aspect_H7.08333_L14.125,0.39,2000,20.0,25,2566.041226280895,169.35444403653153,1283.0206131404475,84.67722201826577,0.0007794107045188476,0.10028710893862161,0.0012031135118278531,5087.718954100956,0.06570981962543772,0.010451358196207176,84.25316701163155,2075.073355304283,True
epi8_aspect_H5_L20,0.39,50,0.5,25,163.0051351017561,14.360026320613581,81.50256755087806,7.180013160306791,0.01226955211411897,0.2209626354764309,0.010310502662911985,641.8507781469451,0.22565882937283233,0.03593456087542842,18.401935361000334,617.7699997699957,True
epi8_aspect_H5_L20,0.39,100,1.0,25,299.0654257562432,16.568745828601738,149.5327128781216,8.284372914300869,0.006687499883821822,0.2157218341962971,0.014338069525537447,1322.1164199660989,0.18066776220172928,0.028791556119206158,27.050868863065915,773.9483430766028,True
epi8_aspect_H5_L20,0.39,200,2.0,25,575.6388278255369,23.78158550982254,287.8194139127684,11.89079275491127,0.003474400793210834,0.22199522527175833,0.005916781944716105,1850.1309677304876,0.13714996093074638,0.02183064553645677,39.479035219235655,1019.1116028739947,True
epi8_aspect_H5_L20,0.39,300,3.0,25,805.9845495049666,48.293802702928886,402.9922747524833,24.146901351464443,0.0024814371456976366,0.23663870759973415,0.005874603690860014,2072.0687672932013,0.11479845014741479,0.018268265526005904,46.25662098259004,1217.1132876972504,True
epi8_aspect_H5_L20,0.39,500,5.0,25,1185.0987258680113,62.370148721168746,592.5493629340057,31.185074360584373,0.0016876231121885005,0.22263293594005973,0.007694959311886391,3435.487728970457,0.09087133284065489,0.014461829572973888,53.84280081943756,1538.789786710147,True
epi8_aspect_H5_L20,0.39,750,7.5,25,2140.8517184584343,194.2574082291095,1070.4258592292172,97.12870411455475,0.0009342076252904346,0.20377442075714597,0.0036543524322886155,2723.5286146278613,0.07495869572374983,0.01192480117863417,80.20244486158894,1864.7849555276532,True
epi8_aspect_H5_L20,0.39,1000,10.0,25,2936.743087933566,234.26005235364937,1468.371543966783,117.13002617682469,0.0006810265454331234,0.232475078898556,0.002562860937547644,4323.925653336157,0.06530104806364659,0.010405813483363873,96.00456080069728,2139.0566558047035,True
epi8_aspect_H5_L20,0.39,1500,15.0,25,3982.900936896146,446.9321889041681,1991.450468448073,223.46609445208404,0.0005021465589246087,0.2094709778660181,0.001588978068421431,5089.0794951171865,0.053565756684895355,0.008521620378705968,106.62807303014159,2605.5266488294574,True
epi8_aspect_H5_L20,0.39,2000,20.0,25,5095.885540084533,783.2617529577964,2547.9427700422666,391.6308764788982,0.00039247349342285716,0.20684723160092747,0.0016641056496090293,4845.216089245193,0.046479239459588935,0.007402661589694501,118.5106645769784,3003.496258512928,True
epi8_aspect_H3.54167_L28.2917,0.39,50,0.5,25,226.13569870714298,15.925465781044345,113.06784935357149,7.962732890522172,0.008844247111068031,0.4372216051433269,0.02429130495920427,910.3156099947437,0.15782731497739658,0.025104348054572987,17.83478784140025,890.0383214415161,True
epi8_aspect_H3.54167_L28.2917,0.39,100,1.0,25,519.194840061278,32.922062653236125,259.597420030639,16.461031326618063,0.0038521184065772878,0.42473350019318074,0.020653317752814596,1588.8628599791723,0.12624492828320644,0.020099424713424883,32.78414542671449,1113.7266693744443,True
epi8_aspect_H3.54167_L28.2917,0.39,200,2.0,25,1063.9483350428661,104.3516368482657,531.9741675214331,52.17581842413285,0.0018797905256550081,0.4474168070578302,0.015430608085103976,2565.7050262574267,0.09582390023767602,0.01526741836455885,51.03122791478805,1467.1766676675604,True
epi8_aspect_H3.54167_L28.2917,0.39,300,3.0,25,1488.265839692335,108.02341661129942,744.1329198461675,54.01170830564971,0.001343845935759336,0.43592187983186415,0.01774698962257059,3575.7304148966055,0.08030647143319462,0.012785250527618539,59.777758838368214,1750.4033374440123,True
epi8_aspect_H3.54167_L28.2917,0.39,500,5.0,25,2371.853969153559,175.79540265934608,1185.9269845767794,87.89770132967304,0.0008432222329074238,0.4557721353444543,0.008414803890665169,4600.173190581173,0.06354800406616866,0.010106755088438219,75.30946480856062,2214.0314995251306,True
epi8_aspect_H3.54167_L28.2917,0.39,750,7.5,25,3624.8160773270392,217.8439965474959,1812.4080386635196,108.92199827374795,0.0005517521323384804,0.39588047299164153,0.0076240794392346085,5426.0044995265225,0.05239618251181149,0.008341239646593912,94.98749768128002,2683.8565355544615,True
epi8_aspect_H3.54167_L28.2917,0.39,1000,10.0,25,4937.746292439449,652.5528418478642,2468.8731462197243,326.2764209239321,0.00040504308677469903,0.37050964412382514,0.004467634601021892,6324.6334091041535,0.04563167280410513,0.0072643290280154605,112.68708664748404,3081.8248628208576,True
epi8_aspect_H3.54167_L28.2917,0.39,1500,15.0,25,6210.356787030856,699.2293289445968,3105.178393515428,349.6146644722984,0.0003220426891054984,0.39340686274389186,0.00404032670078933,7760.579903014655,0.03746338333141396,0.005961655553409008,116.31435162738342,3751.644896798566,True
epi8_aspect_H3.54167_L28.2917,0.39,2000,20.0,25,8351.56282950177,1290.0958610597559,4175.781414750885,645.0479305298779,0.0002394761364825072,0.35821933931356714,0.001344684584307142,8869.9596292307,0.03250224261645524,0.005175286470735932,135.7850698236422,4321.4400195384615,True
