eta_lab,cell,scan,H,L0,N_s,eta_rec,delta_sigma,eta_true,L_eff_true,c_s,c_s_err,c_s_err_scaled,chi2_red,KR,Delta,sigma_Delta,Delta_C,trajectories_B,trajectories_A,F_L0,sigma_F_L0,kT,k_T,sigma_k_T,F2_over_NkT,static,k_S_dyn,sigma_k_S_dyn,chi2_red_heavy,rho_I,sigma_rho_I,gamma_box,sigma_gamma_box,gamma_bulk,gamma_A_alone
0.10,e0p10_H_H5_L39.25,H,5.0,39.25,25,0.10005072145190425,0.0,0.10005072145190425,38.225,1.7868457611620865,0.0034517768738570364,0.0034517768738570364,0.8785519524856861,1.744336953523502,0.024369607920486924,0.001978847531083122,0.01268679237939974,225,710,0.8221471257321625,0.0002932477800918617,0.9999999948304445,0.02638293047138901,0.0001831623526158483,0.027037035993755707,0.053419966465144714,0.05459634731962025,8.105264488431996e-05,1.2177422720377689,0.02154687835779046,0.003668647067358671,2.069381465369334,0.014691396292589951,2.009303035271275,2.0247927546591553
0.10,e0p10_H_H10_L39.25,H,10.0,39.25,50,0.10005072145190425,0.0,0.10005072145190425,38.225,1.7616493372393234,0.0018569170826014045,0.0033145627393829594,3.1861591474126865,1.744336953523502,0.009924907960500828,0.0019001848998770874,0.00634339618969987,225,720,1.6315017109662953,0.0003698847760807881,0.9999999953926308,0.05272493207207018,0.00032230799312422893,0.05323595690299668,0.10596088897506686,0.1065508364941924,0.00010839192788786316,0.20635801313668084,0.005536770414352373,0.00319139640369788,2.0208814370504475,0.012523553682017869,2.009303035271275,2.0096922804988724
0.10,e0p10_H_H20_L39.25,H,20.0,39.25,100,0.10005072145190425,0.0,0.10005072145190425,38.225,1.7485082783125623,0.0025987270134325163,0.00827486868787171,10.139134863911273,1.744336953523502,0.0023913526458487766,0.004743847609922357,0.003171698094849935,225,675,3.249957219662684,0.0005237170762371795,0.9999999956686898,0.1044630766392142,0.0006450988691942862,0.10562221975385862,0.21008529639307283,0.21076783962549037,0.00021206713247639363,0.37677673854148946,0.0032383651776776586,0.0032218476432363586,2.017630022073949,0.012623923744970941,2.009303035271275,2.0110961992690273
0.10,e0p10_H_H40_L39.25,H,40.0,39.25,200,0.10005072145190425,0.0,0.10005072145190425,38.225,1.7451402007105774,0.00202822846263008,0.0035603747135452787,3.081468055412702,1.744336953523502,0.00046048854577818155,0.0020411049059950496,0.0015858490474249675,225,720,6.485799279552957,0.000678829772068769,0.999999995283141,0.20818536478623798,0.001209101185112718,0.21032796246533564,0.41851332725157364,0.41879707880490513,0.00045127780410760156,0.5528978733149201,0.0006775394760183487,0.0030816176800471883,2.0116547540934038,0.011882699112799357,2.009303035271275,2.0102917785853855
0.10,e0p10_L_H10_L19.625,L,10.0,19.625,25,0.10005072145190425,0.0,0.10005072145190425,18.6,1.7650233060914482,0.0035183736383915852,0.003548591812952232,1.0172511192666518,1.744336953523502,0.011859149418442572,0.0020343499607597005,0.01268679237939974,225,750,1.6717630735420501,0.000511002495640993,0.9999999795388931,0.10926388775564089,0.000625794827446023,0.11179167324973187,0.22105556100537277,0.22558115427634598,0.0003666174005433159,0.17056359061614418,0.020061929754243462,0.0032151512154716295,2.064553613366188,0.012291308464774494,2.009303035271275,2.023134683800966
0.10,e0p10_L_H10_L78.5,L,10.0,78.5,100,0.10005072145190425,0.0,0.10005072145190425,77.475,1.765505770724942,0.0016026225684692584,0.003057060811079095,3.6386949417914556,1.744336953523502,0.012135738544482244,0.0017525632332124447,0.003171698094849935,225,675,1.612020130832875,0.0003071303754491132,0.999999998253489,0.025752631841504003,0.0001721760946025537,0.025986089067489386,0.05173872090899339,0.05178052731172797,3.665506321302277e-05,1.1977543630522975,0.0008073769214998183,0.0033996304838869646,2.01068875718855,0.013518139074562587,2.009303035271275,2.009065373489677
0.10,e0p10_aspect_H19.7917_L19.7917,aspect,19.791667,19.791667,50,0.10025248241075962,2.5431315104166665e-06,0.10025248885173459,18.766665728434248,1.7572333233699384,0.0038512025523873518,0.0038512025523873518,0.8434024417187456,1.7451116040884531,0.0069460997526384904,0.0022068517241904425,0.0063412436946394925,225,730,3.306931194265003,0.0007035298431730668,0.9999999817924246,0.21204257772158874,0.0012242902326279233,0.2187158824543451,0.43075846017593383,0.4378819303821822,0.0006458737014183068,1.1956080479817848,0.016268015901069556,0.0031611506620912986,2.0650660593134265,0.012306184431528429,2.009341904090566,2.0314715318237564
0.10,e0p10_aspect_H14_L28,aspect,14.0,28.0,50,0.10017833716804188,0.0,0.10017833716804188,26.975,1.7626669965416655,0.0031907502692538584,0.004393294372595545,1.8958107394810504,1.7448268535047982,0.010224592200098304,0.0025178970416295603,0.006342034680003665,225,685,2.305507394526626,0.0005249915991135404,0.9999999902289082,0.10471695047783154,0.0006254871777706396,0.10630728796307731,0.21102423844090884,0.21279533783818488,0.0002617448321219154,1.2618437665616793,0.008323017859643305,0.003186369922967667,2.0321002174641576,0.012392674308620908,2.0093276092883636,2.0151870110616183
0.10,e0p10_aspect_H9.91667_L39.625,aspect,9.916667,39.625,50,0.09993667146271644,0.0,0.09993667146271644,38.6,1.7627566917214923,0.002685232608979955,0.0034890305821355266,1.6882848652727003,1.7438992999997813,0.010813348982772863,0.0020007064525663634,0.006344613201092087,225,680,1.6161950951108728,0.0003824771439704302,0.9999999955662808,0.05064331784056249,0.0003272014558571105,0.05224173194083403,0.10288504978139651,0.10441733987842287,9.247227969651795e-05,1.115616647691241,0.014674670881392583,0.0032563319687847064,2.0618187024624675,0.013445766509419251,2.009281102899698,2.031562191586731
0.10,e0p10_aspect_H7_L56.0417,aspect,7.0,56.041667,50,0.10010385453755945,0.0,0.10010385453755945,55.016667,1.7771581380794164,0.002660485550139931,0.006455896766209176,5.888319208674673,1.7445409001335361,0.01869674591371484,0.0037006279220596137,0.00634282928880964,225,685,1.1394745925067784,0.0002667277865592969,0.9999999972177113,0.02554073718320008,0.00016230423347244905,0.025968047011620376,0.05150878419482045,0.05187838436942137,4.918000202136575e-05,2.102411389715536,0.007124357843702779,0.0032690238670601414,2.031201527086125,0.013050551929164,2.0093132624966223,2.0167305205544874
0.39,epi8_H_H5_L10,H,5.0,10.0,25,0.39269908169872414,0.0,0.39269908169872414,8.975,3.907164131531515,0.009009149609428465,0.022431158371231105,6.1992022454222555,3.746080728566985,0.04300051564189067,0.005987900420878505,0.007678646536500527,225,130,8.21300971218424,0.0023778668878740644,0.9999999315435739,1.9659055817803945,0.013482979069844992,2.6981413260024185,4.664046907782813,4.772301578480182,0.005708035617249141,1.3741467377254275,0.0226839542550125,0.0030680084381013214,2.4275334597494833,0.016900294390260386,2.1876045894934015,2.3724674017960137
0.39,epi8_H_H10_L10,H,10.0,10.0,50,0.39269908169872414,0.0,0.39269908169872414,8.975,3.8203043949744644,0.006708066425200613,0.012387439912346008,3.410110192732191,3.746080728566985,0.01981368576535525,0.003306773347910381,0.0038393232682502635,225,115,15.925143860214813,0.003586028914802385,0.9999999170282434,3.627793893784814,0.025829738517148912,5.072204560220473,8.699998454005287,9.006886368512363,0.011494313062236512,0.9205086328245963,0.03407258645783977,0.0031389092687900315,2.482744784355882,0.017958742472879142,2.1876045894934015,2.3981512480381655
0.39,epi8_H_H20_L10,H,20.0,10.0,100,0.39269908169872414,0.0,0.39269908169872414,8.975,3.758108763304795,0.007320766240029305,0.009087262211389396,1.5408240207423436,3.746080728566985,0.003210831695666938,0.0024258052268044984,0.0019196616341251318,225,130,31.341937778849463,0.003911991881915019,0.9999999272761199,6.6623381730861135,0.05131065423897904,9.823171351711848,16.485509524797962,17.503565387122084,0.020398710142113093,1.6727925155239096,0.058162770830286786,0.003154600736555854,2.627240607183727,0.02046429624310314,2.1876045894934015,2.4744330138320763
0.39,epi8_H_H40_L10,H,40.0,10.0,200,0.39269908169872414,0.0,0.39269908169872414,8.975,3.7165717551670605,0.007269304957609481,0.01720504380058469,5.601776639694077,3.746080728566985,-0.007877292439240291,0.004592811807119346,0.0009598308170625659,224,255,62.17875243007567,0.004330358398731609,0.9999999335434788,11.268958993317527,0.10122480806990752,19.33098755347339,30.599946546790918,34.56198771275896,0.04657631317590273,1.5836824426837008,0.1146358015891954,0.003223954470883597,3.0670080291581647,0.0278580888230209,2.1876045894934015,2.71541910525512
0.39,epi8_L_H10_L5,L,10.0,5.0,25,0.39269908169872414,0.0,0.39269908169872414,3.975,3.681870102339038,0.013047799732544734,0.025082758440441066,3.6955239992118547,3.746080728566985,-0.01714074812597799,0.0066957335567181305,0.007678646536500527,225,130,17.56306440069139,0.004677858646116126,0.9999996827503378,7.457385255640145,0.05360548869492671,12.338453160083422,19.795838415723566,21.654515634015286,0.051033045937991905,1.1803596548955497,0.08583323911305034,0.0034179001927611527,2.9037678612135016,0.021966158964611064,2.1876045894934015,2.6545280600531727
0.39,epi8_L_H10_L20,L,10.0,20.0,100,0.39269908169872414,0.0,0.39269908169872414,18.975,3.850553919262464,0.004904795368946802,0.0054677728115343485,1.2427367349385567,3.746080728566985,0.02788866505165899,0.001459598232851211,0.0019196616341251318,225,130,15.136412846555812,0.002359014216524515,0.9999999804631712,1.745481116628614,0.013241106318090874,2.2911099833748216,4.036591100003435,4.127294771691962,0.00395722755987843,0.37251361677123807,0.02197654316106506,0.003348388953535803,2.3645599670902233,0.018080102908099922,2.1876045894934015,2.3125951129165387
0.39,epi8_aspect_H7.08333_L14.125,aspect,7.083333,14.125,50,0.39249467586833375,0.0,0.39249467586833375,13.1,3.879445598108677,0.0055404508309519806,0.005899456933402991,1.1337932315945343,3.74367417065541,0.036266892166392006,0.001575846792342552,0.003840702995304839,225,130,11.0966926934497,0.002155615991158007,0.9999999732282809,1.8679078130619626,0.0136132934849017,2.462731840588764,4.330639653650727,4.386889299601304,0.004730340400227313,1.3780157194887437,0.01282221686234229,0.0032851814072150137,2.3485577119622985,0.01730259286071543,2.187363123922311,2.3184439956657914
0.39,epi8_aspect_H5_L20,aspect,5.0,20.0,50,0.39269908169872414,0.0,0.39269908169872414,18.975,3.9827710253408806,0.005389623134301222,0.005389623134301222,0.909697357301942,3.746080728566985,0.06318344796174169,0.0014387365155269765,0.0038393232682502635,225,115,7.8446765983580224,0.0020564578335883986,0.999999974189509,0.9341636406802566,0.006957282758436006,1.2307790504235316,2.1649426911037883,2.2025773216778313,0.001810476773349287,1.5754203330441503,0.017086633101885584,0.003263900057565544,2.357806732955179,0.017666642962254505,2.1876045894934015,2.3175197543840182
0.39,epi8_aspect_H3.54167_L28.2917,aspect,3.541667,28.291667,50,0.39191656779784156,0.0,0.39191656779784156,27.266667,3.9991932801772596,0.004545017784190894,0.004545017784190894,0.29843019883518423,3.7368802515917765,0.0701957276992613,0.0012162599489921786,0.0038446075821693916,225,105,5.544055747676786,0.0017248202144444984,0.9999999878730832,0.4514271545661976,0.0033331912485133246,0.6147310901217531,1.0661582446879507,1.0756384896448672,0.0009004496656494587,0.06983253115578444,0.008813597735840095,0.003209885397344431,2.3827509682675387,0.017706170817770414,2.186681440845634,2.3617503597285454
