eta_lab,cell,N_s,k_T_afix,sigma_k_T_afix,F_L0,kT,static_afix,k_S_dyn,sigma_k_S_dyn,rho_I_afix,sigma_rho_I_afix,rho_I_C4,sigma_rho_I_C4,rho_I_registered,z_P1,two_Delta_C,one_minus_f,gamma_box_afix,gamma_bulk
0.10,e0p10_H_H5_L39.25,25,0.026679228658208244,0.0001760238451747166,0.8218935860981786,0.9999999998376203,0.05369959133736877,0.05459634731962025,8.105264488431996e-05,0.01642520106705406,0.0035494746693540864,0.021331664967505874,0.003669751982933624,0.02154687835779046,-1.0542909790994415,0.02537358475879948,1.758070244939347e-09,2.046399017717587,2.009303035271275
0.10,e0p10_H_H10_L39.25,50,0.05259642679400551,0.0003335627670197928,1.6307593254166486,0.9999999998083244,0.10578394635286752,0.1065508364941924,0.00010839192788786316,0.007197410799930117,0.0032916868851420567,0.005099437655586298,0.003193282109987032,0.005536770414352373,0.48178321874174773,0.01268679237939974,2.4187353231397424e-09,2.0258189194391463,2.009303035271275
0.10,e0p10_H_H20_L39.25,100,0.10424342132458919,0.0006255784129348556,3.2492940007072577,0.9999999997844914,0.20982253637766418,0.21076783962549037,0.00021206713247639363,0.00448504501211322,0.0031339973440013187,0.002375841897461565,0.0032257217499161925,0.0032383651776776586,0.4943710746874595,0.00634339618969987,4.85906881397824e-09,2.0218814477434455,2.009303035271275
0.10,e0p10_H_H40_L39.25,200,0.20810333567563255,0.001289779133620899,6.487045025110973,0.9999999998470808,0.4185121014968932,0.41879707880490513,0.00045127780410760156,0.0006804663223180428,0.0032627940914364676,-0.0010587624637013713,0.003088855010975157,0.0006775394760183487,0.4114908372776792,0.003171698094849935,1.0935594096928014e-08,2.0124476978959995,2.009303035271275
0.10,e0p10_L_H10_L19.625,25,0.10907592906417375,0.0006484530400498043,1.6715151277526412,0.9999999997682478,0.22083444198231117,0.22558115427634598,0.0003666174005433159,0.021042149151430874,0.003302207931352228,0.019169598843314248,0.0032186356941388164,0.020061929754243462,0.4684075885921103,0.02537358475879948,3.916860946695522e-09,2.0681112341809853,2.009303035271275
0.10,e0p10_L_H10_L78.5,100,0.025515796731524033,0.00016843480729300346,1.6120312744954668,0.9999999999127125,0.05150224503330711,0.05178052731172797,3.665506321302277e-05,0.0053742650542268865,0.003328995429535934,0.0005932404096345488,0.003400688988805715,0.0008073769214998183,1.0276506018488456,0.00634339618969987,1.7866487178608281e-09,2.029351772024215,2.009303035271275
0.10,e0p10_aspect_H19.7917_L19.7917,50,0.2130105251846813,0.0012522568093970864,3.3074582260487135,0.9999999997441726,0.43179612358179875,0.4378819303821822,0.0006458737014183068,0.013898282569166023,0.0032177777354457614,0.014520281836341221,0.0031675400124456655,0.016268015901069556,-0.15532429177009255,0.012682487389278985,1.1141685241078392e-08,2.055682131211761,2.009341904090566
0.10,e0p10_aspect_H14_L28,50,0.10533618799262015,0.0006583745981209114,2.3051374339948234,0.999999999763765,0.21160935980981038,0.21279533783818488,0.0002617448321219154,0.005573327124658859,0.003329474380750487,0.0074582790884865574,0.0031899517619652833,0.008323017859643305,-0.44141241570563183,0.01268406936000733,4.5291138617287174e-09,2.0201541549338518,2.0093276092883636
0.10,e0p10_aspect_H9.91667_L39.625,50,0.050932261435567804,0.00031559321174811684,1.6152223308888989,0.9999999998537161,0.10311112500724409,0.10441733987842287,9.247227969651795e-05,0.012509558974588494,0.0031494958039167287,0.014252964380146059,0.0032581842543535256,0.014674670881392583,-0.40031765446081785,0.012689226402184174,3.431737560788406e-09,2.05012180757999,2.009281102899698
0.10,e0p10_aspect_H7_L56.0417,50,0.025406929583560892,0.0001650660565773398,1.1385527392014394,0.9999999998646981,0.05133297638593075,0.05187838436942137,4.918000202136575e-05,0.01051320294801045,0.0033200086512951603,0.00691268102076777,0.003270028882808226,0.007124357843702779,0.806752881129344,0.01268565857761928,8.55274628897007e-10,2.0418990102207535,2.0093132624966223
0.39,epi8_H_H5_L10,25,2.040619736833348,0.012515080353859828,8.211735733656013,0.9999999995829308,4.737923888334433,4.772301578480182,0.005708035617249141,0.00720358711209043,0.002882324729429224,0.005901660084970288,0.0031489495563272922,0.0226839542550125,0.3321665765740996,0.015357293073001054,9.238309595094307e-08,2.3386530534522234,2.1876045894934015
0.39,epi8_H_H10_L10,50,3.9166350120106856,0.032720706342588134,15.93669025885752,0.999999999618887,8.996196942081857,9.006886368512363,0.011494313062236512,0.0011868059608119298,0.0038504855749617976,0.0021497114136817238,0.003270211061316873,0.03407258645783977,-0.20407455135961153,0.007678646536500527,1.9406109463826482e-07,2.299649148029367,2.1876045894934015
0.39,epi8_H_H20_L10,100,7.705841821977069,0.05434667779512747,31.336146106798203,0.999999999674348,17.52538235344086,17.503565387122084,0.020398710142113093,-0.0012464298465059407,0.003316401361157228,-0.003517717991940805,0.0034668404932934648,0.058162770830286786,0.5040941745602388,0.0038393232682502635,4.131126017936637e-07,2.2714669975708426,2.1876045894934015
0.39,epi8_H_H40_L10,200,15.212527003258334,0.11677755307724527,62.179033681312106,0.9999999998378432,34.543688154101744,34.56198771275896,0.04657631317590273,0.0005294706661348502,0.003637617944937721,-0.0009794408969890924,0.0037919165357225997,0.1146358015891954,0.3081417071942134,0.0019196616341251318,7.170133150546931e-07,2.2719425711031582,2.1876045894934015
0.39,epi8_L_H10_L5,25,9.145699008750915,0.06814674637341961,17.56931692507588,0.9999999992600193,21.492934906437945,21.654515634015286,0.051033045937991905,0.007461756721241436,0.0039316163147408364,0.015724990647916,0.003614885069877367,0.08583323911305034,-1.9799918850826648,0.015357293073001054,4.684234620189187e-07,2.3677266891568935,2.1876045894934015
0.39,epi8_L_H10_L20,100,1.837179741582684,0.014649184351879958,15.13859622326515,0.9999999998005739,4.128950698150302,4.127294771691962,0.00395722755987843,-0.000401213518767148,0.003676563865576202,0.0070654844554776785,0.0034183355284531356,0.02197654316106506,-1.5447529067969368,0.0038393232682502635,9.836647518746133e-08,2.246538364360801,2.1876045894934015
0.39,epi8_aspect_H7.08333_L14.125,50,1.9179569393133091,0.01503626095676597,11.095795495579253,0.9999999997279942,4.380290493577415,4.386889299601304,0.004730340400227313,0.001504210745524983,0.0035931567659951862,-0.0030470610451016995,0.003353005817366158,0.01282221686234229,0.9741498431173127,0.007681405990609678,8.2006381019184e-08,2.2872720495862398,2.187363123922311
0.39,epi8_aspect_H5_L20,50,0.9656741078761923,0.006006226274443749,7.846408071450707,0.9999999998421935,2.196996500545039,2.2025773216778313,0.001810476773349287,0.00253376854372626,0.002848101372424077,0.009276383570836422,0.0032962315381951626,0.017086633101885584,-1.6060439194831129,0.007678646536500527,4.931986086198492e-08,2.280870227039597,2.1876045894934015
0.39,epi8_aspect_H3.54167_L28.2917,50,0.46169474198396365,0.003851272035965322,5.542773074158255,0.999999999792007,1.0761414091440393,1.0756384896448672,0.0009004496656494587,-0.00046755439119530067,0.0036770129415609736,0.0050114336992093805,0.0032313137773592395,0.008813597735840095,-1.1535289934079405,0.007689215164338783,2.5481771914748208e-08,2.329761185979086,2.186681440845634
