t_sigma,phase,block,dt_sigma,N_0,KE_0,pair_events_0,Z_0,N_1,KE_1,pair_events_1,Z_1,pair_events,Z_global,Z_KE_weighted_mean,weighted_minus_global
50.000001,hold,0,50.0000007,200,200,119953,11.6263319302,200,200,120284,11.6811714527,240237,11.6537516915,11.6537516915,-3.553e-14
100.000001,hold,1,50.0000007,200,200,114741,11.1534742698,200,200,115795,11.2767573252,230536,11.2151157975,11.2151157975,6.644e-13
150.000002,hold,2,50.0000007,200,200,115953,11.2478324895,200,200,117137,11.3413246501,233090,11.2945785698,11.2945785698,8.669e-13
200.000003,hold,3,50.0000007,200,200,114757,11.1741105297,200,200,114518,11.1732449032,229275,11.1736777165,11.1736777165,2.380e-13
250.000004,hold,4,50.0000007,200,200,114838,11.2039747257,200,200,114891,11.1521575041,229729,11.1780661149,11.1780661149,-4.157e-13
300.000004,hold,5,50.0000007,200,200,116783,11.3360585967,200,200,114913,11.1957510974,231696,11.265904847,11.265904847,-7.745e-13
350.000005,hold,6,50.0000007,200,200,117842,11.4228857348,200,200,112398,10.9669848605,230240,11.1949352977,11.1949352977,9.877e-13
400.000006,hold,7,50.0000007,200,200,114271,11.114905731,200,200,112267,10.9817867721,226538,11.0483462516,11.0483462516,-1.705e-13
450.000007,hold,8,50.0000007,200,200,116945,11.3412198669,200,200,114515,11.1570101014,231460,11.2491149841,11.2491149841,-3.171e-12
500.000007,hold,9,50.0000007,200,200,115745,11.2528065059,200,200,116536,11.3125615278,232281,11.2826840169,11.2826840168,-2.704e-12
550.000008,hold,10,50.0000007,200,200,116425,11.3147293036,200,200,117555,11.370715358,233980,11.3427223308,11.3427223308,-4.160e-12
600.000009,hold,11,50.0000007,200,200,116118,11.3197622166,200,200,113949,11.0954640131,230067,11.2076131149,11.2076131149,4.363e-12
650.000010,hold,12,50.0000007,200,200,116964,11.3627423028,200,200,114788,11.1440619221,231752,11.2534021125,11.2534021125,3.405e-12
700.000010,hold,13,50.0000007,200,200,115835,11.2728884201,200,200,115930,11.2131012032,231765,11.2429948116,11.2429948116,-1.181e-12
750.000011,hold,14,50.0000007,200,200,115530,11.2162199769,200,200,113918,11.0875072624,229448,11.1518636196,11.1518636196,-2.593e-13
800.000012,hold,15,50.0000007,200,200,115712,11.270166845,200,200,113654,11.0601218585,229366,11.1651443517,11.1651443517,3.638e-12
850.000013,hold,16,50.0000007,200,200,115912,11.2372308129,200,200,116090,11.2796960049,232002,11.2584634089,11.2584634089,1.145e-11
900.000013,hold,17,50.0000007,200,200,116988,11.3456913138,200,200,114549,11.1166640024,231537,11.2311776581,11.2311776581,3.672e-12
950.000014,hold,18,50.0000007,200,200,114936,11.2265869836,200,200,113085,11.0177236429,228021,11.1221553133,11.1221553133,5.667e-12
1000.000015,hold,19,50.0000007,200,200,116502,11.3343956955,200,200,114390,11.1626724923,230892,11.2485340939,11.2485340939,-6.915e-12
1050.000016,hold,20,50.0000007,200,200,116017,11.2858445934,200,200,115064,11.2012063113,231081,11.2435254524,11.2435254524,1.376e-11
1100.000016,hold,21,50.0000007,200,200,114722,11.1776008811,200,200,115953,11.2704010158,230675,11.2240009484,11.2240009484,2.593e-12
1150.000017,hold,22,50.0000007,200,200,116398,11.3171582693,200,200,113854,11.0717100713,230252,11.1944341703,11.1944341703,-1.199e-12
1200.000018,hold,23,50.0000007,200,200,114832,11.1940537863,200,200,115122,11.2031126684,229954,11.1985832274,11.1985832274,-3.181e-12
1250.000019,hold,24,50.0000007,200,200,117092,11.3590597256,200,200,116822,11.3514017232,233914,11.3552307244,11.3552307244,5.951e-13
1300.000019,hold,25,50.0000007,200,200,115246,11.211438304,200,200,113573,11.06858022,228819,11.140009262,11.140009262,5.876e-12
1350.000020,hold,26,50.0000007,200,200,118093,11.448489307,200,200,116861,11.319051689,234954,11.383770498,11.383770498,4.139e-13
1400.000021,hold,27,50.0000007,200,200,116447,11.3294525675,200,200,116420,11.2904967308,232867,11.3099746492,11.3099746492,-5.015e-12
1450.000022,hold,28,50.0000007,200,200,116234,11.299835539,200,200,115463,11.2476943184,231697,11.2737649287,11.2737649287,-2.268e-12
1500.000022,hold,29,50.0000007,200,200,114991,11.16933235,200,200,118624,11.4972757939,233615,11.333304072,11.333304072,4.174e-12
1550.000023,hold,30,50.0000007,200,200,114931,11.1586808402,200,200,117027,11.343197045,231958,11.2509389426,11.2509389426,-7.452e-12
1600.000024,hold,31,50.0000007,200,200,117670,11.4509878514,200,200,118148,11.4376244666,235818,11.444306159,11.444306159,8.297e-12
1650.000025,hold,32,50.0000007,200,200,115268,11.2287110296,200,200,118187,11.4862811878,233455,11.3574961087,11.3574961087,-8.223e-12
1700.000025,hold,33,50.0000007,200,200,115160,11.2133188517,200,200,114726,11.1479843018,229886,11.1806515768,11.1806515768,-3.244e-12
1750.000026,hold,34,50.0000007,200,200,114100,11.1319689548,200,200,114976,11.1566034729,229076,11.1442862139,11.1442862139,-8.296e-13
1800.000027,hold,35,50.0000007,200,200,116822,11.3397995589,200,200,117131,11.3839373272,233953,11.361868443,11.361868443,8.914e-12
1850.000028,hold,36,50.0000007,200,200,115835,11.2579312608,200,200,117314,11.365888502,233149,11.3119098814,11.3119098814,7.331e-12
1900.000028,hold,37,50.0000007,200,200,112477,11.0040514912,200,200,116133,11.2740632249,228610,11.1390573581,11.1390573581,4.500e-12
1950.000029,hold,38,50.0000007,200,200,117299,11.3756055406,200,200,116086,11.2989905801,233385,11.3372980603,11.3372980603,-8.782e-12
2000.000030,hold,39,50.0000007,200,200,118169,11.4836632358,200,200,114918,11.1937582416,233087,11.3387107387,11.3387107387,8.981e-12
2050.000031,record,40,50.0000007,200,182.646775678,114011,11.9561634089,200,217.228683109,116714,10.5430403833,230725,11.1884972589,11.1884972589,-4.786e-12
2100.000031,record,41,50.0000007,200,204.541367307,110151,10.5206969621,200,195.342392879,120980,11.9692773546,231131,11.228325499,11.228325499,-4.071e-12
